[debug] [2026-07-07T23:37:50.520Z] [Firebase Plugin] Activating Firebase extension.
[debug] [2026-07-07T23:38:00.838Z] [Firebase Plugin] requireAuthWrapper
[debug] [2026-07-07T23:38:00.839Z] > command requires scopes: ["email","openid","https://www.googleapis.com/auth/cloudplatformprojects.readonly","https://www.googleapis.com/auth/firebase","https://www.googleapis.com/auth/cloud-platform"]
[debug] [2026-07-07T23:38:00.839Z] > authorizing via signed-in user (vishstudio.ltd@gmail.com)
[debug] [2026-07-07T23:38:00.841Z] Checked if tokens are valid: false, expires at: 1782272381330
[debug] [2026-07-07T23:38:00.841Z] Checked if tokens are valid: false, expires at: 1782272381330
[debug] [2026-07-07T23:38:00.841Z] > refreshing access token with scopes: []
[debug] [2026-07-07T23:38:00.841Z] >>> [apiv2][query] POST https://www.googleapis.com/oauth2/v3/token [none]
[debug] [2026-07-07T23:38:00.841Z] >>> [apiv2][body] POST https://www.googleapis.com/oauth2/v3/token [omitted]
[info] [Firebase Plugin] Starting SQL Connect toolkit (version 3.4.11) on port 50001
[debug] [2026-07-07T23:38:01.144Z] 'fdc build' failed with error: Unable to build your SQL Connect schema and connectors (exit code 1): E0708 03:38:01.143086    2597 cmd.go:43] Error loading data connect config: could not find dataconnect.yaml in `/Users/vishseen/Developer/projects/nxt-vish-studio-v1/dataconnect`
 {"metadata":{"emulator":{"name":"dataconnect"},"message":"'fdc build' failed with error: Unable to build your SQL Connect schema and connectors (exit code 1): E0708 03:38:01.143086    2597 cmd.go:43] Error loading data connect config: could not find dataconnect.yaml in `/Users/vishseen/Developer/projects/nxt-vish-studio-v1/dataconnect`\n"}}
[debug] [2026-07-07T23:38:01.145Z] Ignoring unsupported arg: auto_download {"metadata":{"emulator":{"name":"dataconnect"},"message":"Ignoring unsupported arg: auto_download"}}
[debug] [2026-07-07T23:38:01.145Z] Ignoring unsupported arg: port {"metadata":{"emulator":{"name":"dataconnect"},"message":"Ignoring unsupported arg: port"}}
[debug] [2026-07-07T23:38:01.145Z] Starting SQL Connect Emulator with command {"binary":"/Users/vishseen/.cache/firebase/emulators/dataconnect-emulator-3.4.11","args":["--logtostderr","-v=2","dev","--listen=localhost:50001","--config_dir=/Users/vishseen/Developer/projects/nxt-vish-studio-v1/dataconnect","--enable_output_schema_extensions=true","--enable_output_generated_sdk=true"],"optionalArgs":["listen","config_dir","enable_output_schema_extensions","enable_output_generated_sdk"],"joinArgs":true,"shell":false,"port":9399} {"metadata":{"emulator":{"name":"dataconnect"},"message":"Starting SQL Connect Emulator with command {\"binary\":\"/Users/vishseen/.cache/firebase/emulators/dataconnect-emulator-3.4.11\",\"args\":[\"--logtostderr\",\"-v=2\",\"dev\",\"--listen=localhost:50001\",\"--config_dir=/Users/vishseen/Developer/projects/nxt-vish-studio-v1/dataconnect\",\"--enable_output_schema_extensions=true\",\"--enable_output_generated_sdk=true\"],\"optionalArgs\":[\"listen\",\"config_dir\",\"enable_output_schema_extensions\",\"enable_output_generated_sdk\"],\"joinArgs\":true,\"shell\":false,\"port\":9399}"}}
[info] i  dataconnect: SQL Connect Emulator logging to dataconnect-debug.log {"metadata":{"emulator":{"name":"dataconnect"},"message":"SQL Connect Emulator logging to dataconnect-debug.log"}}
[debug] [2026-07-07T23:38:01.166Z] E0708 03:38:01.163914    2600 dev.go:83] Failed to load initial config from "/Users/vishseen/Developer/projects/nxt-vish-studio-v1/dataconnect": could not find dataconnect.yaml in `/Users/vishseen/Developer/projects/nxt-vish-studio-v1/dataconnect`
 {"metadata":{"emulator":{"name":"dataconnect"},"message":"E0708 03:38:01.163914    2600 dev.go:83] Failed to load initial config from \"/Users/vishseen/Developer/projects/nxt-vish-studio-v1/dataconnect\": could not find dataconnect.yaml in `/Users/vishseen/Developer/projects/nxt-vish-studio-v1/dataconnect`\n"}}
[debug] [2026-07-07T23:38:01.168Z] E0708 03:38:01.168177    2600 watch.go:116] watchAllDir unable to walk dir `/Users/vishseen/Developer/projects/nxt-vish-studio-v1/dataconnect`: lstat /Users/vishseen/Developer/projects/nxt-vish-studio-v1/dataconnect: no such file or directory
 {"metadata":{"emulator":{"name":"dataconnect"},"message":"E0708 03:38:01.168177    2600 watch.go:116] watchAllDir unable to walk dir `/Users/vishseen/Developer/projects/nxt-vish-studio-v1/dataconnect`: lstat /Users/vishseen/Developer/projects/nxt-vish-studio-v1/dataconnect: no such file or directory\n"}}
[debug] [2026-07-07T23:38:01.169Z] I0708 03:38:01.169407    2600 dev.go:104] Listening on address (HTTP + gRPC): 127.0.0.1:50001
 {"metadata":{"emulator":{"name":"dataconnect"},"message":"I0708 03:38:01.169407    2600 dev.go:104] Listening on address (HTTP + gRPC): 127.0.0.1:50001\n"}}
[error] [Firebase Plugin] error:  {}
[debug] [2026-07-07T23:38:01.878Z] <<< [apiv2][status] POST https://www.googleapis.com/oauth2/v3/token 200
[debug] [2026-07-07T23:38:01.879Z] <<< [apiv2][body] POST https://www.googleapis.com/oauth2/v3/token [omitted]
[debug] [2026-07-07T23:38:01.896Z] [Firebase Plugin] User found:  vishstudio.ltd@gmail.com
[info] [Firebase Plugin] (Core:Project) New user detected, fetching projects
[debug] [2026-07-07T23:38:01.896Z] Checked if tokens are valid: true, expires at: 1783471080879
[debug] [2026-07-07T23:38:01.897Z] >>> [apiv2][query] GET https://firebase.googleapis.com/v1beta1/projects pageSize=1000
[debug] [2026-07-07T23:38:03.194Z] <<< [apiv2][status] GET https://firebase.googleapis.com/v1beta1/projects 200
[debug] [2026-07-07T23:38:03.195Z] <<< [apiv2][body] GET https://firebase.googleapis.com/v1beta1/projects [omitted]
[debug] [2026-07-07T23:38:11.170Z] E0708 03:38:11.170376    2600 watch.go:40] Failed to load config from "/Users/vishseen/Developer/projects/nxt-vish-studio-v1/dataconnect": could not find dataconnect.yaml in `/Users/vishseen/Developer/projects/nxt-vish-studio-v1/dataconnect`
 {"metadata":{"emulator":{"name":"dataconnect"},"message":"E0708 03:38:11.170376    2600 watch.go:40] Failed to load config from \"/Users/vishseen/Developer/projects/nxt-vish-studio-v1/dataconnect\": could not find dataconnect.yaml in `/Users/vishseen/Developer/projects/nxt-vish-studio-v1/dataconnect`\n"}}
[debug] [2026-07-07T23:38:21.170Z] E0708 03:38:21.169517    2600 watch.go:40] Failed to load config from "/Users/vishseen/Developer/projects/nxt-vish-studio-v1/dataconnect": could not find dataconnect.yaml in `/Users/vishseen/Developer/projects/nxt-vish-studio-v1/dataconnect`
 {"metadata":{"emulator":{"name":"dataconnect"},"message":"E0708 03:38:21.169517    2600 watch.go:40] Failed to load config from \"/Users/vishseen/Developer/projects/nxt-vish-studio-v1/dataconnect\": could not find dataconnect.yaml in `/Users/vishseen/Developer/projects/nxt-vish-studio-v1/dataconnect`\n"}}
[debug] [2026-07-07T23:38:31.169Z] E0708 03:38:31.169221    2600 watch.go:40] Failed to load config from "/Users/vishseen/Developer/projects/nxt-vish-studio-v1/dataconnect": could not find dataconnect.yaml in `/Users/vishseen/Developer/projects/nxt-vish-studio-v1/dataconnect`
 {"metadata":{"emulator":{"name":"dataconnect"},"message":"E0708 03:38:31.169221    2600 watch.go:40] Failed to load config from \"/Users/vishseen/Developer/projects/nxt-vish-studio-v1/dataconnect\": could not find dataconnect.yaml in `/Users/vishseen/Developer/projects/nxt-vish-studio-v1/dataconnect`\n"}}
[debug] [2026-07-07T23:38:41.169Z] E0708 03:38:41.169674    2600 watch.go:40] Failed to load config from "/Users/vishseen/Developer/projects/nxt-vish-studio-v1/dataconnect": could not find dataconnect.yaml in `/Users/vishseen/Developer/projects/nxt-vish-studio-v1/dataconnect`
 {"metadata":{"emulator":{"name":"dataconnect"},"message":"E0708 03:38:41.169674    2600 watch.go:40] Failed to load config from \"/Users/vishseen/Developer/projects/nxt-vish-studio-v1/dataconnect\": could not find dataconnect.yaml in `/Users/vishseen/Developer/projects/nxt-vish-studio-v1/dataconnect`\n"}}
[debug] [2026-07-07T23:38:51.169Z] E0708 03:38:51.169513    2600 watch.go:40] Failed to load config from "/Users/vishseen/Developer/projects/nxt-vish-studio-v1/dataconnect": could not find dataconnect.yaml in `/Users/vishseen/Developer/projects/nxt-vish-studio-v1/dataconnect`
 {"metadata":{"emulator":{"name":"dataconnect"},"message":"E0708 03:38:51.169513    2600 watch.go:40] Failed to load config from \"/Users/vishseen/Developer/projects/nxt-vish-studio-v1/dataconnect\": could not find dataconnect.yaml in `/Users/vishseen/Developer/projects/nxt-vish-studio-v1/dataconnect`\n"}}
[debug] [2026-07-07T23:39:01.169Z] E0708 03:39:01.169363    2600 watch.go:116] watchAllDir unable to walk dir `/Users/vishseen/Developer/projects/nxt-vish-studio-v1/dataconnect`: lstat /Users/vishseen/Developer/projects/nxt-vish-studio-v1/dataconnect: no such file or directory
E0708 03:39:01.169449    2600 watch.go:40] Failed to load config from "/Users/vishseen/Developer/projects/nxt-vish-studio-v1/dataconnect": could not find dataconnect.yaml in `/Users/vishseen/Developer/projects/nxt-vish-studio-v1/dataconnect`
 {"metadata":{"emulator":{"name":"dataconnect"},"message":"E0708 03:39:01.169363    2600 watch.go:116] watchAllDir unable to walk dir `/Users/vishseen/Developer/projects/nxt-vish-studio-v1/dataconnect`: lstat /Users/vishseen/Developer/projects/nxt-vish-studio-v1/dataconnect: no such file or directory\nE0708 03:39:01.169449    2600 watch.go:40] Failed to load config from \"/Users/vishseen/Developer/projects/nxt-vish-studio-v1/dataconnect\": could not find dataconnect.yaml in `/Users/vishseen/Developer/projects/nxt-vish-studio-v1/dataconnect`\n"}}
[debug] [2026-07-07T23:39:11.169Z] E0708 03:39:11.169644    2600 watch.go:40] Failed to load config from "/Users/vishseen/Developer/projects/nxt-vish-studio-v1/dataconnect": could not find dataconnect.yaml in `/Users/vishseen/Developer/projects/nxt-vish-studio-v1/dataconnect`
 {"metadata":{"emulator":{"name":"dataconnect"},"message":"E0708 03:39:11.169644    2600 watch.go:40] Failed to load config from \"/Users/vishseen/Developer/projects/nxt-vish-studio-v1/dataconnect\": could not find dataconnect.yaml in `/Users/vishseen/Developer/projects/nxt-vish-studio-v1/dataconnect`\n"}}
[debug] [2026-07-07T23:39:21.169Z] E0708 03:39:21.169654    2600 watch.go:40] Failed to load config from "/Users/vishseen/Developer/projects/nxt-vish-studio-v1/dataconnect": could not find dataconnect.yaml in `/Users/vishseen/Developer/projects/nxt-vish-studio-v1/dataconnect`
 {"metadata":{"emulator":{"name":"dataconnect"},"message":"E0708 03:39:21.169654    2600 watch.go:40] Failed to load config from \"/Users/vishseen/Developer/projects/nxt-vish-studio-v1/dataconnect\": could not find dataconnect.yaml in `/Users/vishseen/Developer/projects/nxt-vish-studio-v1/dataconnect`\n"}}
[debug] [2026-07-07T23:39:31.169Z] E0708 03:39:31.169709    2600 watch.go:40] Failed to load config from "/Users/vishseen/Developer/projects/nxt-vish-studio-v1/dataconnect": could not find dataconnect.yaml in `/Users/vishseen/Developer/projects/nxt-vish-studio-v1/dataconnect`
 {"metadata":{"emulator":{"name":"dataconnect"},"message":"E0708 03:39:31.169709    2600 watch.go:40] Failed to load config from \"/Users/vishseen/Developer/projects/nxt-vish-studio-v1/dataconnect\": could not find dataconnect.yaml in `/Users/vishseen/Developer/projects/nxt-vish-studio-v1/dataconnect`\n"}}
[debug] [2026-07-07T23:39:41.169Z] E0708 03:39:41.169747    2600 watch.go:40] Failed to load config from "/Users/vishseen/Developer/projects/nxt-vish-studio-v1/dataconnect": could not find dataconnect.yaml in `/Users/vishseen/Developer/projects/nxt-vish-studio-v1/dataconnect`
 {"metadata":{"emulator":{"name":"dataconnect"},"message":"E0708 03:39:41.169747    2600 watch.go:40] Failed to load config from \"/Users/vishseen/Developer/projects/nxt-vish-studio-v1/dataconnect\": could not find dataconnect.yaml in `/Users/vishseen/Developer/projects/nxt-vish-studio-v1/dataconnect`\n"}}
[debug] [2026-07-07T23:39:51.169Z] E0708 03:39:51.169768    2600 watch.go:40] Failed to load config from "/Users/vishseen/Developer/projects/nxt-vish-studio-v1/dataconnect": could not find dataconnect.yaml in `/Users/vishseen/Developer/projects/nxt-vish-studio-v1/dataconnect`
 {"metadata":{"emulator":{"name":"dataconnect"},"message":"E0708 03:39:51.169768    2600 watch.go:40] Failed to load config from \"/Users/vishseen/Developer/projects/nxt-vish-studio-v1/dataconnect\": could not find dataconnect.yaml in `/Users/vishseen/Developer/projects/nxt-vish-studio-v1/dataconnect`\n"}}
[debug] [2026-07-07T23:40:01.170Z] E0708 03:40:01.169920    2600 watch.go:40] Failed to load config from "/Users/vishseen/Developer/projects/nxt-vish-studio-v1/dataconnect": could not find dataconnect.yaml in `/Users/vishseen/Developer/projects/nxt-vish-studio-v1/dataconnect`
E0708 03:40:01.169896    2600 watch.go:116] watchAllDir unable to walk dir `/Users/vishseen/Developer/projects/nxt-vish-studio-v1/dataconnect`: lstat /Users/vishseen/Developer/projects/nxt-vish-studio-v1/dataconnect: no such file or directory
 {"metadata":{"emulator":{"name":"dataconnect"},"message":"E0708 03:40:01.169920    2600 watch.go:40] Failed to load config from \"/Users/vishseen/Developer/projects/nxt-vish-studio-v1/dataconnect\": could not find dataconnect.yaml in `/Users/vishseen/Developer/projects/nxt-vish-studio-v1/dataconnect`\nE0708 03:40:01.169896    2600 watch.go:116] watchAllDir unable to walk dir `/Users/vishseen/Developer/projects/nxt-vish-studio-v1/dataconnect`: lstat /Users/vishseen/Developer/projects/nxt-vish-studio-v1/dataconnect: no such file or directory\n"}}
[debug] [2026-07-07T23:40:11.171Z] E0708 03:40:11.170918    2600 watch.go:40] Failed to load config from "/Users/vishseen/Developer/projects/nxt-vish-studio-v1/dataconnect": could not find dataconnect.yaml in `/Users/vishseen/Developer/projects/nxt-vish-studio-v1/dataconnect`
 {"metadata":{"emulator":{"name":"dataconnect"},"message":"E0708 03:40:11.170918    2600 watch.go:40] Failed to load config from \"/Users/vishseen/Developer/projects/nxt-vish-studio-v1/dataconnect\": could not find dataconnect.yaml in `/Users/vishseen/Developer/projects/nxt-vish-studio-v1/dataconnect`\n"}}
[debug] [2026-07-07T23:40:21.170Z] E0708 03:40:21.169979    2600 watch.go:40] Failed to load config from "/Users/vishseen/Developer/projects/nxt-vish-studio-v1/dataconnect": could not find dataconnect.yaml in `/Users/vishseen/Developer/projects/nxt-vish-studio-v1/dataconnect`
 {"metadata":{"emulator":{"name":"dataconnect"},"message":"E0708 03:40:21.169979    2600 watch.go:40] Failed to load config from \"/Users/vishseen/Developer/projects/nxt-vish-studio-v1/dataconnect\": could not find dataconnect.yaml in `/Users/vishseen/Developer/projects/nxt-vish-studio-v1/dataconnect`\n"}}
[debug] [2026-07-07T23:40:31.170Z] E0708 03:40:31.170056    2600 watch.go:40] Failed to load config from "/Users/vishseen/Developer/projects/nxt-vish-studio-v1/dataconnect": could not find dataconnect.yaml in `/Users/vishseen/Developer/projects/nxt-vish-studio-v1/dataconnect`
 {"metadata":{"emulator":{"name":"dataconnect"},"message":"E0708 03:40:31.170056    2600 watch.go:40] Failed to load config from \"/Users/vishseen/Developer/projects/nxt-vish-studio-v1/dataconnect\": could not find dataconnect.yaml in `/Users/vishseen/Developer/projects/nxt-vish-studio-v1/dataconnect`\n"}}
[debug] [2026-07-07T23:40:41.169Z] E0708 03:40:41.169279    2600 watch.go:40] Failed to load config from "/Users/vishseen/Developer/projects/nxt-vish-studio-v1/dataconnect": could not find dataconnect.yaml in `/Users/vishseen/Developer/projects/nxt-vish-studio-v1/dataconnect`
 {"metadata":{"emulator":{"name":"dataconnect"},"message":"E0708 03:40:41.169279    2600 watch.go:40] Failed to load config from \"/Users/vishseen/Developer/projects/nxt-vish-studio-v1/dataconnect\": could not find dataconnect.yaml in `/Users/vishseen/Developer/projects/nxt-vish-studio-v1/dataconnect`\n"}}
[debug] [2026-07-07T23:40:51.170Z] E0708 03:40:51.170033    2600 watch.go:40] Failed to load config from "/Users/vishseen/Developer/projects/nxt-vish-studio-v1/dataconnect": could not find dataconnect.yaml in `/Users/vishseen/Developer/projects/nxt-vish-studio-v1/dataconnect`
 {"metadata":{"emulator":{"name":"dataconnect"},"message":"E0708 03:40:51.170033    2600 watch.go:40] Failed to load config from \"/Users/vishseen/Developer/projects/nxt-vish-studio-v1/dataconnect\": could not find dataconnect.yaml in `/Users/vishseen/Developer/projects/nxt-vish-studio-v1/dataconnect`\n"}}
[debug] [2026-07-07T23:41:01.169Z] E0708 03:41:01.169809    2600 watch.go:116] watchAllDir unable to walk dir `/Users/vishseen/Developer/projects/nxt-vish-studio-v1/dataconnect`: lstat /Users/vishseen/Developer/projects/nxt-vish-studio-v1/dataconnect: no such file or directory
E0708 03:41:01.169853    2600 watch.go:40] Failed to load config from "/Users/vishseen/Developer/projects/nxt-vish-studio-v1/dataconnect": could not find dataconnect.yaml in `/Users/vishseen/Developer/projects/nxt-vish-studio-v1/dataconnect`
 {"metadata":{"emulator":{"name":"dataconnect"},"message":"E0708 03:41:01.169809    2600 watch.go:116] watchAllDir unable to walk dir `/Users/vishseen/Developer/projects/nxt-vish-studio-v1/dataconnect`: lstat /Users/vishseen/Developer/projects/nxt-vish-studio-v1/dataconnect: no such file or directory\nE0708 03:41:01.169853    2600 watch.go:40] Failed to load config from \"/Users/vishseen/Developer/projects/nxt-vish-studio-v1/dataconnect\": could not find dataconnect.yaml in `/Users/vishseen/Developer/projects/nxt-vish-studio-v1/dataconnect`\n"}}
[debug] [2026-07-07T23:41:11.169Z] E0708 03:41:11.169408    2600 watch.go:40] Failed to load config from "/Users/vishseen/Developer/projects/nxt-vish-studio-v1/dataconnect": could not find dataconnect.yaml in `/Users/vishseen/Developer/projects/nxt-vish-studio-v1/dataconnect`
 {"metadata":{"emulator":{"name":"dataconnect"},"message":"E0708 03:41:11.169408    2600 watch.go:40] Failed to load config from \"/Users/vishseen/Developer/projects/nxt-vish-studio-v1/dataconnect\": could not find dataconnect.yaml in `/Users/vishseen/Developer/projects/nxt-vish-studio-v1/dataconnect`\n"}}
[debug] [2026-07-07T23:41:21.170Z] E0708 03:41:21.170199    2600 watch.go:40] Failed to load config from "/Users/vishseen/Developer/projects/nxt-vish-studio-v1/dataconnect": could not find dataconnect.yaml in `/Users/vishseen/Developer/projects/nxt-vish-studio-v1/dataconnect`
 {"metadata":{"emulator":{"name":"dataconnect"},"message":"E0708 03:41:21.170199    2600 watch.go:40] Failed to load config from \"/Users/vishseen/Developer/projects/nxt-vish-studio-v1/dataconnect\": could not find dataconnect.yaml in `/Users/vishseen/Developer/projects/nxt-vish-studio-v1/dataconnect`\n"}}
[debug] [2026-07-07T23:41:31.170Z] E0708 03:41:31.170224    2600 watch.go:40] Failed to load config from "/Users/vishseen/Developer/projects/nxt-vish-studio-v1/dataconnect": could not find dataconnect.yaml in `/Users/vishseen/Developer/projects/nxt-vish-studio-v1/dataconnect`
 {"metadata":{"emulator":{"name":"dataconnect"},"message":"E0708 03:41:31.170224    2600 watch.go:40] Failed to load config from \"/Users/vishseen/Developer/projects/nxt-vish-studio-v1/dataconnect\": could not find dataconnect.yaml in `/Users/vishseen/Developer/projects/nxt-vish-studio-v1/dataconnect`\n"}}
[debug] [2026-07-07T23:41:41.170Z] E0708 03:41:41.170265    2600 watch.go:40] Failed to load config from "/Users/vishseen/Developer/projects/nxt-vish-studio-v1/dataconnect": could not find dataconnect.yaml in `/Users/vishseen/Developer/projects/nxt-vish-studio-v1/dataconnect`
 {"metadata":{"emulator":{"name":"dataconnect"},"message":"E0708 03:41:41.170265    2600 watch.go:40] Failed to load config from \"/Users/vishseen/Developer/projects/nxt-vish-studio-v1/dataconnect\": could not find dataconnect.yaml in `/Users/vishseen/Developer/projects/nxt-vish-studio-v1/dataconnect`\n"}}
[debug] [2026-07-07T23:41:51.170Z] E0708 03:41:51.170374    2600 watch.go:40] Failed to load config from "/Users/vishseen/Developer/projects/nxt-vish-studio-v1/dataconnect": could not find dataconnect.yaml in `/Users/vishseen/Developer/projects/nxt-vish-studio-v1/dataconnect`
 {"metadata":{"emulator":{"name":"dataconnect"},"message":"E0708 03:41:51.170374    2600 watch.go:40] Failed to load config from \"/Users/vishseen/Developer/projects/nxt-vish-studio-v1/dataconnect\": could not find dataconnect.yaml in `/Users/vishseen/Developer/projects/nxt-vish-studio-v1/dataconnect`\n"}}
[debug] [2026-07-07T23:42:01.170Z] E0708 03:42:01.170316    2600 watch.go:40] Failed to load config from "/Users/vishseen/Developer/projects/nxt-vish-studio-v1/dataconnect": could not find dataconnect.yaml in `/Users/vishseen/Developer/projects/nxt-vish-studio-v1/dataconnect`
E0708 03:42:01.170301    2600 watch.go:116] watchAllDir unable to walk dir `/Users/vishseen/Developer/projects/nxt-vish-studio-v1/dataconnect`: lstat /Users/vishseen/Developer/projects/nxt-vish-studio-v1/dataconnect: no such file or directory
 {"metadata":{"emulator":{"name":"dataconnect"},"message":"E0708 03:42:01.170316    2600 watch.go:40] Failed to load config from \"/Users/vishseen/Developer/projects/nxt-vish-studio-v1/dataconnect\": could not find dataconnect.yaml in `/Users/vishseen/Developer/projects/nxt-vish-studio-v1/dataconnect`\nE0708 03:42:01.170301    2600 watch.go:116] watchAllDir unable to walk dir `/Users/vishseen/Developer/projects/nxt-vish-studio-v1/dataconnect`: lstat /Users/vishseen/Developer/projects/nxt-vish-studio-v1/dataconnect: no such file or directory\n"}}
[debug] [2026-07-07T23:42:11.170Z] E0708 03:42:11.170460    2600 watch.go:40] Failed to load config from "/Users/vishseen/Developer/projects/nxt-vish-studio-v1/dataconnect": could not find dataconnect.yaml in `/Users/vishseen/Developer/projects/nxt-vish-studio-v1/dataconnect`
 {"metadata":{"emulator":{"name":"dataconnect"},"message":"E0708 03:42:11.170460    2600 watch.go:40] Failed to load config from \"/Users/vishseen/Developer/projects/nxt-vish-studio-v1/dataconnect\": could not find dataconnect.yaml in `/Users/vishseen/Developer/projects/nxt-vish-studio-v1/dataconnect`\n"}}
[debug] [2026-07-07T23:42:21.170Z] E0708 03:42:21.170744    2600 watch.go:40] Failed to load config from "/Users/vishseen/Developer/projects/nxt-vish-studio-v1/dataconnect": could not find dataconnect.yaml in `/Users/vishseen/Developer/projects/nxt-vish-studio-v1/dataconnect`
 {"metadata":{"emulator":{"name":"dataconnect"},"message":"E0708 03:42:21.170744    2600 watch.go:40] Failed to load config from \"/Users/vishseen/Developer/projects/nxt-vish-studio-v1/dataconnect\": could not find dataconnect.yaml in `/Users/vishseen/Developer/projects/nxt-vish-studio-v1/dataconnect`\n"}}
[debug] [2026-07-07T23:42:31.170Z] E0708 03:42:31.170478    2600 watch.go:40] Failed to load config from "/Users/vishseen/Developer/projects/nxt-vish-studio-v1/dataconnect": could not find dataconnect.yaml in `/Users/vishseen/Developer/projects/nxt-vish-studio-v1/dataconnect`
 {"metadata":{"emulator":{"name":"dataconnect"},"message":"E0708 03:42:31.170478    2600 watch.go:40] Failed to load config from \"/Users/vishseen/Developer/projects/nxt-vish-studio-v1/dataconnect\": could not find dataconnect.yaml in `/Users/vishseen/Developer/projects/nxt-vish-studio-v1/dataconnect`\n"}}
[debug] [2026-07-07T23:42:41.170Z] E0708 03:42:41.169849    2600 watch.go:40] Failed to load config from "/Users/vishseen/Developer/projects/nxt-vish-studio-v1/dataconnect": could not find dataconnect.yaml in `/Users/vishseen/Developer/projects/nxt-vish-studio-v1/dataconnect`
 {"metadata":{"emulator":{"name":"dataconnect"},"message":"E0708 03:42:41.169849    2600 watch.go:40] Failed to load config from \"/Users/vishseen/Developer/projects/nxt-vish-studio-v1/dataconnect\": could not find dataconnect.yaml in `/Users/vishseen/Developer/projects/nxt-vish-studio-v1/dataconnect`\n"}}
[debug] [2026-07-07T23:42:51.170Z] E0708 03:42:51.170525    2600 watch.go:40] Failed to load config from "/Users/vishseen/Developer/projects/nxt-vish-studio-v1/dataconnect": could not find dataconnect.yaml in `/Users/vishseen/Developer/projects/nxt-vish-studio-v1/dataconnect`
 {"metadata":{"emulator":{"name":"dataconnect"},"message":"E0708 03:42:51.170525    2600 watch.go:40] Failed to load config from \"/Users/vishseen/Developer/projects/nxt-vish-studio-v1/dataconnect\": could not find dataconnect.yaml in `/Users/vishseen/Developer/projects/nxt-vish-studio-v1/dataconnect`\n"}}
[debug] [2026-07-07T23:43:01.171Z] E0708 03:43:01.170663    2600 watch.go:116] watchAllDir unable to walk dir `/Users/vishseen/Developer/projects/nxt-vish-studio-v1/dataconnect`: lstat /Users/vishseen/Developer/projects/nxt-vish-studio-v1/dataconnect: no such file or directory
E0708 03:43:01.170730    2600 watch.go:40] Failed to load config from "/Users/vishseen/Developer/projects/nxt-vish-studio-v1/dataconnect": could not find dataconnect.yaml in `/Users/vishseen/Developer/projects/nxt-vish-studio-v1/dataconnect`
 {"metadata":{"emulator":{"name":"dataconnect"},"message":"E0708 03:43:01.170663    2600 watch.go:116] watchAllDir unable to walk dir `/Users/vishseen/Developer/projects/nxt-vish-studio-v1/dataconnect`: lstat /Users/vishseen/Developer/projects/nxt-vish-studio-v1/dataconnect: no such file or directory\nE0708 03:43:01.170730    2600 watch.go:40] Failed to load config from \"/Users/vishseen/Developer/projects/nxt-vish-studio-v1/dataconnect\": could not find dataconnect.yaml in `/Users/vishseen/Developer/projects/nxt-vish-studio-v1/dataconnect`\n"}}
[debug] [2026-07-07T23:43:11.171Z] E0708 03:43:11.170783    2600 watch.go:40] Failed to load config from "/Users/vishseen/Developer/projects/nxt-vish-studio-v1/dataconnect": could not find dataconnect.yaml in `/Users/vishseen/Developer/projects/nxt-vish-studio-v1/dataconnect`
 {"metadata":{"emulator":{"name":"dataconnect"},"message":"E0708 03:43:11.170783    2600 watch.go:40] Failed to load config from \"/Users/vishseen/Developer/projects/nxt-vish-studio-v1/dataconnect\": could not find dataconnect.yaml in `/Users/vishseen/Developer/projects/nxt-vish-studio-v1/dataconnect`\n"}}
[debug] [2026-07-07T23:43:21.170Z] E0708 03:43:21.170237    2600 watch.go:40] Failed to load config from "/Users/vishseen/Developer/projects/nxt-vish-studio-v1/dataconnect": could not find dataconnect.yaml in `/Users/vishseen/Developer/projects/nxt-vish-studio-v1/dataconnect`
 {"metadata":{"emulator":{"name":"dataconnect"},"message":"E0708 03:43:21.170237    2600 watch.go:40] Failed to load config from \"/Users/vishseen/Developer/projects/nxt-vish-studio-v1/dataconnect\": could not find dataconnect.yaml in `/Users/vishseen/Developer/projects/nxt-vish-studio-v1/dataconnect`\n"}}
[debug] [2026-07-07T23:43:31.171Z] E0708 03:43:31.170877    2600 watch.go:40] Failed to load config from "/Users/vishseen/Developer/projects/nxt-vish-studio-v1/dataconnect": could not find dataconnect.yaml in `/Users/vishseen/Developer/projects/nxt-vish-studio-v1/dataconnect`
 {"metadata":{"emulator":{"name":"dataconnect"},"message":"E0708 03:43:31.170877    2600 watch.go:40] Failed to load config from \"/Users/vishseen/Developer/projects/nxt-vish-studio-v1/dataconnect\": could not find dataconnect.yaml in `/Users/vishseen/Developer/projects/nxt-vish-studio-v1/dataconnect`\n"}}
[debug] [2026-07-07T23:43:41.171Z] E0708 03:43:41.170893    2600 watch.go:40] Failed to load config from "/Users/vishseen/Developer/projects/nxt-vish-studio-v1/dataconnect": could not find dataconnect.yaml in `/Users/vishseen/Developer/projects/nxt-vish-studio-v1/dataconnect`
 {"metadata":{"emulator":{"name":"dataconnect"},"message":"E0708 03:43:41.170893    2600 watch.go:40] Failed to load config from \"/Users/vishseen/Developer/projects/nxt-vish-studio-v1/dataconnect\": could not find dataconnect.yaml in `/Users/vishseen/Developer/projects/nxt-vish-studio-v1/dataconnect`\n"}}
[debug] [2026-07-07T23:43:51.171Z] E0708 03:43:51.171004    2600 watch.go:40] Failed to load config from "/Users/vishseen/Developer/projects/nxt-vish-studio-v1/dataconnect": could not find dataconnect.yaml in `/Users/vishseen/Developer/projects/nxt-vish-studio-v1/dataconnect`
 {"metadata":{"emulator":{"name":"dataconnect"},"message":"E0708 03:43:51.171004    2600 watch.go:40] Failed to load config from \"/Users/vishseen/Developer/projects/nxt-vish-studio-v1/dataconnect\": could not find dataconnect.yaml in `/Users/vishseen/Developer/projects/nxt-vish-studio-v1/dataconnect`\n"}}
[debug] [2026-07-07T23:44:01.171Z] E0708 03:44:01.170984    2600 watch.go:116] watchAllDir unable to walk dir `/Users/vishseen/Developer/projects/nxt-vish-studio-v1/dataconnect`: lstat /Users/vishseen/Developer/projects/nxt-vish-studio-v1/dataconnect: no such file or directory
E0708 03:44:01.171075    2600 watch.go:40] Failed to load config from "/Users/vishseen/Developer/projects/nxt-vish-studio-v1/dataconnect": could not find dataconnect.yaml in `/Users/vishseen/Developer/projects/nxt-vish-studio-v1/dataconnect`
 {"metadata":{"emulator":{"name":"dataconnect"},"message":"E0708 03:44:01.170984    2600 watch.go:116] watchAllDir unable to walk dir `/Users/vishseen/Developer/projects/nxt-vish-studio-v1/dataconnect`: lstat /Users/vishseen/Developer/projects/nxt-vish-studio-v1/dataconnect: no such file or directory\nE0708 03:44:01.171075    2600 watch.go:40] Failed to load config from \"/Users/vishseen/Developer/projects/nxt-vish-studio-v1/dataconnect\": could not find dataconnect.yaml in `/Users/vishseen/Developer/projects/nxt-vish-studio-v1/dataconnect`\n"}}
[debug] [2026-07-07T23:44:11.171Z] E0708 03:44:11.171238    2600 watch.go:40] Failed to load config from "/Users/vishseen/Developer/projects/nxt-vish-studio-v1/dataconnect": could not find dataconnect.yaml in `/Users/vishseen/Developer/projects/nxt-vish-studio-v1/dataconnect`
 {"metadata":{"emulator":{"name":"dataconnect"},"message":"E0708 03:44:11.171238    2600 watch.go:40] Failed to load config from \"/Users/vishseen/Developer/projects/nxt-vish-studio-v1/dataconnect\": could not find dataconnect.yaml in `/Users/vishseen/Developer/projects/nxt-vish-studio-v1/dataconnect`\n"}}
[debug] [2026-07-07T23:44:21.171Z] E0708 03:44:21.171377    2600 watch.go:40] Failed to load config from "/Users/vishseen/Developer/projects/nxt-vish-studio-v1/dataconnect": could not find dataconnect.yaml in `/Users/vishseen/Developer/projects/nxt-vish-studio-v1/dataconnect`
 {"metadata":{"emulator":{"name":"dataconnect"},"message":"E0708 03:44:21.171377    2600 watch.go:40] Failed to load config from \"/Users/vishseen/Developer/projects/nxt-vish-studio-v1/dataconnect\": could not find dataconnect.yaml in `/Users/vishseen/Developer/projects/nxt-vish-studio-v1/dataconnect`\n"}}
[debug] [2026-07-07T23:44:31.170Z] E0708 03:44:31.170578    2600 watch.go:40] Failed to load config from "/Users/vishseen/Developer/projects/nxt-vish-studio-v1/dataconnect": could not find dataconnect.yaml in `/Users/vishseen/Developer/projects/nxt-vish-studio-v1/dataconnect`
 {"metadata":{"emulator":{"name":"dataconnect"},"message":"E0708 03:44:31.170578    2600 watch.go:40] Failed to load config from \"/Users/vishseen/Developer/projects/nxt-vish-studio-v1/dataconnect\": could not find dataconnect.yaml in `/Users/vishseen/Developer/projects/nxt-vish-studio-v1/dataconnect`\n"}}
[debug] [2026-07-07T23:44:41.171Z] E0708 03:44:41.171184    2600 watch.go:40] Failed to load config from "/Users/vishseen/Developer/projects/nxt-vish-studio-v1/dataconnect": could not find dataconnect.yaml in `/Users/vishseen/Developer/projects/nxt-vish-studio-v1/dataconnect`
 {"metadata":{"emulator":{"name":"dataconnect"},"message":"E0708 03:44:41.171184    2600 watch.go:40] Failed to load config from \"/Users/vishseen/Developer/projects/nxt-vish-studio-v1/dataconnect\": could not find dataconnect.yaml in `/Users/vishseen/Developer/projects/nxt-vish-studio-v1/dataconnect`\n"}}
[debug] [2026-07-07T23:44:51.170Z] E0708 03:44:51.170684    2600 watch.go:40] Failed to load config from "/Users/vishseen/Developer/projects/nxt-vish-studio-v1/dataconnect": could not find dataconnect.yaml in `/Users/vishseen/Developer/projects/nxt-vish-studio-v1/dataconnect`
 {"metadata":{"emulator":{"name":"dataconnect"},"message":"E0708 03:44:51.170684    2600 watch.go:40] Failed to load config from \"/Users/vishseen/Developer/projects/nxt-vish-studio-v1/dataconnect\": could not find dataconnect.yaml in `/Users/vishseen/Developer/projects/nxt-vish-studio-v1/dataconnect`\n"}}
[debug] [2026-07-07T23:45:01.171Z] E0708 03:45:01.171372    2600 watch.go:40] Failed to load config from "/Users/vishseen/Developer/projects/nxt-vish-studio-v1/dataconnect": could not find dataconnect.yaml in `/Users/vishseen/Developer/projects/nxt-vish-studio-v1/dataconnect`
 {"metadata":{"emulator":{"name":"dataconnect"},"message":"E0708 03:45:01.171372    2600 watch.go:40] Failed to load config from \"/Users/vishseen/Developer/projects/nxt-vish-studio-v1/dataconnect\": could not find dataconnect.yaml in `/Users/vishseen/Developer/projects/nxt-vish-studio-v1/dataconnect`\n"}}
[debug] [2026-07-07T23:45:01.173Z] E0708 03:45:01.171393    2600 watch.go:116] watchAllDir unable to walk dir `/Users/vishseen/Developer/projects/nxt-vish-studio-v1/dataconnect`: lstat /Users/vishseen/Developer/projects/nxt-vish-studio-v1/dataconnect: no such file or directory
 {"metadata":{"emulator":{"name":"dataconnect"},"message":"E0708 03:45:01.171393    2600 watch.go:116] watchAllDir unable to walk dir `/Users/vishseen/Developer/projects/nxt-vish-studio-v1/dataconnect`: lstat /Users/vishseen/Developer/projects/nxt-vish-studio-v1/dataconnect: no such file or directory\n"}}
[debug] [2026-07-07T23:45:11.171Z] E0708 03:45:11.171466    2600 watch.go:40] Failed to load config from "/Users/vishseen/Developer/projects/nxt-vish-studio-v1/dataconnect": could not find dataconnect.yaml in `/Users/vishseen/Developer/projects/nxt-vish-studio-v1/dataconnect`
 {"metadata":{"emulator":{"name":"dataconnect"},"message":"E0708 03:45:11.171466    2600 watch.go:40] Failed to load config from \"/Users/vishseen/Developer/projects/nxt-vish-studio-v1/dataconnect\": could not find dataconnect.yaml in `/Users/vishseen/Developer/projects/nxt-vish-studio-v1/dataconnect`\n"}}
[debug] [2026-07-07T23:45:21.171Z] E0708 03:45:21.171326    2600 watch.go:40] Failed to load config from "/Users/vishseen/Developer/projects/nxt-vish-studio-v1/dataconnect": could not find dataconnect.yaml in `/Users/vishseen/Developer/projects/nxt-vish-studio-v1/dataconnect`
 {"metadata":{"emulator":{"name":"dataconnect"},"message":"E0708 03:45:21.171326    2600 watch.go:40] Failed to load config from \"/Users/vishseen/Developer/projects/nxt-vish-studio-v1/dataconnect\": could not find dataconnect.yaml in `/Users/vishseen/Developer/projects/nxt-vish-studio-v1/dataconnect`\n"}}
[debug] [2026-07-07T23:45:31.172Z] E0708 03:45:31.171560    2600 watch.go:40] Failed to load config from "/Users/vishseen/Developer/projects/nxt-vish-studio-v1/dataconnect": could not find dataconnect.yaml in `/Users/vishseen/Developer/projects/nxt-vish-studio-v1/dataconnect`
 {"metadata":{"emulator":{"name":"dataconnect"},"message":"E0708 03:45:31.171560    2600 watch.go:40] Failed to load config from \"/Users/vishseen/Developer/projects/nxt-vish-studio-v1/dataconnect\": could not find dataconnect.yaml in `/Users/vishseen/Developer/projects/nxt-vish-studio-v1/dataconnect`\n"}}
[debug] [2026-07-07T23:45:41.171Z] E0708 03:45:41.171362    2600 watch.go:40] Failed to load config from "/Users/vishseen/Developer/projects/nxt-vish-studio-v1/dataconnect": could not find dataconnect.yaml in `/Users/vishseen/Developer/projects/nxt-vish-studio-v1/dataconnect`
 {"metadata":{"emulator":{"name":"dataconnect"},"message":"E0708 03:45:41.171362    2600 watch.go:40] Failed to load config from \"/Users/vishseen/Developer/projects/nxt-vish-studio-v1/dataconnect\": could not find dataconnect.yaml in `/Users/vishseen/Developer/projects/nxt-vish-studio-v1/dataconnect`\n"}}
[debug] [2026-07-07T23:45:51.171Z] E0708 03:45:51.171118    2600 watch.go:40] Failed to load config from "/Users/vishseen/Developer/projects/nxt-vish-studio-v1/dataconnect": could not find dataconnect.yaml in `/Users/vishseen/Developer/projects/nxt-vish-studio-v1/dataconnect`
 {"metadata":{"emulator":{"name":"dataconnect"},"message":"E0708 03:45:51.171118    2600 watch.go:40] Failed to load config from \"/Users/vishseen/Developer/projects/nxt-vish-studio-v1/dataconnect\": could not find dataconnect.yaml in `/Users/vishseen/Developer/projects/nxt-vish-studio-v1/dataconnect`\n"}}
[debug] [2026-07-07T23:46:01.171Z] E0708 03:46:01.171448    2600 watch.go:40] Failed to load config from "/Users/vishseen/Developer/projects/nxt-vish-studio-v1/dataconnect": could not find dataconnect.yaml in `/Users/vishseen/Developer/projects/nxt-vish-studio-v1/dataconnect`
E0708 03:46:01.171471    2600 watch.go:116] watchAllDir unable to walk dir `/Users/vishseen/Developer/projects/nxt-vish-studio-v1/dataconnect`: lstat /Users/vishseen/Developer/projects/nxt-vish-studio-v1/dataconnect: no such file or directory
 {"metadata":{"emulator":{"name":"dataconnect"},"message":"E0708 03:46:01.171448    2600 watch.go:40] Failed to load config from \"/Users/vishseen/Developer/projects/nxt-vish-studio-v1/dataconnect\": could not find dataconnect.yaml in `/Users/vishseen/Developer/projects/nxt-vish-studio-v1/dataconnect`\nE0708 03:46:01.171471    2600 watch.go:116] watchAllDir unable to walk dir `/Users/vishseen/Developer/projects/nxt-vish-studio-v1/dataconnect`: lstat /Users/vishseen/Developer/projects/nxt-vish-studio-v1/dataconnect: no such file or directory\n"}}
[debug] [2026-07-07T23:46:11.172Z] E0708 03:46:11.171560    2600 watch.go:40] Failed to load config from "/Users/vishseen/Developer/projects/nxt-vish-studio-v1/dataconnect": could not find dataconnect.yaml in `/Users/vishseen/Developer/projects/nxt-vish-studio-v1/dataconnect`
 {"metadata":{"emulator":{"name":"dataconnect"},"message":"E0708 03:46:11.171560    2600 watch.go:40] Failed to load config from \"/Users/vishseen/Developer/projects/nxt-vish-studio-v1/dataconnect\": could not find dataconnect.yaml in `/Users/vishseen/Developer/projects/nxt-vish-studio-v1/dataconnect`\n"}}
[debug] [2026-07-07T23:46:21.171Z] E0708 03:46:21.171504    2600 watch.go:40] Failed to load config from "/Users/vishseen/Developer/projects/nxt-vish-studio-v1/dataconnect": could not find dataconnect.yaml in `/Users/vishseen/Developer/projects/nxt-vish-studio-v1/dataconnect`
 {"metadata":{"emulator":{"name":"dataconnect"},"message":"E0708 03:46:21.171504    2600 watch.go:40] Failed to load config from \"/Users/vishseen/Developer/projects/nxt-vish-studio-v1/dataconnect\": could not find dataconnect.yaml in `/Users/vishseen/Developer/projects/nxt-vish-studio-v1/dataconnect`\n"}}
[debug] [2026-07-07T23:46:31.173Z] E0708 03:46:31.172743    2600 watch.go:40] Failed to load config from "/Users/vishseen/Developer/projects/nxt-vish-studio-v1/dataconnect": could not find dataconnect.yaml in `/Users/vishseen/Developer/projects/nxt-vish-studio-v1/dataconnect`
 {"metadata":{"emulator":{"name":"dataconnect"},"message":"E0708 03:46:31.172743    2600 watch.go:40] Failed to load config from \"/Users/vishseen/Developer/projects/nxt-vish-studio-v1/dataconnect\": could not find dataconnect.yaml in `/Users/vishseen/Developer/projects/nxt-vish-studio-v1/dataconnect`\n"}}
[debug] [2026-07-07T23:46:41.171Z] E0708 03:46:41.171572    2600 watch.go:40] Failed to load config from "/Users/vishseen/Developer/projects/nxt-vish-studio-v1/dataconnect": could not find dataconnect.yaml in `/Users/vishseen/Developer/projects/nxt-vish-studio-v1/dataconnect`
 {"metadata":{"emulator":{"name":"dataconnect"},"message":"E0708 03:46:41.171572    2600 watch.go:40] Failed to load config from \"/Users/vishseen/Developer/projects/nxt-vish-studio-v1/dataconnect\": could not find dataconnect.yaml in `/Users/vishseen/Developer/projects/nxt-vish-studio-v1/dataconnect`\n"}}
[debug] [2026-07-07T23:46:51.172Z] E0708 03:46:51.171723    2600 watch.go:40] Failed to load config from "/Users/vishseen/Developer/projects/nxt-vish-studio-v1/dataconnect": could not find dataconnect.yaml in `/Users/vishseen/Developer/projects/nxt-vish-studio-v1/dataconnect`
 {"metadata":{"emulator":{"name":"dataconnect"},"message":"E0708 03:46:51.171723    2600 watch.go:40] Failed to load config from \"/Users/vishseen/Developer/projects/nxt-vish-studio-v1/dataconnect\": could not find dataconnect.yaml in `/Users/vishseen/Developer/projects/nxt-vish-studio-v1/dataconnect`\n"}}
[debug] [2026-07-07T23:47:01.172Z] E0708 03:47:01.171708    2600 watch.go:40] Failed to load config from "/Users/vishseen/Developer/projects/nxt-vish-studio-v1/dataconnect": could not find dataconnect.yaml in `/Users/vishseen/Developer/projects/nxt-vish-studio-v1/dataconnect`
E0708 03:47:01.171655    2600 watch.go:116] watchAllDir unable to walk dir `/Users/vishseen/Developer/projects/nxt-vish-studio-v1/dataconnect`: lstat /Users/vishseen/Developer/projects/nxt-vish-studio-v1/dataconnect: no such file or directory
 {"metadata":{"emulator":{"name":"dataconnect"},"message":"E0708 03:47:01.171708    2600 watch.go:40] Failed to load config from \"/Users/vishseen/Developer/projects/nxt-vish-studio-v1/dataconnect\": could not find dataconnect.yaml in `/Users/vishseen/Developer/projects/nxt-vish-studio-v1/dataconnect`\nE0708 03:47:01.171655    2600 watch.go:116] watchAllDir unable to walk dir `/Users/vishseen/Developer/projects/nxt-vish-studio-v1/dataconnect`: lstat /Users/vishseen/Developer/projects/nxt-vish-studio-v1/dataconnect: no such file or directory\n"}}
[debug] [2026-07-07T23:47:11.172Z] E0708 03:47:11.171782    2600 watch.go:40] Failed to load config from "/Users/vishseen/Developer/projects/nxt-vish-studio-v1/dataconnect": could not find dataconnect.yaml in `/Users/vishseen/Developer/projects/nxt-vish-studio-v1/dataconnect`
 {"metadata":{"emulator":{"name":"dataconnect"},"message":"E0708 03:47:11.171782    2600 watch.go:40] Failed to load config from \"/Users/vishseen/Developer/projects/nxt-vish-studio-v1/dataconnect\": could not find dataconnect.yaml in `/Users/vishseen/Developer/projects/nxt-vish-studio-v1/dataconnect`\n"}}
[debug] [2026-07-07T23:47:21.172Z] E0708 03:47:21.171762    2600 watch.go:40] Failed to load config from "/Users/vishseen/Developer/projects/nxt-vish-studio-v1/dataconnect": could not find dataconnect.yaml in `/Users/vishseen/Developer/projects/nxt-vish-studio-v1/dataconnect`
 {"metadata":{"emulator":{"name":"dataconnect"},"message":"E0708 03:47:21.171762    2600 watch.go:40] Failed to load config from \"/Users/vishseen/Developer/projects/nxt-vish-studio-v1/dataconnect\": could not find dataconnect.yaml in `/Users/vishseen/Developer/projects/nxt-vish-studio-v1/dataconnect`\n"}}
[debug] [2026-07-07T23:47:31.172Z] E0708 03:47:31.171859    2600 watch.go:40] Failed to load config from "/Users/vishseen/Developer/projects/nxt-vish-studio-v1/dataconnect": could not find dataconnect.yaml in `/Users/vishseen/Developer/projects/nxt-vish-studio-v1/dataconnect`
 {"metadata":{"emulator":{"name":"dataconnect"},"message":"E0708 03:47:31.171859    2600 watch.go:40] Failed to load config from \"/Users/vishseen/Developer/projects/nxt-vish-studio-v1/dataconnect\": could not find dataconnect.yaml in `/Users/vishseen/Developer/projects/nxt-vish-studio-v1/dataconnect`\n"}}
[debug] [2026-07-07T23:47:41.171Z] E0708 03:47:41.171144    2600 watch.go:40] Failed to load config from "/Users/vishseen/Developer/projects/nxt-vish-studio-v1/dataconnect": could not find dataconnect.yaml in `/Users/vishseen/Developer/projects/nxt-vish-studio-v1/dataconnect`
 {"metadata":{"emulator":{"name":"dataconnect"},"message":"E0708 03:47:41.171144    2600 watch.go:40] Failed to load config from \"/Users/vishseen/Developer/projects/nxt-vish-studio-v1/dataconnect\": could not find dataconnect.yaml in `/Users/vishseen/Developer/projects/nxt-vish-studio-v1/dataconnect`\n"}}
[debug] [2026-07-07T23:47:51.172Z] E0708 03:47:51.171834    2600 watch.go:40] Failed to load config from "/Users/vishseen/Developer/projects/nxt-vish-studio-v1/dataconnect": could not find dataconnect.yaml in `/Users/vishseen/Developer/projects/nxt-vish-studio-v1/dataconnect`
 {"metadata":{"emulator":{"name":"dataconnect"},"message":"E0708 03:47:51.171834    2600 watch.go:40] Failed to load config from \"/Users/vishseen/Developer/projects/nxt-vish-studio-v1/dataconnect\": could not find dataconnect.yaml in `/Users/vishseen/Developer/projects/nxt-vish-studio-v1/dataconnect`\n"}}
[debug] [2026-07-07T23:48:01.172Z] E0708 03:48:01.172081    2600 watch.go:40] Failed to load config from "/Users/vishseen/Developer/projects/nxt-vish-studio-v1/dataconnect": could not find dataconnect.yaml in `/Users/vishseen/Developer/projects/nxt-vish-studio-v1/dataconnect`
E0708 03:48:01.172028    2600 watch.go:116] watchAllDir unable to walk dir `/Users/vishseen/Developer/projects/nxt-vish-studio-v1/dataconnect`: lstat /Users/vishseen/Developer/projects/nxt-vish-studio-v1/dataconnect: no such file or directory
 {"metadata":{"emulator":{"name":"dataconnect"},"message":"E0708 03:48:01.172081    2600 watch.go:40] Failed to load config from \"/Users/vishseen/Developer/projects/nxt-vish-studio-v1/dataconnect\": could not find dataconnect.yaml in `/Users/vishseen/Developer/projects/nxt-vish-studio-v1/dataconnect`\nE0708 03:48:01.172028    2600 watch.go:116] watchAllDir unable to walk dir `/Users/vishseen/Developer/projects/nxt-vish-studio-v1/dataconnect`: lstat /Users/vishseen/Developer/projects/nxt-vish-studio-v1/dataconnect: no such file or directory\n"}}
[debug] [2026-07-07T23:48:11.171Z] E0708 03:48:11.171277    2600 watch.go:40] Failed to load config from "/Users/vishseen/Developer/projects/nxt-vish-studio-v1/dataconnect": could not find dataconnect.yaml in `/Users/vishseen/Developer/projects/nxt-vish-studio-v1/dataconnect`
 {"metadata":{"emulator":{"name":"dataconnect"},"message":"E0708 03:48:11.171277    2600 watch.go:40] Failed to load config from \"/Users/vishseen/Developer/projects/nxt-vish-studio-v1/dataconnect\": could not find dataconnect.yaml in `/Users/vishseen/Developer/projects/nxt-vish-studio-v1/dataconnect`\n"}}
[debug] [2026-07-07T23:48:21.172Z] E0708 03:48:21.172060    2600 watch.go:40] Failed to load config from "/Users/vishseen/Developer/projects/nxt-vish-studio-v1/dataconnect": could not find dataconnect.yaml in `/Users/vishseen/Developer/projects/nxt-vish-studio-v1/dataconnect`
 {"metadata":{"emulator":{"name":"dataconnect"},"message":"E0708 03:48:21.172060    2600 watch.go:40] Failed to load config from \"/Users/vishseen/Developer/projects/nxt-vish-studio-v1/dataconnect\": could not find dataconnect.yaml in `/Users/vishseen/Developer/projects/nxt-vish-studio-v1/dataconnect`\n"}}
[debug] [2026-07-07T23:48:31.172Z] E0708 03:48:31.172147    2600 watch.go:40] Failed to load config from "/Users/vishseen/Developer/projects/nxt-vish-studio-v1/dataconnect": could not find dataconnect.yaml in `/Users/vishseen/Developer/projects/nxt-vish-studio-v1/dataconnect`
 {"metadata":{"emulator":{"name":"dataconnect"},"message":"E0708 03:48:31.172147    2600 watch.go:40] Failed to load config from \"/Users/vishseen/Developer/projects/nxt-vish-studio-v1/dataconnect\": could not find dataconnect.yaml in `/Users/vishseen/Developer/projects/nxt-vish-studio-v1/dataconnect`\n"}}
[debug] [2026-07-07T23:48:41.172Z] E0708 03:48:41.172595    2600 watch.go:40] Failed to load config from "/Users/vishseen/Developer/projects/nxt-vish-studio-v1/dataconnect": could not find dataconnect.yaml in `/Users/vishseen/Developer/projects/nxt-vish-studio-v1/dataconnect`
 {"metadata":{"emulator":{"name":"dataconnect"},"message":"E0708 03:48:41.172595    2600 watch.go:40] Failed to load config from \"/Users/vishseen/Developer/projects/nxt-vish-studio-v1/dataconnect\": could not find dataconnect.yaml in `/Users/vishseen/Developer/projects/nxt-vish-studio-v1/dataconnect`\n"}}
[debug] [2026-07-07T23:48:51.172Z] E0708 03:48:51.172073    2600 watch.go:40] Failed to load config from "/Users/vishseen/Developer/projects/nxt-vish-studio-v1/dataconnect": could not find dataconnect.yaml in `/Users/vishseen/Developer/projects/nxt-vish-studio-v1/dataconnect`
 {"metadata":{"emulator":{"name":"dataconnect"},"message":"E0708 03:48:51.172073    2600 watch.go:40] Failed to load config from \"/Users/vishseen/Developer/projects/nxt-vish-studio-v1/dataconnect\": could not find dataconnect.yaml in `/Users/vishseen/Developer/projects/nxt-vish-studio-v1/dataconnect`\n"}}
[debug] [2026-07-07T23:49:01.172Z] E0708 03:49:01.172066    2600 watch.go:116] watchAllDir unable to walk dir `/Users/vishseen/Developer/projects/nxt-vish-studio-v1/dataconnect`: lstat /Users/vishseen/Developer/projects/nxt-vish-studio-v1/dataconnect: no such file or directory
 {"metadata":{"emulator":{"name":"dataconnect"},"message":"E0708 03:49:01.172066    2600 watch.go:116] watchAllDir unable to walk dir `/Users/vishseen/Developer/projects/nxt-vish-studio-v1/dataconnect`: lstat /Users/vishseen/Developer/projects/nxt-vish-studio-v1/dataconnect: no such file or directory\n"}}
[debug] [2026-07-07T23:49:01.172Z] E0708 03:49:01.172193    2600 watch.go:40] Failed to load config from "/Users/vishseen/Developer/projects/nxt-vish-studio-v1/dataconnect": could not find dataconnect.yaml in `/Users/vishseen/Developer/projects/nxt-vish-studio-v1/dataconnect`
 {"metadata":{"emulator":{"name":"dataconnect"},"message":"E0708 03:49:01.172193    2600 watch.go:40] Failed to load config from \"/Users/vishseen/Developer/projects/nxt-vish-studio-v1/dataconnect\": could not find dataconnect.yaml in `/Users/vishseen/Developer/projects/nxt-vish-studio-v1/dataconnect`\n"}}
[debug] [2026-07-07T23:49:11.172Z] E0708 03:49:11.172222    2600 watch.go:40] Failed to load config from "/Users/vishseen/Developer/projects/nxt-vish-studio-v1/dataconnect": could not find dataconnect.yaml in `/Users/vishseen/Developer/projects/nxt-vish-studio-v1/dataconnect`
 {"metadata":{"emulator":{"name":"dataconnect"},"message":"E0708 03:49:11.172222    2600 watch.go:40] Failed to load config from \"/Users/vishseen/Developer/projects/nxt-vish-studio-v1/dataconnect\": could not find dataconnect.yaml in `/Users/vishseen/Developer/projects/nxt-vish-studio-v1/dataconnect`\n"}}
[debug] [2026-07-07T23:49:21.173Z] E0708 03:49:21.172832    2600 watch.go:40] Failed to load config from "/Users/vishseen/Developer/projects/nxt-vish-studio-v1/dataconnect": could not find dataconnect.yaml in `/Users/vishseen/Developer/projects/nxt-vish-studio-v1/dataconnect`
 {"metadata":{"emulator":{"name":"dataconnect"},"message":"E0708 03:49:21.172832    2600 watch.go:40] Failed to load config from \"/Users/vishseen/Developer/projects/nxt-vish-studio-v1/dataconnect\": could not find dataconnect.yaml in `/Users/vishseen/Developer/projects/nxt-vish-studio-v1/dataconnect`\n"}}
[debug] [2026-07-07T23:49:31.172Z] E0708 03:49:31.172184    2600 watch.go:40] Failed to load config from "/Users/vishseen/Developer/projects/nxt-vish-studio-v1/dataconnect": could not find dataconnect.yaml in `/Users/vishseen/Developer/projects/nxt-vish-studio-v1/dataconnect`
 {"metadata":{"emulator":{"name":"dataconnect"},"message":"E0708 03:49:31.172184    2600 watch.go:40] Failed to load config from \"/Users/vishseen/Developer/projects/nxt-vish-studio-v1/dataconnect\": could not find dataconnect.yaml in `/Users/vishseen/Developer/projects/nxt-vish-studio-v1/dataconnect`\n"}}
[debug] [2026-07-07T23:49:41.172Z] E0708 03:49:41.172370    2600 watch.go:40] Failed to load config from "/Users/vishseen/Developer/projects/nxt-vish-studio-v1/dataconnect": could not find dataconnect.yaml in `/Users/vishseen/Developer/projects/nxt-vish-studio-v1/dataconnect`
 {"metadata":{"emulator":{"name":"dataconnect"},"message":"E0708 03:49:41.172370    2600 watch.go:40] Failed to load config from \"/Users/vishseen/Developer/projects/nxt-vish-studio-v1/dataconnect\": could not find dataconnect.yaml in `/Users/vishseen/Developer/projects/nxt-vish-studio-v1/dataconnect`\n"}}
[debug] [2026-07-07T23:49:51.174Z] E0708 03:49:51.173661    2600 watch.go:40] Failed to load config from "/Users/vishseen/Developer/projects/nxt-vish-studio-v1/dataconnect": could not find dataconnect.yaml in `/Users/vishseen/Developer/projects/nxt-vish-studio-v1/dataconnect`
 {"metadata":{"emulator":{"name":"dataconnect"},"message":"E0708 03:49:51.173661    2600 watch.go:40] Failed to load config from \"/Users/vishseen/Developer/projects/nxt-vish-studio-v1/dataconnect\": could not find dataconnect.yaml in `/Users/vishseen/Developer/projects/nxt-vish-studio-v1/dataconnect`\n"}}
[debug] [2026-07-07T23:50:01.172Z] E0708 03:50:01.172207    2600 watch.go:116] watchAllDir unable to walk dir `/Users/vishseen/Developer/projects/nxt-vish-studio-v1/dataconnect`: lstat /Users/vishseen/Developer/projects/nxt-vish-studio-v1/dataconnect: no such file or directory
E0708 03:50:01.172239    2600 watch.go:40] Failed to load config from "/Users/vishseen/Developer/projects/nxt-vish-studio-v1/dataconnect": could not find dataconnect.yaml in `/Users/vishseen/Developer/projects/nxt-vish-studio-v1/dataconnect`
 {"metadata":{"emulator":{"name":"dataconnect"},"message":"E0708 03:50:01.172207    2600 watch.go:116] watchAllDir unable to walk dir `/Users/vishseen/Developer/projects/nxt-vish-studio-v1/dataconnect`: lstat /Users/vishseen/Developer/projects/nxt-vish-studio-v1/dataconnect: no such file or directory\nE0708 03:50:01.172239    2600 watch.go:40] Failed to load config from \"/Users/vishseen/Developer/projects/nxt-vish-studio-v1/dataconnect\": could not find dataconnect.yaml in `/Users/vishseen/Developer/projects/nxt-vish-studio-v1/dataconnect`\n"}}
[debug] [2026-07-07T23:50:11.172Z] E0708 03:50:11.172619    2600 watch.go:40] Failed to load config from "/Users/vishseen/Developer/projects/nxt-vish-studio-v1/dataconnect": could not find dataconnect.yaml in `/Users/vishseen/Developer/projects/nxt-vish-studio-v1/dataconnect`
 {"metadata":{"emulator":{"name":"dataconnect"},"message":"E0708 03:50:11.172619    2600 watch.go:40] Failed to load config from \"/Users/vishseen/Developer/projects/nxt-vish-studio-v1/dataconnect\": could not find dataconnect.yaml in `/Users/vishseen/Developer/projects/nxt-vish-studio-v1/dataconnect`\n"}}
[debug] [2026-07-07T23:50:21.172Z] E0708 03:50:21.172582    2600 watch.go:40] Failed to load config from "/Users/vishseen/Developer/projects/nxt-vish-studio-v1/dataconnect": could not find dataconnect.yaml in `/Users/vishseen/Developer/projects/nxt-vish-studio-v1/dataconnect`
 {"metadata":{"emulator":{"name":"dataconnect"},"message":"E0708 03:50:21.172582    2600 watch.go:40] Failed to load config from \"/Users/vishseen/Developer/projects/nxt-vish-studio-v1/dataconnect\": could not find dataconnect.yaml in `/Users/vishseen/Developer/projects/nxt-vish-studio-v1/dataconnect`\n"}}
[debug] [2026-07-07T23:50:31.173Z] E0708 03:50:31.172664    2600 watch.go:40] Failed to load config from "/Users/vishseen/Developer/projects/nxt-vish-studio-v1/dataconnect": could not find dataconnect.yaml in `/Users/vishseen/Developer/projects/nxt-vish-studio-v1/dataconnect`
 {"metadata":{"emulator":{"name":"dataconnect"},"message":"E0708 03:50:31.172664    2600 watch.go:40] Failed to load config from \"/Users/vishseen/Developer/projects/nxt-vish-studio-v1/dataconnect\": could not find dataconnect.yaml in `/Users/vishseen/Developer/projects/nxt-vish-studio-v1/dataconnect`\n"}}
[debug] [2026-07-07T23:50:41.173Z] E0708 03:50:41.172471    2600 watch.go:40] Failed to load config from "/Users/vishseen/Developer/projects/nxt-vish-studio-v1/dataconnect": could not find dataconnect.yaml in `/Users/vishseen/Developer/projects/nxt-vish-studio-v1/dataconnect`
 {"metadata":{"emulator":{"name":"dataconnect"},"message":"E0708 03:50:41.172471    2600 watch.go:40] Failed to load config from \"/Users/vishseen/Developer/projects/nxt-vish-studio-v1/dataconnect\": could not find dataconnect.yaml in `/Users/vishseen/Developer/projects/nxt-vish-studio-v1/dataconnect`\n"}}
[debug] [2026-07-07T23:50:51.172Z] E0708 03:50:51.172794    2600 watch.go:40] Failed to load config from "/Users/vishseen/Developer/projects/nxt-vish-studio-v1/dataconnect": could not find dataconnect.yaml in `/Users/vishseen/Developer/projects/nxt-vish-studio-v1/dataconnect`
 {"metadata":{"emulator":{"name":"dataconnect"},"message":"E0708 03:50:51.172794    2600 watch.go:40] Failed to load config from \"/Users/vishseen/Developer/projects/nxt-vish-studio-v1/dataconnect\": could not find dataconnect.yaml in `/Users/vishseen/Developer/projects/nxt-vish-studio-v1/dataconnect`\n"}}
[debug] [2026-07-07T23:51:01.172Z] E0708 03:51:01.172585    2600 watch.go:116] watchAllDir unable to walk dir `/Users/vishseen/Developer/projects/nxt-vish-studio-v1/dataconnect`: lstat /Users/vishseen/Developer/projects/nxt-vish-studio-v1/dataconnect: no such file or directory
E0708 03:51:01.172645    2600 watch.go:40] Failed to load config from "/Users/vishseen/Developer/projects/nxt-vish-studio-v1/dataconnect": could not find dataconnect.yaml in `/Users/vishseen/Developer/projects/nxt-vish-studio-v1/dataconnect`
 {"metadata":{"emulator":{"name":"dataconnect"},"message":"E0708 03:51:01.172585    2600 watch.go:116] watchAllDir unable to walk dir `/Users/vishseen/Developer/projects/nxt-vish-studio-v1/dataconnect`: lstat /Users/vishseen/Developer/projects/nxt-vish-studio-v1/dataconnect: no such file or directory\nE0708 03:51:01.172645    2600 watch.go:40] Failed to load config from \"/Users/vishseen/Developer/projects/nxt-vish-studio-v1/dataconnect\": could not find dataconnect.yaml in `/Users/vishseen/Developer/projects/nxt-vish-studio-v1/dataconnect`\n"}}
[debug] [2026-07-07T23:51:11.172Z] E0708 03:51:11.172680    2600 watch.go:40] Failed to load config from "/Users/vishseen/Developer/projects/nxt-vish-studio-v1/dataconnect": could not find dataconnect.yaml in `/Users/vishseen/Developer/projects/nxt-vish-studio-v1/dataconnect`
 {"metadata":{"emulator":{"name":"dataconnect"},"message":"E0708 03:51:11.172680    2600 watch.go:40] Failed to load config from \"/Users/vishseen/Developer/projects/nxt-vish-studio-v1/dataconnect\": could not find dataconnect.yaml in `/Users/vishseen/Developer/projects/nxt-vish-studio-v1/dataconnect`\n"}}
[debug] [2026-07-07T23:51:21.173Z] E0708 03:51:21.172842    2600 watch.go:40] Failed to load config from "/Users/vishseen/Developer/projects/nxt-vish-studio-v1/dataconnect": could not find dataconnect.yaml in `/Users/vishseen/Developer/projects/nxt-vish-studio-v1/dataconnect`
 {"metadata":{"emulator":{"name":"dataconnect"},"message":"E0708 03:51:21.172842    2600 watch.go:40] Failed to load config from \"/Users/vishseen/Developer/projects/nxt-vish-studio-v1/dataconnect\": could not find dataconnect.yaml in `/Users/vishseen/Developer/projects/nxt-vish-studio-v1/dataconnect`\n"}}
[debug] [2026-07-07T23:51:31.173Z] E0708 03:51:31.173321    2600 watch.go:40] Failed to load config from "/Users/vishseen/Developer/projects/nxt-vish-studio-v1/dataconnect": could not find dataconnect.yaml in `/Users/vishseen/Developer/projects/nxt-vish-studio-v1/dataconnect`
 {"metadata":{"emulator":{"name":"dataconnect"},"message":"E0708 03:51:31.173321    2600 watch.go:40] Failed to load config from \"/Users/vishseen/Developer/projects/nxt-vish-studio-v1/dataconnect\": could not find dataconnect.yaml in `/Users/vishseen/Developer/projects/nxt-vish-studio-v1/dataconnect`\n"}}
[debug] [2026-07-07T23:51:41.170Z] E0708 03:51:41.170209    2600 watch.go:40] Failed to load config from "/Users/vishseen/Developer/projects/nxt-vish-studio-v1/dataconnect": could not find dataconnect.yaml in `/Users/vishseen/Developer/projects/nxt-vish-studio-v1/dataconnect`
 {"metadata":{"emulator":{"name":"dataconnect"},"message":"E0708 03:51:41.170209    2600 watch.go:40] Failed to load config from \"/Users/vishseen/Developer/projects/nxt-vish-studio-v1/dataconnect\": could not find dataconnect.yaml in `/Users/vishseen/Developer/projects/nxt-vish-studio-v1/dataconnect`\n"}}
[debug] [2026-07-07T23:51:51.164Z] E0708 03:51:51.163633    2600 watch.go:40] Failed to load config from "/Users/vishseen/Developer/projects/nxt-vish-studio-v1/dataconnect": could not find dataconnect.yaml in `/Users/vishseen/Developer/projects/nxt-vish-studio-v1/dataconnect`
 {"metadata":{"emulator":{"name":"dataconnect"},"message":"E0708 03:51:51.163633    2600 watch.go:40] Failed to load config from \"/Users/vishseen/Developer/projects/nxt-vish-studio-v1/dataconnect\": could not find dataconnect.yaml in `/Users/vishseen/Developer/projects/nxt-vish-studio-v1/dataconnect`\n"}}
[debug] [2026-07-07T23:52:01.159Z] E0708 03:52:01.159013    2600 watch.go:116] watchAllDir unable to walk dir `/Users/vishseen/Developer/projects/nxt-vish-studio-v1/dataconnect`: lstat /Users/vishseen/Developer/projects/nxt-vish-studio-v1/dataconnect: no such file or directory
E0708 03:52:01.159052    2600 watch.go:40] Failed to load config from "/Users/vishseen/Developer/projects/nxt-vish-studio-v1/dataconnect": could not find dataconnect.yaml in `/Users/vishseen/Developer/projects/nxt-vish-studio-v1/dataconnect`
 {"metadata":{"emulator":{"name":"dataconnect"},"message":"E0708 03:52:01.159013    2600 watch.go:116] watchAllDir unable to walk dir `/Users/vishseen/Developer/projects/nxt-vish-studio-v1/dataconnect`: lstat /Users/vishseen/Developer/projects/nxt-vish-studio-v1/dataconnect: no such file or directory\nE0708 03:52:01.159052    2600 watch.go:40] Failed to load config from \"/Users/vishseen/Developer/projects/nxt-vish-studio-v1/dataconnect\": could not find dataconnect.yaml in `/Users/vishseen/Developer/projects/nxt-vish-studio-v1/dataconnect`\n"}}
[debug] [2026-07-07T23:52:11.157Z] E0708 03:52:11.156866    2600 watch.go:40] Failed to load config from "/Users/vishseen/Developer/projects/nxt-vish-studio-v1/dataconnect": could not find dataconnect.yaml in `/Users/vishseen/Developer/projects/nxt-vish-studio-v1/dataconnect`
 {"metadata":{"emulator":{"name":"dataconnect"},"message":"E0708 03:52:11.156866    2600 watch.go:40] Failed to load config from \"/Users/vishseen/Developer/projects/nxt-vish-studio-v1/dataconnect\": could not find dataconnect.yaml in `/Users/vishseen/Developer/projects/nxt-vish-studio-v1/dataconnect`\n"}}
[debug] [2026-07-07T23:52:21.157Z] E0708 03:52:21.156716    2600 watch.go:40] Failed to load config from "/Users/vishseen/Developer/projects/nxt-vish-studio-v1/dataconnect": could not find dataconnect.yaml in `/Users/vishseen/Developer/projects/nxt-vish-studio-v1/dataconnect`
 {"metadata":{"emulator":{"name":"dataconnect"},"message":"E0708 03:52:21.156716    2600 watch.go:40] Failed to load config from \"/Users/vishseen/Developer/projects/nxt-vish-studio-v1/dataconnect\": could not find dataconnect.yaml in `/Users/vishseen/Developer/projects/nxt-vish-studio-v1/dataconnect`\n"}}
[debug] [2026-07-07T23:52:31.156Z] E0708 03:52:31.156130    2600 watch.go:40] Failed to load config from "/Users/vishseen/Developer/projects/nxt-vish-studio-v1/dataconnect": could not find dataconnect.yaml in `/Users/vishseen/Developer/projects/nxt-vish-studio-v1/dataconnect`
 {"metadata":{"emulator":{"name":"dataconnect"},"message":"E0708 03:52:31.156130    2600 watch.go:40] Failed to load config from \"/Users/vishseen/Developer/projects/nxt-vish-studio-v1/dataconnect\": could not find dataconnect.yaml in `/Users/vishseen/Developer/projects/nxt-vish-studio-v1/dataconnect`\n"}}
[debug] [2026-07-07T23:52:41.156Z] E0708 03:52:41.155914    2600 watch.go:40] Failed to load config from "/Users/vishseen/Developer/projects/nxt-vish-studio-v1/dataconnect": could not find dataconnect.yaml in `/Users/vishseen/Developer/projects/nxt-vish-studio-v1/dataconnect`
 {"metadata":{"emulator":{"name":"dataconnect"},"message":"E0708 03:52:41.155914    2600 watch.go:40] Failed to load config from \"/Users/vishseen/Developer/projects/nxt-vish-studio-v1/dataconnect\": could not find dataconnect.yaml in `/Users/vishseen/Developer/projects/nxt-vish-studio-v1/dataconnect`\n"}}
[debug] [2026-07-07T23:52:51.157Z] E0708 03:52:51.156425    2600 watch.go:40] Failed to load config from "/Users/vishseen/Developer/projects/nxt-vish-studio-v1/dataconnect": could not find dataconnect.yaml in `/Users/vishseen/Developer/projects/nxt-vish-studio-v1/dataconnect`
 {"metadata":{"emulator":{"name":"dataconnect"},"message":"E0708 03:52:51.156425    2600 watch.go:40] Failed to load config from \"/Users/vishseen/Developer/projects/nxt-vish-studio-v1/dataconnect\": could not find dataconnect.yaml in `/Users/vishseen/Developer/projects/nxt-vish-studio-v1/dataconnect`\n"}}
[debug] [2026-07-07T23:53:01.155Z] E0708 03:53:01.154972    2600 watch.go:40] Failed to load config from "/Users/vishseen/Developer/projects/nxt-vish-studio-v1/dataconnect": could not find dataconnect.yaml in `/Users/vishseen/Developer/projects/nxt-vish-studio-v1/dataconnect`
E0708 03:53:01.154952    2600 watch.go:116] watchAllDir unable to walk dir `/Users/vishseen/Developer/projects/nxt-vish-studio-v1/dataconnect`: lstat /Users/vishseen/Developer/projects/nxt-vish-studio-v1/dataconnect: no such file or directory
 {"metadata":{"emulator":{"name":"dataconnect"},"message":"E0708 03:53:01.154972    2600 watch.go:40] Failed to load config from \"/Users/vishseen/Developer/projects/nxt-vish-studio-v1/dataconnect\": could not find dataconnect.yaml in `/Users/vishseen/Developer/projects/nxt-vish-studio-v1/dataconnect`\nE0708 03:53:01.154952    2600 watch.go:116] watchAllDir unable to walk dir `/Users/vishseen/Developer/projects/nxt-vish-studio-v1/dataconnect`: lstat /Users/vishseen/Developer/projects/nxt-vish-studio-v1/dataconnect: no such file or directory\n"}}
[debug] [2026-07-07T23:53:11.155Z] E0708 03:53:11.155682    2600 watch.go:40] Failed to load config from "/Users/vishseen/Developer/projects/nxt-vish-studio-v1/dataconnect": could not find dataconnect.yaml in `/Users/vishseen/Developer/projects/nxt-vish-studio-v1/dataconnect`
 {"metadata":{"emulator":{"name":"dataconnect"},"message":"E0708 03:53:11.155682    2600 watch.go:40] Failed to load config from \"/Users/vishseen/Developer/projects/nxt-vish-studio-v1/dataconnect\": could not find dataconnect.yaml in `/Users/vishseen/Developer/projects/nxt-vish-studio-v1/dataconnect`\n"}}
[debug] [2026-07-07T23:53:21.156Z] E0708 03:53:21.155736    2600 watch.go:40] Failed to load config from "/Users/vishseen/Developer/projects/nxt-vish-studio-v1/dataconnect": could not find dataconnect.yaml in `/Users/vishseen/Developer/projects/nxt-vish-studio-v1/dataconnect`
 {"metadata":{"emulator":{"name":"dataconnect"},"message":"E0708 03:53:21.155736    2600 watch.go:40] Failed to load config from \"/Users/vishseen/Developer/projects/nxt-vish-studio-v1/dataconnect\": could not find dataconnect.yaml in `/Users/vishseen/Developer/projects/nxt-vish-studio-v1/dataconnect`\n"}}
[debug] [2026-07-07T23:53:31.156Z] E0708 03:53:31.155704    2600 watch.go:40] Failed to load config from "/Users/vishseen/Developer/projects/nxt-vish-studio-v1/dataconnect": could not find dataconnect.yaml in `/Users/vishseen/Developer/projects/nxt-vish-studio-v1/dataconnect`
 {"metadata":{"emulator":{"name":"dataconnect"},"message":"E0708 03:53:31.155704    2600 watch.go:40] Failed to load config from \"/Users/vishseen/Developer/projects/nxt-vish-studio-v1/dataconnect\": could not find dataconnect.yaml in `/Users/vishseen/Developer/projects/nxt-vish-studio-v1/dataconnect`\n"}}
[debug] [2026-07-07T23:53:41.156Z] E0708 03:53:41.155787    2600 watch.go:40] Failed to load config from "/Users/vishseen/Developer/projects/nxt-vish-studio-v1/dataconnect": could not find dataconnect.yaml in `/Users/vishseen/Developer/projects/nxt-vish-studio-v1/dataconnect`
 {"metadata":{"emulator":{"name":"dataconnect"},"message":"E0708 03:53:41.155787    2600 watch.go:40] Failed to load config from \"/Users/vishseen/Developer/projects/nxt-vish-studio-v1/dataconnect\": could not find dataconnect.yaml in `/Users/vishseen/Developer/projects/nxt-vish-studio-v1/dataconnect`\n"}}
[debug] [2026-07-07T23:53:51.156Z] E0708 03:53:51.155639    2600 watch.go:40] Failed to load config from "/Users/vishseen/Developer/projects/nxt-vish-studio-v1/dataconnect": could not find dataconnect.yaml in `/Users/vishseen/Developer/projects/nxt-vish-studio-v1/dataconnect`
 {"metadata":{"emulator":{"name":"dataconnect"},"message":"E0708 03:53:51.155639    2600 watch.go:40] Failed to load config from \"/Users/vishseen/Developer/projects/nxt-vish-studio-v1/dataconnect\": could not find dataconnect.yaml in `/Users/vishseen/Developer/projects/nxt-vish-studio-v1/dataconnect`\n"}}
[debug] [2026-07-07T23:54:01.156Z] E0708 03:54:01.155690    2600 watch.go:40] Failed to load config from "/Users/vishseen/Developer/projects/nxt-vish-studio-v1/dataconnect": could not find dataconnect.yaml in `/Users/vishseen/Developer/projects/nxt-vish-studio-v1/dataconnect`
E0708 03:54:01.155643    2600 watch.go:116] watchAllDir unable to walk dir `/Users/vishseen/Developer/projects/nxt-vish-studio-v1/dataconnect`: lstat /Users/vishseen/Developer/projects/nxt-vish-studio-v1/dataconnect: no such file or directory
 {"metadata":{"emulator":{"name":"dataconnect"},"message":"E0708 03:54:01.155690    2600 watch.go:40] Failed to load config from \"/Users/vishseen/Developer/projects/nxt-vish-studio-v1/dataconnect\": could not find dataconnect.yaml in `/Users/vishseen/Developer/projects/nxt-vish-studio-v1/dataconnect`\nE0708 03:54:01.155643    2600 watch.go:116] watchAllDir unable to walk dir `/Users/vishseen/Developer/projects/nxt-vish-studio-v1/dataconnect`: lstat /Users/vishseen/Developer/projects/nxt-vish-studio-v1/dataconnect: no such file or directory\n"}}
[debug] [2026-07-07T23:54:11.154Z] E0708 03:54:11.154838    2600 watch.go:40] Failed to load config from "/Users/vishseen/Developer/projects/nxt-vish-studio-v1/dataconnect": could not find dataconnect.yaml in `/Users/vishseen/Developer/projects/nxt-vish-studio-v1/dataconnect`
 {"metadata":{"emulator":{"name":"dataconnect"},"message":"E0708 03:54:11.154838    2600 watch.go:40] Failed to load config from \"/Users/vishseen/Developer/projects/nxt-vish-studio-v1/dataconnect\": could not find dataconnect.yaml in `/Users/vishseen/Developer/projects/nxt-vish-studio-v1/dataconnect`\n"}}
[debug] [2026-07-07T23:54:21.156Z] E0708 03:54:21.155733    2600 watch.go:40] Failed to load config from "/Users/vishseen/Developer/projects/nxt-vish-studio-v1/dataconnect": could not find dataconnect.yaml in `/Users/vishseen/Developer/projects/nxt-vish-studio-v1/dataconnect`
 {"metadata":{"emulator":{"name":"dataconnect"},"message":"E0708 03:54:21.155733    2600 watch.go:40] Failed to load config from \"/Users/vishseen/Developer/projects/nxt-vish-studio-v1/dataconnect\": could not find dataconnect.yaml in `/Users/vishseen/Developer/projects/nxt-vish-studio-v1/dataconnect`\n"}}
[debug] [2026-07-07T23:54:31.155Z] E0708 03:54:31.155667    2600 watch.go:40] Failed to load config from "/Users/vishseen/Developer/projects/nxt-vish-studio-v1/dataconnect": could not find dataconnect.yaml in `/Users/vishseen/Developer/projects/nxt-vish-studio-v1/dataconnect`
 {"metadata":{"emulator":{"name":"dataconnect"},"message":"E0708 03:54:31.155667    2600 watch.go:40] Failed to load config from \"/Users/vishseen/Developer/projects/nxt-vish-studio-v1/dataconnect\": could not find dataconnect.yaml in `/Users/vishseen/Developer/projects/nxt-vish-studio-v1/dataconnect`\n"}}
[debug] [2026-07-07T23:54:41.156Z] E0708 03:54:41.155849    2600 watch.go:40] Failed to load config from "/Users/vishseen/Developer/projects/nxt-vish-studio-v1/dataconnect": could not find dataconnect.yaml in `/Users/vishseen/Developer/projects/nxt-vish-studio-v1/dataconnect`
 {"metadata":{"emulator":{"name":"dataconnect"},"message":"E0708 03:54:41.155849    2600 watch.go:40] Failed to load config from \"/Users/vishseen/Developer/projects/nxt-vish-studio-v1/dataconnect\": could not find dataconnect.yaml in `/Users/vishseen/Developer/projects/nxt-vish-studio-v1/dataconnect`\n"}}
[debug] [2026-07-07T23:54:51.156Z] E0708 03:54:51.155802    2600 watch.go:40] Failed to load config from "/Users/vishseen/Developer/projects/nxt-vish-studio-v1/dataconnect": could not find dataconnect.yaml in `/Users/vishseen/Developer/projects/nxt-vish-studio-v1/dataconnect`
 {"metadata":{"emulator":{"name":"dataconnect"},"message":"E0708 03:54:51.155802    2600 watch.go:40] Failed to load config from \"/Users/vishseen/Developer/projects/nxt-vish-studio-v1/dataconnect\": could not find dataconnect.yaml in `/Users/vishseen/Developer/projects/nxt-vish-studio-v1/dataconnect`\n"}}
[debug] [2026-07-07T23:55:01.155Z] E0708 03:55:01.155560    2600 watch.go:40] Failed to load config from "/Users/vishseen/Developer/projects/nxt-vish-studio-v1/dataconnect": could not find dataconnect.yaml in `/Users/vishseen/Developer/projects/nxt-vish-studio-v1/dataconnect`
E0708 03:55:01.155527    2600 watch.go:116] watchAllDir unable to walk dir `/Users/vishseen/Developer/projects/nxt-vish-studio-v1/dataconnect`: lstat /Users/vishseen/Developer/projects/nxt-vish-studio-v1/dataconnect: no such file or directory
 {"metadata":{"emulator":{"name":"dataconnect"},"message":"E0708 03:55:01.155560    2600 watch.go:40] Failed to load config from \"/Users/vishseen/Developer/projects/nxt-vish-studio-v1/dataconnect\": could not find dataconnect.yaml in `/Users/vishseen/Developer/projects/nxt-vish-studio-v1/dataconnect`\nE0708 03:55:01.155527    2600 watch.go:116] watchAllDir unable to walk dir `/Users/vishseen/Developer/projects/nxt-vish-studio-v1/dataconnect`: lstat /Users/vishseen/Developer/projects/nxt-vish-studio-v1/dataconnect: no such file or directory\n"}}
[debug] [2026-07-07T23:55:11.156Z] E0708 03:55:11.155783    2600 watch.go:40] Failed to load config from "/Users/vishseen/Developer/projects/nxt-vish-studio-v1/dataconnect": could not find dataconnect.yaml in `/Users/vishseen/Developer/projects/nxt-vish-studio-v1/dataconnect`
 {"metadata":{"emulator":{"name":"dataconnect"},"message":"E0708 03:55:11.155783    2600 watch.go:40] Failed to load config from \"/Users/vishseen/Developer/projects/nxt-vish-studio-v1/dataconnect\": could not find dataconnect.yaml in `/Users/vishseen/Developer/projects/nxt-vish-studio-v1/dataconnect`\n"}}
[debug] [2026-07-07T23:55:21.156Z] E0708 03:55:21.155941    2600 watch.go:40] Failed to load config from "/Users/vishseen/Developer/projects/nxt-vish-studio-v1/dataconnect": could not find dataconnect.yaml in `/Users/vishseen/Developer/projects/nxt-vish-studio-v1/dataconnect`
 {"metadata":{"emulator":{"name":"dataconnect"},"message":"E0708 03:55:21.155941    2600 watch.go:40] Failed to load config from \"/Users/vishseen/Developer/projects/nxt-vish-studio-v1/dataconnect\": could not find dataconnect.yaml in `/Users/vishseen/Developer/projects/nxt-vish-studio-v1/dataconnect`\n"}}
[debug] [2026-07-07T23:55:31.157Z] E0708 03:55:31.156429    2600 watch.go:40] Failed to load config from "/Users/vishseen/Developer/projects/nxt-vish-studio-v1/dataconnect": could not find dataconnect.yaml in `/Users/vishseen/Developer/projects/nxt-vish-studio-v1/dataconnect`
 {"metadata":{"emulator":{"name":"dataconnect"},"message":"E0708 03:55:31.156429    2600 watch.go:40] Failed to load config from \"/Users/vishseen/Developer/projects/nxt-vish-studio-v1/dataconnect\": could not find dataconnect.yaml in `/Users/vishseen/Developer/projects/nxt-vish-studio-v1/dataconnect`\n"}}
[debug] [2026-07-07T23:55:41.155Z] E0708 03:55:41.155038    2600 watch.go:40] Failed to load config from "/Users/vishseen/Developer/projects/nxt-vish-studio-v1/dataconnect": could not find dataconnect.yaml in `/Users/vishseen/Developer/projects/nxt-vish-studio-v1/dataconnect`
 {"metadata":{"emulator":{"name":"dataconnect"},"message":"E0708 03:55:41.155038    2600 watch.go:40] Failed to load config from \"/Users/vishseen/Developer/projects/nxt-vish-studio-v1/dataconnect\": could not find dataconnect.yaml in `/Users/vishseen/Developer/projects/nxt-vish-studio-v1/dataconnect`\n"}}
[debug] [2026-07-07T23:55:51.156Z] E0708 03:55:51.155987    2600 watch.go:40] Failed to load config from "/Users/vishseen/Developer/projects/nxt-vish-studio-v1/dataconnect": could not find dataconnect.yaml in `/Users/vishseen/Developer/projects/nxt-vish-studio-v1/dataconnect`
 {"metadata":{"emulator":{"name":"dataconnect"},"message":"E0708 03:55:51.155987    2600 watch.go:40] Failed to load config from \"/Users/vishseen/Developer/projects/nxt-vish-studio-v1/dataconnect\": could not find dataconnect.yaml in `/Users/vishseen/Developer/projects/nxt-vish-studio-v1/dataconnect`\n"}}
[debug] [2026-07-07T23:56:01.156Z] E0708 03:56:01.155941    2600 watch.go:40] Failed to load config from "/Users/vishseen/Developer/projects/nxt-vish-studio-v1/dataconnect": could not find dataconnect.yaml in `/Users/vishseen/Developer/projects/nxt-vish-studio-v1/dataconnect`
E0708 03:56:01.155919    2600 watch.go:116] watchAllDir unable to walk dir `/Users/vishseen/Developer/projects/nxt-vish-studio-v1/dataconnect`: lstat /Users/vishseen/Developer/projects/nxt-vish-studio-v1/dataconnect: no such file or directory
 {"metadata":{"emulator":{"name":"dataconnect"},"message":"E0708 03:56:01.155941    2600 watch.go:40] Failed to load config from \"/Users/vishseen/Developer/projects/nxt-vish-studio-v1/dataconnect\": could not find dataconnect.yaml in `/Users/vishseen/Developer/projects/nxt-vish-studio-v1/dataconnect`\nE0708 03:56:01.155919    2600 watch.go:116] watchAllDir unable to walk dir `/Users/vishseen/Developer/projects/nxt-vish-studio-v1/dataconnect`: lstat /Users/vishseen/Developer/projects/nxt-vish-studio-v1/dataconnect: no such file or directory\n"}}
[debug] [2026-07-07T23:56:11.155Z] E0708 03:56:11.155184    2600 watch.go:40] Failed to load config from "/Users/vishseen/Developer/projects/nxt-vish-studio-v1/dataconnect": could not find dataconnect.yaml in `/Users/vishseen/Developer/projects/nxt-vish-studio-v1/dataconnect`
 {"metadata":{"emulator":{"name":"dataconnect"},"message":"E0708 03:56:11.155184    2600 watch.go:40] Failed to load config from \"/Users/vishseen/Developer/projects/nxt-vish-studio-v1/dataconnect\": could not find dataconnect.yaml in `/Users/vishseen/Developer/projects/nxt-vish-studio-v1/dataconnect`\n"}}
[debug] [2026-07-07T23:56:21.156Z] E0708 03:56:21.156215    2600 watch.go:40] Failed to load config from "/Users/vishseen/Developer/projects/nxt-vish-studio-v1/dataconnect": could not find dataconnect.yaml in `/Users/vishseen/Developer/projects/nxt-vish-studio-v1/dataconnect`
 {"metadata":{"emulator":{"name":"dataconnect"},"message":"E0708 03:56:21.156215    2600 watch.go:40] Failed to load config from \"/Users/vishseen/Developer/projects/nxt-vish-studio-v1/dataconnect\": could not find dataconnect.yaml in `/Users/vishseen/Developer/projects/nxt-vish-studio-v1/dataconnect`\n"}}
[debug] [2026-07-07T23:56:31.156Z] E0708 03:56:31.156045    2600 watch.go:40] Failed to load config from "/Users/vishseen/Developer/projects/nxt-vish-studio-v1/dataconnect": could not find dataconnect.yaml in `/Users/vishseen/Developer/projects/nxt-vish-studio-v1/dataconnect`
 {"metadata":{"emulator":{"name":"dataconnect"},"message":"E0708 03:56:31.156045    2600 watch.go:40] Failed to load config from \"/Users/vishseen/Developer/projects/nxt-vish-studio-v1/dataconnect\": could not find dataconnect.yaml in `/Users/vishseen/Developer/projects/nxt-vish-studio-v1/dataconnect`\n"}}
[debug] [2026-07-07T23:56:41.156Z] E0708 03:56:41.156155    2600 watch.go:40] Failed to load config from "/Users/vishseen/Developer/projects/nxt-vish-studio-v1/dataconnect": could not find dataconnect.yaml in `/Users/vishseen/Developer/projects/nxt-vish-studio-v1/dataconnect`
 {"metadata":{"emulator":{"name":"dataconnect"},"message":"E0708 03:56:41.156155    2600 watch.go:40] Failed to load config from \"/Users/vishseen/Developer/projects/nxt-vish-studio-v1/dataconnect\": could not find dataconnect.yaml in `/Users/vishseen/Developer/projects/nxt-vish-studio-v1/dataconnect`\n"}}
[debug] [2026-07-07T23:56:51.156Z] E0708 03:56:51.155879    2600 watch.go:40] Failed to load config from "/Users/vishseen/Developer/projects/nxt-vish-studio-v1/dataconnect": could not find dataconnect.yaml in `/Users/vishseen/Developer/projects/nxt-vish-studio-v1/dataconnect`
 {"metadata":{"emulator":{"name":"dataconnect"},"message":"E0708 03:56:51.155879    2600 watch.go:40] Failed to load config from \"/Users/vishseen/Developer/projects/nxt-vish-studio-v1/dataconnect\": could not find dataconnect.yaml in `/Users/vishseen/Developer/projects/nxt-vish-studio-v1/dataconnect`\n"}}
[debug] [2026-07-07T23:57:01.156Z] E0708 03:57:01.156015    2600 watch.go:40] Failed to load config from "/Users/vishseen/Developer/projects/nxt-vish-studio-v1/dataconnect": could not find dataconnect.yaml in `/Users/vishseen/Developer/projects/nxt-vish-studio-v1/dataconnect`
 {"metadata":{"emulator":{"name":"dataconnect"},"message":"E0708 03:57:01.156015    2600 watch.go:40] Failed to load config from \"/Users/vishseen/Developer/projects/nxt-vish-studio-v1/dataconnect\": could not find dataconnect.yaml in `/Users/vishseen/Developer/projects/nxt-vish-studio-v1/dataconnect`\n"}}
[debug] [2026-07-07T23:57:01.159Z] E0708 03:57:01.155987    2600 watch.go:116] watchAllDir unable to walk dir `/Users/vishseen/Developer/projects/nxt-vish-studio-v1/dataconnect`: lstat /Users/vishseen/Developer/projects/nxt-vish-studio-v1/dataconnect: no such file or directory
 {"metadata":{"emulator":{"name":"dataconnect"},"message":"E0708 03:57:01.155987    2600 watch.go:116] watchAllDir unable to walk dir `/Users/vishseen/Developer/projects/nxt-vish-studio-v1/dataconnect`: lstat /Users/vishseen/Developer/projects/nxt-vish-studio-v1/dataconnect: no such file or directory\n"}}
[debug] [2026-07-07T23:57:11.155Z] E0708 03:57:11.155128    2600 watch.go:40] Failed to load config from "/Users/vishseen/Developer/projects/nxt-vish-studio-v1/dataconnect": could not find dataconnect.yaml in `/Users/vishseen/Developer/projects/nxt-vish-studio-v1/dataconnect`
 {"metadata":{"emulator":{"name":"dataconnect"},"message":"E0708 03:57:11.155128    2600 watch.go:40] Failed to load config from \"/Users/vishseen/Developer/projects/nxt-vish-studio-v1/dataconnect\": could not find dataconnect.yaml in `/Users/vishseen/Developer/projects/nxt-vish-studio-v1/dataconnect`\n"}}
[debug] [2026-07-07T23:57:21.156Z] E0708 03:57:21.156097    2600 watch.go:40] Failed to load config from "/Users/vishseen/Developer/projects/nxt-vish-studio-v1/dataconnect": could not find dataconnect.yaml in `/Users/vishseen/Developer/projects/nxt-vish-studio-v1/dataconnect`
 {"metadata":{"emulator":{"name":"dataconnect"},"message":"E0708 03:57:21.156097    2600 watch.go:40] Failed to load config from \"/Users/vishseen/Developer/projects/nxt-vish-studio-v1/dataconnect\": could not find dataconnect.yaml in `/Users/vishseen/Developer/projects/nxt-vish-studio-v1/dataconnect`\n"}}
[debug] [2026-07-07T23:57:31.156Z] E0708 03:57:31.156060    2600 watch.go:40] Failed to load config from "/Users/vishseen/Developer/projects/nxt-vish-studio-v1/dataconnect": could not find dataconnect.yaml in `/Users/vishseen/Developer/projects/nxt-vish-studio-v1/dataconnect`
 {"metadata":{"emulator":{"name":"dataconnect"},"message":"E0708 03:57:31.156060    2600 watch.go:40] Failed to load config from \"/Users/vishseen/Developer/projects/nxt-vish-studio-v1/dataconnect\": could not find dataconnect.yaml in `/Users/vishseen/Developer/projects/nxt-vish-studio-v1/dataconnect`\n"}}
[debug] [2026-07-07T23:57:41.156Z] E0708 03:57:41.156078    2600 watch.go:40] Failed to load config from "/Users/vishseen/Developer/projects/nxt-vish-studio-v1/dataconnect": could not find dataconnect.yaml in `/Users/vishseen/Developer/projects/nxt-vish-studio-v1/dataconnect`
 {"metadata":{"emulator":{"name":"dataconnect"},"message":"E0708 03:57:41.156078    2600 watch.go:40] Failed to load config from \"/Users/vishseen/Developer/projects/nxt-vish-studio-v1/dataconnect\": could not find dataconnect.yaml in `/Users/vishseen/Developer/projects/nxt-vish-studio-v1/dataconnect`\n"}}
[debug] [2026-07-07T23:57:51.155Z] E0708 03:57:51.155583    2600 watch.go:40] Failed to load config from "/Users/vishseen/Developer/projects/nxt-vish-studio-v1/dataconnect": could not find dataconnect.yaml in `/Users/vishseen/Developer/projects/nxt-vish-studio-v1/dataconnect`
 {"metadata":{"emulator":{"name":"dataconnect"},"message":"E0708 03:57:51.155583    2600 watch.go:40] Failed to load config from \"/Users/vishseen/Developer/projects/nxt-vish-studio-v1/dataconnect\": could not find dataconnect.yaml in `/Users/vishseen/Developer/projects/nxt-vish-studio-v1/dataconnect`\n"}}
[debug] [2026-07-07T23:58:01.156Z] E0708 03:58:01.156180    2600 watch.go:40] Failed to load config from "/Users/vishseen/Developer/projects/nxt-vish-studio-v1/dataconnect": could not find dataconnect.yaml in `/Users/vishseen/Developer/projects/nxt-vish-studio-v1/dataconnect`
E0708 03:58:01.156120    2600 watch.go:116] watchAllDir unable to walk dir `/Users/vishseen/Developer/projects/nxt-vish-studio-v1/dataconnect`: lstat /Users/vishseen/Developer/projects/nxt-vish-studio-v1/dataconnect: no such file or directory
 {"metadata":{"emulator":{"name":"dataconnect"},"message":"E0708 03:58:01.156180    2600 watch.go:40] Failed to load config from \"/Users/vishseen/Developer/projects/nxt-vish-studio-v1/dataconnect\": could not find dataconnect.yaml in `/Users/vishseen/Developer/projects/nxt-vish-studio-v1/dataconnect`\nE0708 03:58:01.156120    2600 watch.go:116] watchAllDir unable to walk dir `/Users/vishseen/Developer/projects/nxt-vish-studio-v1/dataconnect`: lstat /Users/vishseen/Developer/projects/nxt-vish-studio-v1/dataconnect: no such file or directory\n"}}
[debug] [2026-07-07T23:58:11.156Z] E0708 03:58:11.156166    2600 watch.go:40] Failed to load config from "/Users/vishseen/Developer/projects/nxt-vish-studio-v1/dataconnect": could not find dataconnect.yaml in `/Users/vishseen/Developer/projects/nxt-vish-studio-v1/dataconnect`
 {"metadata":{"emulator":{"name":"dataconnect"},"message":"E0708 03:58:11.156166    2600 watch.go:40] Failed to load config from \"/Users/vishseen/Developer/projects/nxt-vish-studio-v1/dataconnect\": could not find dataconnect.yaml in `/Users/vishseen/Developer/projects/nxt-vish-studio-v1/dataconnect`\n"}}
[debug] [2026-07-07T23:58:21.156Z] E0708 03:58:21.156247    2600 watch.go:40] Failed to load config from "/Users/vishseen/Developer/projects/nxt-vish-studio-v1/dataconnect": could not find dataconnect.yaml in `/Users/vishseen/Developer/projects/nxt-vish-studio-v1/dataconnect`
 {"metadata":{"emulator":{"name":"dataconnect"},"message":"E0708 03:58:21.156247    2600 watch.go:40] Failed to load config from \"/Users/vishseen/Developer/projects/nxt-vish-studio-v1/dataconnect\": could not find dataconnect.yaml in `/Users/vishseen/Developer/projects/nxt-vish-studio-v1/dataconnect`\n"}}
[debug] [2026-07-07T23:58:31.156Z] E0708 03:58:31.156155    2600 watch.go:40] Failed to load config from "/Users/vishseen/Developer/projects/nxt-vish-studio-v1/dataconnect": could not find dataconnect.yaml in `/Users/vishseen/Developer/projects/nxt-vish-studio-v1/dataconnect`
 {"metadata":{"emulator":{"name":"dataconnect"},"message":"E0708 03:58:31.156155    2600 watch.go:40] Failed to load config from \"/Users/vishseen/Developer/projects/nxt-vish-studio-v1/dataconnect\": could not find dataconnect.yaml in `/Users/vishseen/Developer/projects/nxt-vish-studio-v1/dataconnect`\n"}}
[debug] [2026-07-07T23:58:41.156Z] E0708 03:58:41.156291    2600 watch.go:40] Failed to load config from "/Users/vishseen/Developer/projects/nxt-vish-studio-v1/dataconnect": could not find dataconnect.yaml in `/Users/vishseen/Developer/projects/nxt-vish-studio-v1/dataconnect`
 {"metadata":{"emulator":{"name":"dataconnect"},"message":"E0708 03:58:41.156291    2600 watch.go:40] Failed to load config from \"/Users/vishseen/Developer/projects/nxt-vish-studio-v1/dataconnect\": could not find dataconnect.yaml in `/Users/vishseen/Developer/projects/nxt-vish-studio-v1/dataconnect`\n"}}
[debug] [2026-07-07T23:58:51.156Z] E0708 03:58:51.156221    2600 watch.go:40] Failed to load config from "/Users/vishseen/Developer/projects/nxt-vish-studio-v1/dataconnect": could not find dataconnect.yaml in `/Users/vishseen/Developer/projects/nxt-vish-studio-v1/dataconnect`
 {"metadata":{"emulator":{"name":"dataconnect"},"message":"E0708 03:58:51.156221    2600 watch.go:40] Failed to load config from \"/Users/vishseen/Developer/projects/nxt-vish-studio-v1/dataconnect\": could not find dataconnect.yaml in `/Users/vishseen/Developer/projects/nxt-vish-studio-v1/dataconnect`\n"}}
[debug] [2026-07-07T23:59:01.155Z] E0708 03:59:01.155676    2600 watch.go:116] watchAllDir unable to walk dir `/Users/vishseen/Developer/projects/nxt-vish-studio-v1/dataconnect`: lstat /Users/vishseen/Developer/projects/nxt-vish-studio-v1/dataconnect: no such file or directory
E0708 03:59:01.155732    2600 watch.go:40] Failed to load config from "/Users/vishseen/Developer/projects/nxt-vish-studio-v1/dataconnect": could not find dataconnect.yaml in `/Users/vishseen/Developer/projects/nxt-vish-studio-v1/dataconnect`
 {"metadata":{"emulator":{"name":"dataconnect"},"message":"E0708 03:59:01.155676    2600 watch.go:116] watchAllDir unable to walk dir `/Users/vishseen/Developer/projects/nxt-vish-studio-v1/dataconnect`: lstat /Users/vishseen/Developer/projects/nxt-vish-studio-v1/dataconnect: no such file or directory\nE0708 03:59:01.155732    2600 watch.go:40] Failed to load config from \"/Users/vishseen/Developer/projects/nxt-vish-studio-v1/dataconnect\": could not find dataconnect.yaml in `/Users/vishseen/Developer/projects/nxt-vish-studio-v1/dataconnect`\n"}}
[debug] [2026-07-07T23:59:11.157Z] E0708 03:59:11.156767    2600 watch.go:40] Failed to load config from "/Users/vishseen/Developer/projects/nxt-vish-studio-v1/dataconnect": could not find dataconnect.yaml in `/Users/vishseen/Developer/projects/nxt-vish-studio-v1/dataconnect`
 {"metadata":{"emulator":{"name":"dataconnect"},"message":"E0708 03:59:11.156767    2600 watch.go:40] Failed to load config from \"/Users/vishseen/Developer/projects/nxt-vish-studio-v1/dataconnect\": could not find dataconnect.yaml in `/Users/vishseen/Developer/projects/nxt-vish-studio-v1/dataconnect`\n"}}
[debug] [2026-07-07T23:59:21.156Z] E0708 03:59:21.156264    2600 watch.go:40] Failed to load config from "/Users/vishseen/Developer/projects/nxt-vish-studio-v1/dataconnect": could not find dataconnect.yaml in `/Users/vishseen/Developer/projects/nxt-vish-studio-v1/dataconnect`
 {"metadata":{"emulator":{"name":"dataconnect"},"message":"E0708 03:59:21.156264    2600 watch.go:40] Failed to load config from \"/Users/vishseen/Developer/projects/nxt-vish-studio-v1/dataconnect\": could not find dataconnect.yaml in `/Users/vishseen/Developer/projects/nxt-vish-studio-v1/dataconnect`\n"}}
[debug] [2026-07-07T23:59:31.156Z] E0708 03:59:31.156281    2600 watch.go:40] Failed to load config from "/Users/vishseen/Developer/projects/nxt-vish-studio-v1/dataconnect": could not find dataconnect.yaml in `/Users/vishseen/Developer/projects/nxt-vish-studio-v1/dataconnect`
 {"metadata":{"emulator":{"name":"dataconnect"},"message":"E0708 03:59:31.156281    2600 watch.go:40] Failed to load config from \"/Users/vishseen/Developer/projects/nxt-vish-studio-v1/dataconnect\": could not find dataconnect.yaml in `/Users/vishseen/Developer/projects/nxt-vish-studio-v1/dataconnect`\n"}}
[debug] [2026-07-07T23:59:41.156Z] E0708 03:59:41.156346    2600 watch.go:40] Failed to load config from "/Users/vishseen/Developer/projects/nxt-vish-studio-v1/dataconnect": could not find dataconnect.yaml in `/Users/vishseen/Developer/projects/nxt-vish-studio-v1/dataconnect`
 {"metadata":{"emulator":{"name":"dataconnect"},"message":"E0708 03:59:41.156346    2600 watch.go:40] Failed to load config from \"/Users/vishseen/Developer/projects/nxt-vish-studio-v1/dataconnect\": could not find dataconnect.yaml in `/Users/vishseen/Developer/projects/nxt-vish-studio-v1/dataconnect`\n"}}
[debug] [2026-07-07T23:59:51.156Z] E0708 03:59:51.156376    2600 watch.go:40] Failed to load config from "/Users/vishseen/Developer/projects/nxt-vish-studio-v1/dataconnect": could not find dataconnect.yaml in `/Users/vishseen/Developer/projects/nxt-vish-studio-v1/dataconnect`
 {"metadata":{"emulator":{"name":"dataconnect"},"message":"E0708 03:59:51.156376    2600 watch.go:40] Failed to load config from \"/Users/vishseen/Developer/projects/nxt-vish-studio-v1/dataconnect\": could not find dataconnect.yaml in `/Users/vishseen/Developer/projects/nxt-vish-studio-v1/dataconnect`\n"}}
[debug] [2026-07-08T00:00:01.155Z] E0708 04:00:01.155465    2600 watch.go:40] Failed to load config from "/Users/vishseen/Developer/projects/nxt-vish-studio-v1/dataconnect": could not find dataconnect.yaml in `/Users/vishseen/Developer/projects/nxt-vish-studio-v1/dataconnect`
E0708 04:00:01.155436    2600 watch.go:116] watchAllDir unable to walk dir `/Users/vishseen/Developer/projects/nxt-vish-studio-v1/dataconnect`: lstat /Users/vishseen/Developer/projects/nxt-vish-studio-v1/dataconnect: no such file or directory
 {"metadata":{"emulator":{"name":"dataconnect"},"message":"E0708 04:00:01.155465    2600 watch.go:40] Failed to load config from \"/Users/vishseen/Developer/projects/nxt-vish-studio-v1/dataconnect\": could not find dataconnect.yaml in `/Users/vishseen/Developer/projects/nxt-vish-studio-v1/dataconnect`\nE0708 04:00:01.155436    2600 watch.go:116] watchAllDir unable to walk dir `/Users/vishseen/Developer/projects/nxt-vish-studio-v1/dataconnect`: lstat /Users/vishseen/Developer/projects/nxt-vish-studio-v1/dataconnect: no such file or directory\n"}}
[debug] [2026-07-08T00:00:11.156Z] E0708 04:00:11.156566    2600 watch.go:40] Failed to load config from "/Users/vishseen/Developer/projects/nxt-vish-studio-v1/dataconnect": could not find dataconnect.yaml in `/Users/vishseen/Developer/projects/nxt-vish-studio-v1/dataconnect`
 {"metadata":{"emulator":{"name":"dataconnect"},"message":"E0708 04:00:11.156566    2600 watch.go:40] Failed to load config from \"/Users/vishseen/Developer/projects/nxt-vish-studio-v1/dataconnect\": could not find dataconnect.yaml in `/Users/vishseen/Developer/projects/nxt-vish-studio-v1/dataconnect`\n"}}
[debug] [2026-07-08T00:00:21.156Z] E0708 04:00:21.156531    2600 watch.go:40] Failed to load config from "/Users/vishseen/Developer/projects/nxt-vish-studio-v1/dataconnect": could not find dataconnect.yaml in `/Users/vishseen/Developer/projects/nxt-vish-studio-v1/dataconnect`
 {"metadata":{"emulator":{"name":"dataconnect"},"message":"E0708 04:00:21.156531    2600 watch.go:40] Failed to load config from \"/Users/vishseen/Developer/projects/nxt-vish-studio-v1/dataconnect\": could not find dataconnect.yaml in `/Users/vishseen/Developer/projects/nxt-vish-studio-v1/dataconnect`\n"}}
[debug] [2026-07-08T00:00:31.156Z] E0708 04:00:31.156477    2600 watch.go:40] Failed to load config from "/Users/vishseen/Developer/projects/nxt-vish-studio-v1/dataconnect": could not find dataconnect.yaml in `/Users/vishseen/Developer/projects/nxt-vish-studio-v1/dataconnect`
 {"metadata":{"emulator":{"name":"dataconnect"},"message":"E0708 04:00:31.156477    2600 watch.go:40] Failed to load config from \"/Users/vishseen/Developer/projects/nxt-vish-studio-v1/dataconnect\": could not find dataconnect.yaml in `/Users/vishseen/Developer/projects/nxt-vish-studio-v1/dataconnect`\n"}}
[debug] [2026-07-08T00:00:41.156Z] E0708 04:00:41.156428    2600 watch.go:40] Failed to load config from "/Users/vishseen/Developer/projects/nxt-vish-studio-v1/dataconnect": could not find dataconnect.yaml in `/Users/vishseen/Developer/projects/nxt-vish-studio-v1/dataconnect`
 {"metadata":{"emulator":{"name":"dataconnect"},"message":"E0708 04:00:41.156428    2600 watch.go:40] Failed to load config from \"/Users/vishseen/Developer/projects/nxt-vish-studio-v1/dataconnect\": could not find dataconnect.yaml in `/Users/vishseen/Developer/projects/nxt-vish-studio-v1/dataconnect`\n"}}
[debug] [2026-07-08T00:00:51.156Z] E0708 04:00:51.156559    2600 watch.go:40] Failed to load config from "/Users/vishseen/Developer/projects/nxt-vish-studio-v1/dataconnect": could not find dataconnect.yaml in `/Users/vishseen/Developer/projects/nxt-vish-studio-v1/dataconnect`
 {"metadata":{"emulator":{"name":"dataconnect"},"message":"E0708 04:00:51.156559    2600 watch.go:40] Failed to load config from \"/Users/vishseen/Developer/projects/nxt-vish-studio-v1/dataconnect\": could not find dataconnect.yaml in `/Users/vishseen/Developer/projects/nxt-vish-studio-v1/dataconnect`\n"}}
[debug] [2026-07-08T00:01:01.156Z] E0708 04:01:01.156460    2600 watch.go:116] watchAllDir unable to walk dir `/Users/vishseen/Developer/projects/nxt-vish-studio-v1/dataconnect`: lstat /Users/vishseen/Developer/projects/nxt-vish-studio-v1/dataconnect: no such file or directory
E0708 04:01:01.156510    2600 watch.go:40] Failed to load config from "/Users/vishseen/Developer/projects/nxt-vish-studio-v1/dataconnect": could not find dataconnect.yaml in `/Users/vishseen/Developer/projects/nxt-vish-studio-v1/dataconnect`
 {"metadata":{"emulator":{"name":"dataconnect"},"message":"E0708 04:01:01.156460    2600 watch.go:116] watchAllDir unable to walk dir `/Users/vishseen/Developer/projects/nxt-vish-studio-v1/dataconnect`: lstat /Users/vishseen/Developer/projects/nxt-vish-studio-v1/dataconnect: no such file or directory\nE0708 04:01:01.156510    2600 watch.go:40] Failed to load config from \"/Users/vishseen/Developer/projects/nxt-vish-studio-v1/dataconnect\": could not find dataconnect.yaml in `/Users/vishseen/Developer/projects/nxt-vish-studio-v1/dataconnect`\n"}}
[debug] [2026-07-08T00:01:11.155Z] E0708 04:01:11.155637    2600 watch.go:40] Failed to load config from "/Users/vishseen/Developer/projects/nxt-vish-studio-v1/dataconnect": could not find dataconnect.yaml in `/Users/vishseen/Developer/projects/nxt-vish-studio-v1/dataconnect`
 {"metadata":{"emulator":{"name":"dataconnect"},"message":"E0708 04:01:11.155637    2600 watch.go:40] Failed to load config from \"/Users/vishseen/Developer/projects/nxt-vish-studio-v1/dataconnect\": could not find dataconnect.yaml in `/Users/vishseen/Developer/projects/nxt-vish-studio-v1/dataconnect`\n"}}
[debug] [2026-07-08T00:01:21.157Z] E0708 04:01:21.156997    2600 watch.go:40] Failed to load config from "/Users/vishseen/Developer/projects/nxt-vish-studio-v1/dataconnect": could not find dataconnect.yaml in `/Users/vishseen/Developer/projects/nxt-vish-studio-v1/dataconnect`
 {"metadata":{"emulator":{"name":"dataconnect"},"message":"E0708 04:01:21.156997    2600 watch.go:40] Failed to load config from \"/Users/vishseen/Developer/projects/nxt-vish-studio-v1/dataconnect\": could not find dataconnect.yaml in `/Users/vishseen/Developer/projects/nxt-vish-studio-v1/dataconnect`\n"}}
[debug] [2026-07-08T00:01:31.156Z] E0708 04:01:31.156549    2600 watch.go:40] Failed to load config from "/Users/vishseen/Developer/projects/nxt-vish-studio-v1/dataconnect": could not find dataconnect.yaml in `/Users/vishseen/Developer/projects/nxt-vish-studio-v1/dataconnect`
 {"metadata":{"emulator":{"name":"dataconnect"},"message":"E0708 04:01:31.156549    2600 watch.go:40] Failed to load config from \"/Users/vishseen/Developer/projects/nxt-vish-studio-v1/dataconnect\": could not find dataconnect.yaml in `/Users/vishseen/Developer/projects/nxt-vish-studio-v1/dataconnect`\n"}}
[debug] [2026-07-08T00:01:41.156Z] E0708 04:01:41.156493    2600 watch.go:40] Failed to load config from "/Users/vishseen/Developer/projects/nxt-vish-studio-v1/dataconnect": could not find dataconnect.yaml in `/Users/vishseen/Developer/projects/nxt-vish-studio-v1/dataconnect`
 {"metadata":{"emulator":{"name":"dataconnect"},"message":"E0708 04:01:41.156493    2600 watch.go:40] Failed to load config from \"/Users/vishseen/Developer/projects/nxt-vish-studio-v1/dataconnect\": could not find dataconnect.yaml in `/Users/vishseen/Developer/projects/nxt-vish-studio-v1/dataconnect`\n"}}
[debug] [2026-07-08T00:01:51.157Z] E0708 04:01:51.156649    2600 watch.go:40] Failed to load config from "/Users/vishseen/Developer/projects/nxt-vish-studio-v1/dataconnect": could not find dataconnect.yaml in `/Users/vishseen/Developer/projects/nxt-vish-studio-v1/dataconnect`
 {"metadata":{"emulator":{"name":"dataconnect"},"message":"E0708 04:01:51.156649    2600 watch.go:40] Failed to load config from \"/Users/vishseen/Developer/projects/nxt-vish-studio-v1/dataconnect\": could not find dataconnect.yaml in `/Users/vishseen/Developer/projects/nxt-vish-studio-v1/dataconnect`\n"}}
[debug] [2026-07-08T00:02:01.156Z] E0708 04:02:01.156131    2600 watch.go:40] Failed to load config from "/Users/vishseen/Developer/projects/nxt-vish-studio-v1/dataconnect": could not find dataconnect.yaml in `/Users/vishseen/Developer/projects/nxt-vish-studio-v1/dataconnect`
E0708 04:02:01.156073    2600 watch.go:116] watchAllDir unable to walk dir `/Users/vishseen/Developer/projects/nxt-vish-studio-v1/dataconnect`: lstat /Users/vishseen/Developer/projects/nxt-vish-studio-v1/dataconnect: no such file or directory
 {"metadata":{"emulator":{"name":"dataconnect"},"message":"E0708 04:02:01.156131    2600 watch.go:40] Failed to load config from \"/Users/vishseen/Developer/projects/nxt-vish-studio-v1/dataconnect\": could not find dataconnect.yaml in `/Users/vishseen/Developer/projects/nxt-vish-studio-v1/dataconnect`\nE0708 04:02:01.156073    2600 watch.go:116] watchAllDir unable to walk dir `/Users/vishseen/Developer/projects/nxt-vish-studio-v1/dataconnect`: lstat /Users/vishseen/Developer/projects/nxt-vish-studio-v1/dataconnect: no such file or directory\n"}}
[debug] [2026-07-08T00:02:11.157Z] E0708 04:02:11.156696    2600 watch.go:40] Failed to load config from "/Users/vishseen/Developer/projects/nxt-vish-studio-v1/dataconnect": could not find dataconnect.yaml in `/Users/vishseen/Developer/projects/nxt-vish-studio-v1/dataconnect`
 {"metadata":{"emulator":{"name":"dataconnect"},"message":"E0708 04:02:11.156696    2600 watch.go:40] Failed to load config from \"/Users/vishseen/Developer/projects/nxt-vish-studio-v1/dataconnect\": could not find dataconnect.yaml in `/Users/vishseen/Developer/projects/nxt-vish-studio-v1/dataconnect`\n"}}
[debug] [2026-07-08T00:02:21.157Z] E0708 04:02:21.156754    2600 watch.go:40] Failed to load config from "/Users/vishseen/Developer/projects/nxt-vish-studio-v1/dataconnect": could not find dataconnect.yaml in `/Users/vishseen/Developer/projects/nxt-vish-studio-v1/dataconnect`
 {"metadata":{"emulator":{"name":"dataconnect"},"message":"E0708 04:02:21.156754    2600 watch.go:40] Failed to load config from \"/Users/vishseen/Developer/projects/nxt-vish-studio-v1/dataconnect\": could not find dataconnect.yaml in `/Users/vishseen/Developer/projects/nxt-vish-studio-v1/dataconnect`\n"}}
[debug] [2026-07-08T00:02:31.156Z] E0708 04:02:31.156495    2600 watch.go:40] Failed to load config from "/Users/vishseen/Developer/projects/nxt-vish-studio-v1/dataconnect": could not find dataconnect.yaml in `/Users/vishseen/Developer/projects/nxt-vish-studio-v1/dataconnect`
 {"metadata":{"emulator":{"name":"dataconnect"},"message":"E0708 04:02:31.156495    2600 watch.go:40] Failed to load config from \"/Users/vishseen/Developer/projects/nxt-vish-studio-v1/dataconnect\": could not find dataconnect.yaml in `/Users/vishseen/Developer/projects/nxt-vish-studio-v1/dataconnect`\n"}}
[debug] [2026-07-08T00:02:41.157Z] E0708 04:02:41.156664    2600 watch.go:40] Failed to load config from "/Users/vishseen/Developer/projects/nxt-vish-studio-v1/dataconnect": could not find dataconnect.yaml in `/Users/vishseen/Developer/projects/nxt-vish-studio-v1/dataconnect`
 {"metadata":{"emulator":{"name":"dataconnect"},"message":"E0708 04:02:41.156664    2600 watch.go:40] Failed to load config from \"/Users/vishseen/Developer/projects/nxt-vish-studio-v1/dataconnect\": could not find dataconnect.yaml in `/Users/vishseen/Developer/projects/nxt-vish-studio-v1/dataconnect`\n"}}
[debug] [2026-07-08T00:02:51.157Z] E0708 04:02:51.156689    2600 watch.go:40] Failed to load config from "/Users/vishseen/Developer/projects/nxt-vish-studio-v1/dataconnect": could not find dataconnect.yaml in `/Users/vishseen/Developer/projects/nxt-vish-studio-v1/dataconnect`
 {"metadata":{"emulator":{"name":"dataconnect"},"message":"E0708 04:02:51.156689    2600 watch.go:40] Failed to load config from \"/Users/vishseen/Developer/projects/nxt-vish-studio-v1/dataconnect\": could not find dataconnect.yaml in `/Users/vishseen/Developer/projects/nxt-vish-studio-v1/dataconnect`\n"}}
[debug] [2026-07-08T00:03:01.157Z] E0708 04:03:01.156758    2600 watch.go:116] watchAllDir unable to walk dir `/Users/vishseen/Developer/projects/nxt-vish-studio-v1/dataconnect`: lstat /Users/vishseen/Developer/projects/nxt-vish-studio-v1/dataconnect: no such file or directory
E0708 04:03:01.156777    2600 watch.go:40] Failed to load config from "/Users/vishseen/Developer/projects/nxt-vish-studio-v1/dataconnect": could not find dataconnect.yaml in `/Users/vishseen/Developer/projects/nxt-vish-studio-v1/dataconnect`
 {"metadata":{"emulator":{"name":"dataconnect"},"message":"E0708 04:03:01.156758    2600 watch.go:116] watchAllDir unable to walk dir `/Users/vishseen/Developer/projects/nxt-vish-studio-v1/dataconnect`: lstat /Users/vishseen/Developer/projects/nxt-vish-studio-v1/dataconnect: no such file or directory\nE0708 04:03:01.156777    2600 watch.go:40] Failed to load config from \"/Users/vishseen/Developer/projects/nxt-vish-studio-v1/dataconnect\": could not find dataconnect.yaml in `/Users/vishseen/Developer/projects/nxt-vish-studio-v1/dataconnect`\n"}}
[debug] [2026-07-08T00:03:11.157Z] E0708 04:03:11.156769    2600 watch.go:40] Failed to load config from "/Users/vishseen/Developer/projects/nxt-vish-studio-v1/dataconnect": could not find dataconnect.yaml in `/Users/vishseen/Developer/projects/nxt-vish-studio-v1/dataconnect`
 {"metadata":{"emulator":{"name":"dataconnect"},"message":"E0708 04:03:11.156769    2600 watch.go:40] Failed to load config from \"/Users/vishseen/Developer/projects/nxt-vish-studio-v1/dataconnect\": could not find dataconnect.yaml in `/Users/vishseen/Developer/projects/nxt-vish-studio-v1/dataconnect`\n"}}
[debug] [2026-07-08T00:03:21.157Z] E0708 04:03:21.156943    2600 watch.go:40] Failed to load config from "/Users/vishseen/Developer/projects/nxt-vish-studio-v1/dataconnect": could not find dataconnect.yaml in `/Users/vishseen/Developer/projects/nxt-vish-studio-v1/dataconnect`
 {"metadata":{"emulator":{"name":"dataconnect"},"message":"E0708 04:03:21.156943    2600 watch.go:40] Failed to load config from \"/Users/vishseen/Developer/projects/nxt-vish-studio-v1/dataconnect\": could not find dataconnect.yaml in `/Users/vishseen/Developer/projects/nxt-vish-studio-v1/dataconnect`\n"}}
[debug] [2026-07-08T00:03:31.156Z] E0708 04:03:31.156647    2600 watch.go:40] Failed to load config from "/Users/vishseen/Developer/projects/nxt-vish-studio-v1/dataconnect": could not find dataconnect.yaml in `/Users/vishseen/Developer/projects/nxt-vish-studio-v1/dataconnect`
 {"metadata":{"emulator":{"name":"dataconnect"},"message":"E0708 04:03:31.156647    2600 watch.go:40] Failed to load config from \"/Users/vishseen/Developer/projects/nxt-vish-studio-v1/dataconnect\": could not find dataconnect.yaml in `/Users/vishseen/Developer/projects/nxt-vish-studio-v1/dataconnect`\n"}}
[debug] [2026-07-08T00:03:41.157Z] E0708 04:03:41.156747    2600 watch.go:40] Failed to load config from "/Users/vishseen/Developer/projects/nxt-vish-studio-v1/dataconnect": could not find dataconnect.yaml in `/Users/vishseen/Developer/projects/nxt-vish-studio-v1/dataconnect`
 {"metadata":{"emulator":{"name":"dataconnect"},"message":"E0708 04:03:41.156747    2600 watch.go:40] Failed to load config from \"/Users/vishseen/Developer/projects/nxt-vish-studio-v1/dataconnect\": could not find dataconnect.yaml in `/Users/vishseen/Developer/projects/nxt-vish-studio-v1/dataconnect`\n"}}
[debug] [2026-07-08T00:03:51.157Z] E0708 04:03:51.156879    2600 watch.go:40] Failed to load config from "/Users/vishseen/Developer/projects/nxt-vish-studio-v1/dataconnect": could not find dataconnect.yaml in `/Users/vishseen/Developer/projects/nxt-vish-studio-v1/dataconnect`
 {"metadata":{"emulator":{"name":"dataconnect"},"message":"E0708 04:03:51.156879    2600 watch.go:40] Failed to load config from \"/Users/vishseen/Developer/projects/nxt-vish-studio-v1/dataconnect\": could not find dataconnect.yaml in `/Users/vishseen/Developer/projects/nxt-vish-studio-v1/dataconnect`\n"}}
[debug] [2026-07-08T00:04:01.157Z] E0708 04:04:01.156893    2600 watch.go:40] Failed to load config from "/Users/vishseen/Developer/projects/nxt-vish-studio-v1/dataconnect": could not find dataconnect.yaml in `/Users/vishseen/Developer/projects/nxt-vish-studio-v1/dataconnect`
E0708 04:04:01.156820    2600 watch.go:116] watchAllDir unable to walk dir `/Users/vishseen/Developer/projects/nxt-vish-studio-v1/dataconnect`: lstat /Users/vishseen/Developer/projects/nxt-vish-studio-v1/dataconnect: no such file or directory
 {"metadata":{"emulator":{"name":"dataconnect"},"message":"E0708 04:04:01.156893    2600 watch.go:40] Failed to load config from \"/Users/vishseen/Developer/projects/nxt-vish-studio-v1/dataconnect\": could not find dataconnect.yaml in `/Users/vishseen/Developer/projects/nxt-vish-studio-v1/dataconnect`\nE0708 04:04:01.156820    2600 watch.go:116] watchAllDir unable to walk dir `/Users/vishseen/Developer/projects/nxt-vish-studio-v1/dataconnect`: lstat /Users/vishseen/Developer/projects/nxt-vish-studio-v1/dataconnect: no such file or directory\n"}}
[debug] [2026-07-08T00:04:11.157Z] E0708 04:04:11.156907    2600 watch.go:40] Failed to load config from "/Users/vishseen/Developer/projects/nxt-vish-studio-v1/dataconnect": could not find dataconnect.yaml in `/Users/vishseen/Developer/projects/nxt-vish-studio-v1/dataconnect`
 {"metadata":{"emulator":{"name":"dataconnect"},"message":"E0708 04:04:11.156907    2600 watch.go:40] Failed to load config from \"/Users/vishseen/Developer/projects/nxt-vish-studio-v1/dataconnect\": could not find dataconnect.yaml in `/Users/vishseen/Developer/projects/nxt-vish-studio-v1/dataconnect`\n"}}
[debug] [2026-07-08T00:04:21.157Z] E0708 04:04:21.156883    2600 watch.go:40] Failed to load config from "/Users/vishseen/Developer/projects/nxt-vish-studio-v1/dataconnect": could not find dataconnect.yaml in `/Users/vishseen/Developer/projects/nxt-vish-studio-v1/dataconnect`
 {"metadata":{"emulator":{"name":"dataconnect"},"message":"E0708 04:04:21.156883    2600 watch.go:40] Failed to load config from \"/Users/vishseen/Developer/projects/nxt-vish-studio-v1/dataconnect\": could not find dataconnect.yaml in `/Users/vishseen/Developer/projects/nxt-vish-studio-v1/dataconnect`\n"}}
[debug] [2026-07-08T00:04:31.157Z] E0708 04:04:31.156821    2600 watch.go:40] Failed to load config from "/Users/vishseen/Developer/projects/nxt-vish-studio-v1/dataconnect": could not find dataconnect.yaml in `/Users/vishseen/Developer/projects/nxt-vish-studio-v1/dataconnect`
 {"metadata":{"emulator":{"name":"dataconnect"},"message":"E0708 04:04:31.156821    2600 watch.go:40] Failed to load config from \"/Users/vishseen/Developer/projects/nxt-vish-studio-v1/dataconnect\": could not find dataconnect.yaml in `/Users/vishseen/Developer/projects/nxt-vish-studio-v1/dataconnect`\n"}}
[debug] [2026-07-08T00:04:41.157Z] E0708 04:04:41.156992    2600 watch.go:40] Failed to load config from "/Users/vishseen/Developer/projects/nxt-vish-studio-v1/dataconnect": could not find dataconnect.yaml in `/Users/vishseen/Developer/projects/nxt-vish-studio-v1/dataconnect`
 {"metadata":{"emulator":{"name":"dataconnect"},"message":"E0708 04:04:41.156992    2600 watch.go:40] Failed to load config from \"/Users/vishseen/Developer/projects/nxt-vish-studio-v1/dataconnect\": could not find dataconnect.yaml in `/Users/vishseen/Developer/projects/nxt-vish-studio-v1/dataconnect`\n"}}
[debug] [2026-07-08T00:04:51.157Z] E0708 04:04:51.157031    2600 watch.go:40] Failed to load config from "/Users/vishseen/Developer/projects/nxt-vish-studio-v1/dataconnect": could not find dataconnect.yaml in `/Users/vishseen/Developer/projects/nxt-vish-studio-v1/dataconnect`
 {"metadata":{"emulator":{"name":"dataconnect"},"message":"E0708 04:04:51.157031    2600 watch.go:40] Failed to load config from \"/Users/vishseen/Developer/projects/nxt-vish-studio-v1/dataconnect\": could not find dataconnect.yaml in `/Users/vishseen/Developer/projects/nxt-vish-studio-v1/dataconnect`\n"}}
[debug] [2026-07-08T00:05:01.157Z] E0708 04:05:01.156970    2600 watch.go:40] Failed to load config from "/Users/vishseen/Developer/projects/nxt-vish-studio-v1/dataconnect": could not find dataconnect.yaml in `/Users/vishseen/Developer/projects/nxt-vish-studio-v1/dataconnect`
E0708 04:05:01.156917    2600 watch.go:116] watchAllDir unable to walk dir `/Users/vishseen/Developer/projects/nxt-vish-studio-v1/dataconnect`: lstat /Users/vishseen/Developer/projects/nxt-vish-studio-v1/dataconnect: no such file or directory
 {"metadata":{"emulator":{"name":"dataconnect"},"message":"E0708 04:05:01.156970    2600 watch.go:40] Failed to load config from \"/Users/vishseen/Developer/projects/nxt-vish-studio-v1/dataconnect\": could not find dataconnect.yaml in `/Users/vishseen/Developer/projects/nxt-vish-studio-v1/dataconnect`\nE0708 04:05:01.156917    2600 watch.go:116] watchAllDir unable to walk dir `/Users/vishseen/Developer/projects/nxt-vish-studio-v1/dataconnect`: lstat /Users/vishseen/Developer/projects/nxt-vish-studio-v1/dataconnect: no such file or directory\n"}}
[debug] [2026-07-08T00:05:11.157Z] E0708 04:05:11.157030    2600 watch.go:40] Failed to load config from "/Users/vishseen/Developer/projects/nxt-vish-studio-v1/dataconnect": could not find dataconnect.yaml in `/Users/vishseen/Developer/projects/nxt-vish-studio-v1/dataconnect`
 {"metadata":{"emulator":{"name":"dataconnect"},"message":"E0708 04:05:11.157030    2600 watch.go:40] Failed to load config from \"/Users/vishseen/Developer/projects/nxt-vish-studio-v1/dataconnect\": could not find dataconnect.yaml in `/Users/vishseen/Developer/projects/nxt-vish-studio-v1/dataconnect`\n"}}
[debug] [2026-07-08T00:05:21.157Z] E0708 04:05:21.157102    2600 watch.go:40] Failed to load config from "/Users/vishseen/Developer/projects/nxt-vish-studio-v1/dataconnect": could not find dataconnect.yaml in `/Users/vishseen/Developer/projects/nxt-vish-studio-v1/dataconnect`
 {"metadata":{"emulator":{"name":"dataconnect"},"message":"E0708 04:05:21.157102    2600 watch.go:40] Failed to load config from \"/Users/vishseen/Developer/projects/nxt-vish-studio-v1/dataconnect\": could not find dataconnect.yaml in `/Users/vishseen/Developer/projects/nxt-vish-studio-v1/dataconnect`\n"}}
[debug] [2026-07-08T00:05:31.157Z] E0708 04:05:31.157375    2600 watch.go:40] Failed to load config from "/Users/vishseen/Developer/projects/nxt-vish-studio-v1/dataconnect": could not find dataconnect.yaml in `/Users/vishseen/Developer/projects/nxt-vish-studio-v1/dataconnect`
 {"metadata":{"emulator":{"name":"dataconnect"},"message":"E0708 04:05:31.157375    2600 watch.go:40] Failed to load config from \"/Users/vishseen/Developer/projects/nxt-vish-studio-v1/dataconnect\": could not find dataconnect.yaml in `/Users/vishseen/Developer/projects/nxt-vish-studio-v1/dataconnect`\n"}}
[debug] [2026-07-08T00:05:41.158Z] E0708 04:05:41.157393    2600 watch.go:40] Failed to load config from "/Users/vishseen/Developer/projects/nxt-vish-studio-v1/dataconnect": could not find dataconnect.yaml in `/Users/vishseen/Developer/projects/nxt-vish-studio-v1/dataconnect`
 {"metadata":{"emulator":{"name":"dataconnect"},"message":"E0708 04:05:41.157393    2600 watch.go:40] Failed to load config from \"/Users/vishseen/Developer/projects/nxt-vish-studio-v1/dataconnect\": could not find dataconnect.yaml in `/Users/vishseen/Developer/projects/nxt-vish-studio-v1/dataconnect`\n"}}
[debug] [2026-07-08T00:05:51.157Z] E0708 04:05:51.156986    2600 watch.go:40] Failed to load config from "/Users/vishseen/Developer/projects/nxt-vish-studio-v1/dataconnect": could not find dataconnect.yaml in `/Users/vishseen/Developer/projects/nxt-vish-studio-v1/dataconnect`
 {"metadata":{"emulator":{"name":"dataconnect"},"message":"E0708 04:05:51.156986    2600 watch.go:40] Failed to load config from \"/Users/vishseen/Developer/projects/nxt-vish-studio-v1/dataconnect\": could not find dataconnect.yaml in `/Users/vishseen/Developer/projects/nxt-vish-studio-v1/dataconnect`\n"}}
[debug] [2026-07-08T00:06:01.157Z] E0708 04:06:01.157075    2600 watch.go:40] Failed to load config from "/Users/vishseen/Developer/projects/nxt-vish-studio-v1/dataconnect": could not find dataconnect.yaml in `/Users/vishseen/Developer/projects/nxt-vish-studio-v1/dataconnect`
E0708 04:06:01.157010    2600 watch.go:116] watchAllDir unable to walk dir `/Users/vishseen/Developer/projects/nxt-vish-studio-v1/dataconnect`: lstat /Users/vishseen/Developer/projects/nxt-vish-studio-v1/dataconnect: no such file or directory
 {"metadata":{"emulator":{"name":"dataconnect"},"message":"E0708 04:06:01.157075    2600 watch.go:40] Failed to load config from \"/Users/vishseen/Developer/projects/nxt-vish-studio-v1/dataconnect\": could not find dataconnect.yaml in `/Users/vishseen/Developer/projects/nxt-vish-studio-v1/dataconnect`\nE0708 04:06:01.157010    2600 watch.go:116] watchAllDir unable to walk dir `/Users/vishseen/Developer/projects/nxt-vish-studio-v1/dataconnect`: lstat /Users/vishseen/Developer/projects/nxt-vish-studio-v1/dataconnect: no such file or directory\n"}}
[debug] [2026-07-08T00:06:11.157Z] E0708 04:06:11.157158    2600 watch.go:40] Failed to load config from "/Users/vishseen/Developer/projects/nxt-vish-studio-v1/dataconnect": could not find dataconnect.yaml in `/Users/vishseen/Developer/projects/nxt-vish-studio-v1/dataconnect`
 {"metadata":{"emulator":{"name":"dataconnect"},"message":"E0708 04:06:11.157158    2600 watch.go:40] Failed to load config from \"/Users/vishseen/Developer/projects/nxt-vish-studio-v1/dataconnect\": could not find dataconnect.yaml in `/Users/vishseen/Developer/projects/nxt-vish-studio-v1/dataconnect`\n"}}
[debug] [2026-07-08T00:06:21.157Z] E0708 04:06:21.157116    2600 watch.go:40] Failed to load config from "/Users/vishseen/Developer/projects/nxt-vish-studio-v1/dataconnect": could not find dataconnect.yaml in `/Users/vishseen/Developer/projects/nxt-vish-studio-v1/dataconnect`
 {"metadata":{"emulator":{"name":"dataconnect"},"message":"E0708 04:06:21.157116    2600 watch.go:40] Failed to load config from \"/Users/vishseen/Developer/projects/nxt-vish-studio-v1/dataconnect\": could not find dataconnect.yaml in `/Users/vishseen/Developer/projects/nxt-vish-studio-v1/dataconnect`\n"}}
[debug] [2026-07-08T00:06:31.157Z] E0708 04:06:31.157109    2600 watch.go:40] Failed to load config from "/Users/vishseen/Developer/projects/nxt-vish-studio-v1/dataconnect": could not find dataconnect.yaml in `/Users/vishseen/Developer/projects/nxt-vish-studio-v1/dataconnect`
 {"metadata":{"emulator":{"name":"dataconnect"},"message":"E0708 04:06:31.157109    2600 watch.go:40] Failed to load config from \"/Users/vishseen/Developer/projects/nxt-vish-studio-v1/dataconnect\": could not find dataconnect.yaml in `/Users/vishseen/Developer/projects/nxt-vish-studio-v1/dataconnect`\n"}}
[debug] [2026-07-08T00:06:41.156Z] E0708 04:06:41.156463    2600 watch.go:40] Failed to load config from "/Users/vishseen/Developer/projects/nxt-vish-studio-v1/dataconnect": could not find dataconnect.yaml in `/Users/vishseen/Developer/projects/nxt-vish-studio-v1/dataconnect`
 {"metadata":{"emulator":{"name":"dataconnect"},"message":"E0708 04:06:41.156463    2600 watch.go:40] Failed to load config from \"/Users/vishseen/Developer/projects/nxt-vish-studio-v1/dataconnect\": could not find dataconnect.yaml in `/Users/vishseen/Developer/projects/nxt-vish-studio-v1/dataconnect`\n"}}
[debug] [2026-07-08T00:06:51.157Z] E0708 04:06:51.157280    2600 watch.go:40] Failed to load config from "/Users/vishseen/Developer/projects/nxt-vish-studio-v1/dataconnect": could not find dataconnect.yaml in `/Users/vishseen/Developer/projects/nxt-vish-studio-v1/dataconnect`
 {"metadata":{"emulator":{"name":"dataconnect"},"message":"E0708 04:06:51.157280    2600 watch.go:40] Failed to load config from \"/Users/vishseen/Developer/projects/nxt-vish-studio-v1/dataconnect\": could not find dataconnect.yaml in `/Users/vishseen/Developer/projects/nxt-vish-studio-v1/dataconnect`\n"}}
[debug] [2026-07-08T00:07:01.157Z] E0708 04:07:01.157170    2600 watch.go:40] Failed to load config from "/Users/vishseen/Developer/projects/nxt-vish-studio-v1/dataconnect": could not find dataconnect.yaml in `/Users/vishseen/Developer/projects/nxt-vish-studio-v1/dataconnect`
E0708 04:07:01.157079    2600 watch.go:116] watchAllDir unable to walk dir `/Users/vishseen/Developer/projects/nxt-vish-studio-v1/dataconnect`: lstat /Users/vishseen/Developer/projects/nxt-vish-studio-v1/dataconnect: no such file or directory
 {"metadata":{"emulator":{"name":"dataconnect"},"message":"E0708 04:07:01.157170    2600 watch.go:40] Failed to load config from \"/Users/vishseen/Developer/projects/nxt-vish-studio-v1/dataconnect\": could not find dataconnect.yaml in `/Users/vishseen/Developer/projects/nxt-vish-studio-v1/dataconnect`\nE0708 04:07:01.157079    2600 watch.go:116] watchAllDir unable to walk dir `/Users/vishseen/Developer/projects/nxt-vish-studio-v1/dataconnect`: lstat /Users/vishseen/Developer/projects/nxt-vish-studio-v1/dataconnect: no such file or directory\n"}}
[debug] [2026-07-08T00:07:11.158Z] E0708 04:07:11.158243    2600 watch.go:40] Failed to load config from "/Users/vishseen/Developer/projects/nxt-vish-studio-v1/dataconnect": could not find dataconnect.yaml in `/Users/vishseen/Developer/projects/nxt-vish-studio-v1/dataconnect`
 {"metadata":{"emulator":{"name":"dataconnect"},"message":"E0708 04:07:11.158243    2600 watch.go:40] Failed to load config from \"/Users/vishseen/Developer/projects/nxt-vish-studio-v1/dataconnect\": could not find dataconnect.yaml in `/Users/vishseen/Developer/projects/nxt-vish-studio-v1/dataconnect`\n"}}
[debug] [2026-07-08T00:07:21.157Z] E0708 04:07:21.157303    2600 watch.go:40] Failed to load config from "/Users/vishseen/Developer/projects/nxt-vish-studio-v1/dataconnect": could not find dataconnect.yaml in `/Users/vishseen/Developer/projects/nxt-vish-studio-v1/dataconnect`
 {"metadata":{"emulator":{"name":"dataconnect"},"message":"E0708 04:07:21.157303    2600 watch.go:40] Failed to load config from \"/Users/vishseen/Developer/projects/nxt-vish-studio-v1/dataconnect\": could not find dataconnect.yaml in `/Users/vishseen/Developer/projects/nxt-vish-studio-v1/dataconnect`\n"}}
[debug] [2026-07-08T00:07:31.157Z] E0708 04:07:31.157242    2600 watch.go:40] Failed to load config from "/Users/vishseen/Developer/projects/nxt-vish-studio-v1/dataconnect": could not find dataconnect.yaml in `/Users/vishseen/Developer/projects/nxt-vish-studio-v1/dataconnect`
 {"metadata":{"emulator":{"name":"dataconnect"},"message":"E0708 04:07:31.157242    2600 watch.go:40] Failed to load config from \"/Users/vishseen/Developer/projects/nxt-vish-studio-v1/dataconnect\": could not find dataconnect.yaml in `/Users/vishseen/Developer/projects/nxt-vish-studio-v1/dataconnect`\n"}}
[debug] [2026-07-08T00:07:41.156Z] E0708 04:07:41.155608    2600 watch.go:40] Failed to load config from "/Users/vishseen/Developer/projects/nxt-vish-studio-v1/dataconnect": could not find dataconnect.yaml in `/Users/vishseen/Developer/projects/nxt-vish-studio-v1/dataconnect`
 {"metadata":{"emulator":{"name":"dataconnect"},"message":"E0708 04:07:41.155608    2600 watch.go:40] Failed to load config from \"/Users/vishseen/Developer/projects/nxt-vish-studio-v1/dataconnect\": could not find dataconnect.yaml in `/Users/vishseen/Developer/projects/nxt-vish-studio-v1/dataconnect`\n"}}
[debug] [2026-07-08T00:07:51.143Z] E0708 04:07:51.142644    2600 watch.go:40] Failed to load config from "/Users/vishseen/Developer/projects/nxt-vish-studio-v1/dataconnect": could not find dataconnect.yaml in `/Users/vishseen/Developer/projects/nxt-vish-studio-v1/dataconnect`
 {"metadata":{"emulator":{"name":"dataconnect"},"message":"E0708 04:07:51.142644    2600 watch.go:40] Failed to load config from \"/Users/vishseen/Developer/projects/nxt-vish-studio-v1/dataconnect\": could not find dataconnect.yaml in `/Users/vishseen/Developer/projects/nxt-vish-studio-v1/dataconnect`\n"}}
[debug] [2026-07-08T00:08:01.137Z] E0708 04:08:01.136782    2600 watch.go:40] Failed to load config from "/Users/vishseen/Developer/projects/nxt-vish-studio-v1/dataconnect": could not find dataconnect.yaml in `/Users/vishseen/Developer/projects/nxt-vish-studio-v1/dataconnect`
E0708 04:08:01.136716    2600 watch.go:116] watchAllDir unable to walk dir `/Users/vishseen/Developer/projects/nxt-vish-studio-v1/dataconnect`: lstat /Users/vishseen/Developer/projects/nxt-vish-studio-v1/dataconnect: no such file or directory
 {"metadata":{"emulator":{"name":"dataconnect"},"message":"E0708 04:08:01.136782    2600 watch.go:40] Failed to load config from \"/Users/vishseen/Developer/projects/nxt-vish-studio-v1/dataconnect\": could not find dataconnect.yaml in `/Users/vishseen/Developer/projects/nxt-vish-studio-v1/dataconnect`\nE0708 04:08:01.136716    2600 watch.go:116] watchAllDir unable to walk dir `/Users/vishseen/Developer/projects/nxt-vish-studio-v1/dataconnect`: lstat /Users/vishseen/Developer/projects/nxt-vish-studio-v1/dataconnect: no such file or directory\n"}}
[debug] [2026-07-08T00:08:11.134Z] E0708 04:08:11.133868    2600 watch.go:40] Failed to load config from "/Users/vishseen/Developer/projects/nxt-vish-studio-v1/dataconnect": could not find dataconnect.yaml in `/Users/vishseen/Developer/projects/nxt-vish-studio-v1/dataconnect`
 {"metadata":{"emulator":{"name":"dataconnect"},"message":"E0708 04:08:11.133868    2600 watch.go:40] Failed to load config from \"/Users/vishseen/Developer/projects/nxt-vish-studio-v1/dataconnect\": could not find dataconnect.yaml in `/Users/vishseen/Developer/projects/nxt-vish-studio-v1/dataconnect`\n"}}
[debug] [2026-07-08T00:08:21.132Z] E0708 04:08:21.131944    2600 watch.go:40] Failed to load config from "/Users/vishseen/Developer/projects/nxt-vish-studio-v1/dataconnect": could not find dataconnect.yaml in `/Users/vishseen/Developer/projects/nxt-vish-studio-v1/dataconnect`
 {"metadata":{"emulator":{"name":"dataconnect"},"message":"E0708 04:08:21.131944    2600 watch.go:40] Failed to load config from \"/Users/vishseen/Developer/projects/nxt-vish-studio-v1/dataconnect\": could not find dataconnect.yaml in `/Users/vishseen/Developer/projects/nxt-vish-studio-v1/dataconnect`\n"}}
[debug] [2026-07-08T00:08:31.130Z] E0708 04:08:31.130134    2600 watch.go:40] Failed to load config from "/Users/vishseen/Developer/projects/nxt-vish-studio-v1/dataconnect": could not find dataconnect.yaml in `/Users/vishseen/Developer/projects/nxt-vish-studio-v1/dataconnect`
 {"metadata":{"emulator":{"name":"dataconnect"},"message":"E0708 04:08:31.130134    2600 watch.go:40] Failed to load config from \"/Users/vishseen/Developer/projects/nxt-vish-studio-v1/dataconnect\": could not find dataconnect.yaml in `/Users/vishseen/Developer/projects/nxt-vish-studio-v1/dataconnect`\n"}}
[debug] [2026-07-08T00:08:41.130Z] E0708 04:08:41.130374    2600 watch.go:40] Failed to load config from "/Users/vishseen/Developer/projects/nxt-vish-studio-v1/dataconnect": could not find dataconnect.yaml in `/Users/vishseen/Developer/projects/nxt-vish-studio-v1/dataconnect`
 {"metadata":{"emulator":{"name":"dataconnect"},"message":"E0708 04:08:41.130374    2600 watch.go:40] Failed to load config from \"/Users/vishseen/Developer/projects/nxt-vish-studio-v1/dataconnect\": could not find dataconnect.yaml in `/Users/vishseen/Developer/projects/nxt-vish-studio-v1/dataconnect`\n"}}
[debug] [2026-07-08T00:08:51.130Z] E0708 04:08:51.130257    2600 watch.go:40] Failed to load config from "/Users/vishseen/Developer/projects/nxt-vish-studio-v1/dataconnect": could not find dataconnect.yaml in `/Users/vishseen/Developer/projects/nxt-vish-studio-v1/dataconnect`
 {"metadata":{"emulator":{"name":"dataconnect"},"message":"E0708 04:08:51.130257    2600 watch.go:40] Failed to load config from \"/Users/vishseen/Developer/projects/nxt-vish-studio-v1/dataconnect\": could not find dataconnect.yaml in `/Users/vishseen/Developer/projects/nxt-vish-studio-v1/dataconnect`\n"}}
[debug] [2026-07-08T00:09:01.130Z] E0708 04:09:01.130053    2600 watch.go:40] Failed to load config from "/Users/vishseen/Developer/projects/nxt-vish-studio-v1/dataconnect": could not find dataconnect.yaml in `/Users/vishseen/Developer/projects/nxt-vish-studio-v1/dataconnect`
E0708 04:09:01.130035    2600 watch.go:116] watchAllDir unable to walk dir `/Users/vishseen/Developer/projects/nxt-vish-studio-v1/dataconnect`: lstat /Users/vishseen/Developer/projects/nxt-vish-studio-v1/dataconnect: no such file or directory
 {"metadata":{"emulator":{"name":"dataconnect"},"message":"E0708 04:09:01.130053    2600 watch.go:40] Failed to load config from \"/Users/vishseen/Developer/projects/nxt-vish-studio-v1/dataconnect\": could not find dataconnect.yaml in `/Users/vishseen/Developer/projects/nxt-vish-studio-v1/dataconnect`\nE0708 04:09:01.130035    2600 watch.go:116] watchAllDir unable to walk dir `/Users/vishseen/Developer/projects/nxt-vish-studio-v1/dataconnect`: lstat /Users/vishseen/Developer/projects/nxt-vish-studio-v1/dataconnect: no such file or directory\n"}}
[debug] [2026-07-08T00:09:11.130Z] E0708 04:09:11.129748    2600 watch.go:40] Failed to load config from "/Users/vishseen/Developer/projects/nxt-vish-studio-v1/dataconnect": could not find dataconnect.yaml in `/Users/vishseen/Developer/projects/nxt-vish-studio-v1/dataconnect`
 {"metadata":{"emulator":{"name":"dataconnect"},"message":"E0708 04:09:11.129748    2600 watch.go:40] Failed to load config from \"/Users/vishseen/Developer/projects/nxt-vish-studio-v1/dataconnect\": could not find dataconnect.yaml in `/Users/vishseen/Developer/projects/nxt-vish-studio-v1/dataconnect`\n"}}
[debug] [2026-07-08T00:09:21.129Z] E0708 04:09:21.129024    2600 watch.go:40] Failed to load config from "/Users/vishseen/Developer/projects/nxt-vish-studio-v1/dataconnect": could not find dataconnect.yaml in `/Users/vishseen/Developer/projects/nxt-vish-studio-v1/dataconnect`
 {"metadata":{"emulator":{"name":"dataconnect"},"message":"E0708 04:09:21.129024    2600 watch.go:40] Failed to load config from \"/Users/vishseen/Developer/projects/nxt-vish-studio-v1/dataconnect\": could not find dataconnect.yaml in `/Users/vishseen/Developer/projects/nxt-vish-studio-v1/dataconnect`\n"}}
[debug] [2026-07-08T00:09:31.130Z] E0708 04:09:31.129910    2600 watch.go:40] Failed to load config from "/Users/vishseen/Developer/projects/nxt-vish-studio-v1/dataconnect": could not find dataconnect.yaml in `/Users/vishseen/Developer/projects/nxt-vish-studio-v1/dataconnect`
 {"metadata":{"emulator":{"name":"dataconnect"},"message":"E0708 04:09:31.129910    2600 watch.go:40] Failed to load config from \"/Users/vishseen/Developer/projects/nxt-vish-studio-v1/dataconnect\": could not find dataconnect.yaml in `/Users/vishseen/Developer/projects/nxt-vish-studio-v1/dataconnect`\n"}}
[debug] [2026-07-08T00:09:41.130Z] E0708 04:09:41.129996    2600 watch.go:40] Failed to load config from "/Users/vishseen/Developer/projects/nxt-vish-studio-v1/dataconnect": could not find dataconnect.yaml in `/Users/vishseen/Developer/projects/nxt-vish-studio-v1/dataconnect`
 {"metadata":{"emulator":{"name":"dataconnect"},"message":"E0708 04:09:41.129996    2600 watch.go:40] Failed to load config from \"/Users/vishseen/Developer/projects/nxt-vish-studio-v1/dataconnect\": could not find dataconnect.yaml in `/Users/vishseen/Developer/projects/nxt-vish-studio-v1/dataconnect`\n"}}
[debug] [2026-07-08T00:09:51.132Z] E0708 04:09:51.131962    2600 watch.go:40] Failed to load config from "/Users/vishseen/Developer/projects/nxt-vish-studio-v1/dataconnect": could not find dataconnect.yaml in `/Users/vishseen/Developer/projects/nxt-vish-studio-v1/dataconnect`
 {"metadata":{"emulator":{"name":"dataconnect"},"message":"E0708 04:09:51.131962    2600 watch.go:40] Failed to load config from \"/Users/vishseen/Developer/projects/nxt-vish-studio-v1/dataconnect\": could not find dataconnect.yaml in `/Users/vishseen/Developer/projects/nxt-vish-studio-v1/dataconnect`\n"}}
[debug] [2026-07-08T00:10:01.129Z] E0708 04:10:01.129637    2600 watch.go:116] watchAllDir unable to walk dir `/Users/vishseen/Developer/projects/nxt-vish-studio-v1/dataconnect`: lstat /Users/vishseen/Developer/projects/nxt-vish-studio-v1/dataconnect: no such file or directory
E0708 04:10:01.129760    2600 watch.go:40] Failed to load config from "/Users/vishseen/Developer/projects/nxt-vish-studio-v1/dataconnect": could not find dataconnect.yaml in `/Users/vishseen/Developer/projects/nxt-vish-studio-v1/dataconnect`
 {"metadata":{"emulator":{"name":"dataconnect"},"message":"E0708 04:10:01.129637    2600 watch.go:116] watchAllDir unable to walk dir `/Users/vishseen/Developer/projects/nxt-vish-studio-v1/dataconnect`: lstat /Users/vishseen/Developer/projects/nxt-vish-studio-v1/dataconnect: no such file or directory\nE0708 04:10:01.129760    2600 watch.go:40] Failed to load config from \"/Users/vishseen/Developer/projects/nxt-vish-studio-v1/dataconnect\": could not find dataconnect.yaml in `/Users/vishseen/Developer/projects/nxt-vish-studio-v1/dataconnect`\n"}}
[debug] [2026-07-08T00:10:11.130Z] E0708 04:10:11.129918    2600 watch.go:40] Failed to load config from "/Users/vishseen/Developer/projects/nxt-vish-studio-v1/dataconnect": could not find dataconnect.yaml in `/Users/vishseen/Developer/projects/nxt-vish-studio-v1/dataconnect`
 {"metadata":{"emulator":{"name":"dataconnect"},"message":"E0708 04:10:11.129918    2600 watch.go:40] Failed to load config from \"/Users/vishseen/Developer/projects/nxt-vish-studio-v1/dataconnect\": could not find dataconnect.yaml in `/Users/vishseen/Developer/projects/nxt-vish-studio-v1/dataconnect`\n"}}
[debug] [2026-07-08T00:10:21.130Z] E0708 04:10:21.129844    2600 watch.go:40] Failed to load config from "/Users/vishseen/Developer/projects/nxt-vish-studio-v1/dataconnect": could not find dataconnect.yaml in `/Users/vishseen/Developer/projects/nxt-vish-studio-v1/dataconnect`
 {"metadata":{"emulator":{"name":"dataconnect"},"message":"E0708 04:10:21.129844    2600 watch.go:40] Failed to load config from \"/Users/vishseen/Developer/projects/nxt-vish-studio-v1/dataconnect\": could not find dataconnect.yaml in `/Users/vishseen/Developer/projects/nxt-vish-studio-v1/dataconnect`\n"}}
[debug] [2026-07-08T00:10:31.130Z] E0708 04:10:31.129789    2600 watch.go:40] Failed to load config from "/Users/vishseen/Developer/projects/nxt-vish-studio-v1/dataconnect": could not find dataconnect.yaml in `/Users/vishseen/Developer/projects/nxt-vish-studio-v1/dataconnect`
 {"metadata":{"emulator":{"name":"dataconnect"},"message":"E0708 04:10:31.129789    2600 watch.go:40] Failed to load config from \"/Users/vishseen/Developer/projects/nxt-vish-studio-v1/dataconnect\": could not find dataconnect.yaml in `/Users/vishseen/Developer/projects/nxt-vish-studio-v1/dataconnect`\n"}}
[debug] [2026-07-08T00:10:41.130Z] E0708 04:10:41.129854    2600 watch.go:40] Failed to load config from "/Users/vishseen/Developer/projects/nxt-vish-studio-v1/dataconnect": could not find dataconnect.yaml in `/Users/vishseen/Developer/projects/nxt-vish-studio-v1/dataconnect`
 {"metadata":{"emulator":{"name":"dataconnect"},"message":"E0708 04:10:41.129854    2600 watch.go:40] Failed to load config from \"/Users/vishseen/Developer/projects/nxt-vish-studio-v1/dataconnect\": could not find dataconnect.yaml in `/Users/vishseen/Developer/projects/nxt-vish-studio-v1/dataconnect`\n"}}
[debug] [2026-07-08T00:10:51.130Z] E0708 04:10:51.129881    2600 watch.go:40] Failed to load config from "/Users/vishseen/Developer/projects/nxt-vish-studio-v1/dataconnect": could not find dataconnect.yaml in `/Users/vishseen/Developer/projects/nxt-vish-studio-v1/dataconnect`
 {"metadata":{"emulator":{"name":"dataconnect"},"message":"E0708 04:10:51.129881    2600 watch.go:40] Failed to load config from \"/Users/vishseen/Developer/projects/nxt-vish-studio-v1/dataconnect\": could not find dataconnect.yaml in `/Users/vishseen/Developer/projects/nxt-vish-studio-v1/dataconnect`\n"}}
[debug] [2026-07-08T00:11:01.130Z] E0708 04:11:01.129737    2600 watch.go:116] watchAllDir unable to walk dir `/Users/vishseen/Developer/projects/nxt-vish-studio-v1/dataconnect`: lstat /Users/vishseen/Developer/projects/nxt-vish-studio-v1/dataconnect: no such file or directory
 {"metadata":{"emulator":{"name":"dataconnect"},"message":"E0708 04:11:01.129737    2600 watch.go:116] watchAllDir unable to walk dir `/Users/vishseen/Developer/projects/nxt-vish-studio-v1/dataconnect`: lstat /Users/vishseen/Developer/projects/nxt-vish-studio-v1/dataconnect: no such file or directory\n"}}
[debug] [2026-07-08T00:11:01.134Z] E0708 04:11:01.130637    2600 watch.go:40] Failed to load config from "/Users/vishseen/Developer/projects/nxt-vish-studio-v1/dataconnect": could not find dataconnect.yaml in `/Users/vishseen/Developer/projects/nxt-vish-studio-v1/dataconnect`
 {"metadata":{"emulator":{"name":"dataconnect"},"message":"E0708 04:11:01.130637    2600 watch.go:40] Failed to load config from \"/Users/vishseen/Developer/projects/nxt-vish-studio-v1/dataconnect\": could not find dataconnect.yaml in `/Users/vishseen/Developer/projects/nxt-vish-studio-v1/dataconnect`\n"}}
[debug] [2026-07-08T00:11:11.130Z] E0708 04:11:11.129738    2600 watch.go:40] Failed to load config from "/Users/vishseen/Developer/projects/nxt-vish-studio-v1/dataconnect": could not find dataconnect.yaml in `/Users/vishseen/Developer/projects/nxt-vish-studio-v1/dataconnect`
 {"metadata":{"emulator":{"name":"dataconnect"},"message":"E0708 04:11:11.129738    2600 watch.go:40] Failed to load config from \"/Users/vishseen/Developer/projects/nxt-vish-studio-v1/dataconnect\": could not find dataconnect.yaml in `/Users/vishseen/Developer/projects/nxt-vish-studio-v1/dataconnect`\n"}}
[debug] [2026-07-08T00:11:21.130Z] E0708 04:11:21.129853    2600 watch.go:40] Failed to load config from "/Users/vishseen/Developer/projects/nxt-vish-studio-v1/dataconnect": could not find dataconnect.yaml in `/Users/vishseen/Developer/projects/nxt-vish-studio-v1/dataconnect`
 {"metadata":{"emulator":{"name":"dataconnect"},"message":"E0708 04:11:21.129853    2600 watch.go:40] Failed to load config from \"/Users/vishseen/Developer/projects/nxt-vish-studio-v1/dataconnect\": could not find dataconnect.yaml in `/Users/vishseen/Developer/projects/nxt-vish-studio-v1/dataconnect`\n"}}
[debug] [2026-07-08T00:11:31.130Z] E0708 04:11:31.130134    2600 watch.go:40] Failed to load config from "/Users/vishseen/Developer/projects/nxt-vish-studio-v1/dataconnect": could not find dataconnect.yaml in `/Users/vishseen/Developer/projects/nxt-vish-studio-v1/dataconnect`
 {"metadata":{"emulator":{"name":"dataconnect"},"message":"E0708 04:11:31.130134    2600 watch.go:40] Failed to load config from \"/Users/vishseen/Developer/projects/nxt-vish-studio-v1/dataconnect\": could not find dataconnect.yaml in `/Users/vishseen/Developer/projects/nxt-vish-studio-v1/dataconnect`\n"}}
[debug] [2026-07-08T00:11:41.130Z] E0708 04:11:41.129787    2600 watch.go:40] Failed to load config from "/Users/vishseen/Developer/projects/nxt-vish-studio-v1/dataconnect": could not find dataconnect.yaml in `/Users/vishseen/Developer/projects/nxt-vish-studio-v1/dataconnect`
 {"metadata":{"emulator":{"name":"dataconnect"},"message":"E0708 04:11:41.129787    2600 watch.go:40] Failed to load config from \"/Users/vishseen/Developer/projects/nxt-vish-studio-v1/dataconnect\": could not find dataconnect.yaml in `/Users/vishseen/Developer/projects/nxt-vish-studio-v1/dataconnect`\n"}}
[debug] [2026-07-08T00:11:51.130Z] E0708 04:11:51.129866    2600 watch.go:40] Failed to load config from "/Users/vishseen/Developer/projects/nxt-vish-studio-v1/dataconnect": could not find dataconnect.yaml in `/Users/vishseen/Developer/projects/nxt-vish-studio-v1/dataconnect`
 {"metadata":{"emulator":{"name":"dataconnect"},"message":"E0708 04:11:51.129866    2600 watch.go:40] Failed to load config from \"/Users/vishseen/Developer/projects/nxt-vish-studio-v1/dataconnect\": could not find dataconnect.yaml in `/Users/vishseen/Developer/projects/nxt-vish-studio-v1/dataconnect`\n"}}
[debug] [2026-07-08T00:12:01.129Z] E0708 04:12:01.128880    2600 watch.go:40] Failed to load config from "/Users/vishseen/Developer/projects/nxt-vish-studio-v1/dataconnect": could not find dataconnect.yaml in `/Users/vishseen/Developer/projects/nxt-vish-studio-v1/dataconnect`
E0708 04:12:01.128819    2600 watch.go:116] watchAllDir unable to walk dir `/Users/vishseen/Developer/projects/nxt-vish-studio-v1/dataconnect`: lstat /Users/vishseen/Developer/projects/nxt-vish-studio-v1/dataconnect: no such file or directory
 {"metadata":{"emulator":{"name":"dataconnect"},"message":"E0708 04:12:01.128880    2600 watch.go:40] Failed to load config from \"/Users/vishseen/Developer/projects/nxt-vish-studio-v1/dataconnect\": could not find dataconnect.yaml in `/Users/vishseen/Developer/projects/nxt-vish-studio-v1/dataconnect`\nE0708 04:12:01.128819    2600 watch.go:116] watchAllDir unable to walk dir `/Users/vishseen/Developer/projects/nxt-vish-studio-v1/dataconnect`: lstat /Users/vishseen/Developer/projects/nxt-vish-studio-v1/dataconnect: no such file or directory\n"}}
[debug] [2026-07-08T00:12:11.130Z] E0708 04:12:11.129673    2600 watch.go:40] Failed to load config from "/Users/vishseen/Developer/projects/nxt-vish-studio-v1/dataconnect": could not find dataconnect.yaml in `/Users/vishseen/Developer/projects/nxt-vish-studio-v1/dataconnect`
 {"metadata":{"emulator":{"name":"dataconnect"},"message":"E0708 04:12:11.129673    2600 watch.go:40] Failed to load config from \"/Users/vishseen/Developer/projects/nxt-vish-studio-v1/dataconnect\": could not find dataconnect.yaml in `/Users/vishseen/Developer/projects/nxt-vish-studio-v1/dataconnect`\n"}}
[debug] [2026-07-08T00:12:21.130Z] E0708 04:12:21.129622    2600 watch.go:40] Failed to load config from "/Users/vishseen/Developer/projects/nxt-vish-studio-v1/dataconnect": could not find dataconnect.yaml in `/Users/vishseen/Developer/projects/nxt-vish-studio-v1/dataconnect`
 {"metadata":{"emulator":{"name":"dataconnect"},"message":"E0708 04:12:21.129622    2600 watch.go:40] Failed to load config from \"/Users/vishseen/Developer/projects/nxt-vish-studio-v1/dataconnect\": could not find dataconnect.yaml in `/Users/vishseen/Developer/projects/nxt-vish-studio-v1/dataconnect`\n"}}
[debug] [2026-07-08T00:12:31.130Z] E0708 04:12:31.129665    2600 watch.go:40] Failed to load config from "/Users/vishseen/Developer/projects/nxt-vish-studio-v1/dataconnect": could not find dataconnect.yaml in `/Users/vishseen/Developer/projects/nxt-vish-studio-v1/dataconnect`
 {"metadata":{"emulator":{"name":"dataconnect"},"message":"E0708 04:12:31.129665    2600 watch.go:40] Failed to load config from \"/Users/vishseen/Developer/projects/nxt-vish-studio-v1/dataconnect\": could not find dataconnect.yaml in `/Users/vishseen/Developer/projects/nxt-vish-studio-v1/dataconnect`\n"}}
[debug] [2026-07-08T00:12:41.130Z] E0708 04:12:41.129671    2600 watch.go:40] Failed to load config from "/Users/vishseen/Developer/projects/nxt-vish-studio-v1/dataconnect": could not find dataconnect.yaml in `/Users/vishseen/Developer/projects/nxt-vish-studio-v1/dataconnect`
 {"metadata":{"emulator":{"name":"dataconnect"},"message":"E0708 04:12:41.129671    2600 watch.go:40] Failed to load config from \"/Users/vishseen/Developer/projects/nxt-vish-studio-v1/dataconnect\": could not find dataconnect.yaml in `/Users/vishseen/Developer/projects/nxt-vish-studio-v1/dataconnect`\n"}}
[debug] [2026-07-08T00:12:51.130Z] E0708 04:12:51.129660    2600 watch.go:40] Failed to load config from "/Users/vishseen/Developer/projects/nxt-vish-studio-v1/dataconnect": could not find dataconnect.yaml in `/Users/vishseen/Developer/projects/nxt-vish-studio-v1/dataconnect`
 {"metadata":{"emulator":{"name":"dataconnect"},"message":"E0708 04:12:51.129660    2600 watch.go:40] Failed to load config from \"/Users/vishseen/Developer/projects/nxt-vish-studio-v1/dataconnect\": could not find dataconnect.yaml in `/Users/vishseen/Developer/projects/nxt-vish-studio-v1/dataconnect`\n"}}
[debug] [2026-07-08T00:13:01.129Z] E0708 04:13:01.129553    2600 watch.go:116] watchAllDir unable to walk dir `/Users/vishseen/Developer/projects/nxt-vish-studio-v1/dataconnect`: lstat /Users/vishseen/Developer/projects/nxt-vish-studio-v1/dataconnect: no such file or directory
E0708 04:13:01.129636    2600 watch.go:40] Failed to load config from "/Users/vishseen/Developer/projects/nxt-vish-studio-v1/dataconnect": could not find dataconnect.yaml in `/Users/vishseen/Developer/projects/nxt-vish-studio-v1/dataconnect`
 {"metadata":{"emulator":{"name":"dataconnect"},"message":"E0708 04:13:01.129553    2600 watch.go:116] watchAllDir unable to walk dir `/Users/vishseen/Developer/projects/nxt-vish-studio-v1/dataconnect`: lstat /Users/vishseen/Developer/projects/nxt-vish-studio-v1/dataconnect: no such file or directory\nE0708 04:13:01.129636    2600 watch.go:40] Failed to load config from \"/Users/vishseen/Developer/projects/nxt-vish-studio-v1/dataconnect\": could not find dataconnect.yaml in `/Users/vishseen/Developer/projects/nxt-vish-studio-v1/dataconnect`\n"}}
[debug] [2026-07-08T00:13:11.130Z] E0708 04:13:11.129666    2600 watch.go:40] Failed to load config from "/Users/vishseen/Developer/projects/nxt-vish-studio-v1/dataconnect": could not find dataconnect.yaml in `/Users/vishseen/Developer/projects/nxt-vish-studio-v1/dataconnect`
 {"metadata":{"emulator":{"name":"dataconnect"},"message":"E0708 04:13:11.129666    2600 watch.go:40] Failed to load config from \"/Users/vishseen/Developer/projects/nxt-vish-studio-v1/dataconnect\": could not find dataconnect.yaml in `/Users/vishseen/Developer/projects/nxt-vish-studio-v1/dataconnect`\n"}}
[debug] [2026-07-08T00:13:21.129Z] E0708 04:13:21.129562    2600 watch.go:40] Failed to load config from "/Users/vishseen/Developer/projects/nxt-vish-studio-v1/dataconnect": could not find dataconnect.yaml in `/Users/vishseen/Developer/projects/nxt-vish-studio-v1/dataconnect`
 {"metadata":{"emulator":{"name":"dataconnect"},"message":"E0708 04:13:21.129562    2600 watch.go:40] Failed to load config from \"/Users/vishseen/Developer/projects/nxt-vish-studio-v1/dataconnect\": could not find dataconnect.yaml in `/Users/vishseen/Developer/projects/nxt-vish-studio-v1/dataconnect`\n"}}
[debug] [2026-07-08T00:13:31.130Z] E0708 04:13:31.129517    2600 watch.go:40] Failed to load config from "/Users/vishseen/Developer/projects/nxt-vish-studio-v1/dataconnect": could not find dataconnect.yaml in `/Users/vishseen/Developer/projects/nxt-vish-studio-v1/dataconnect`
 {"metadata":{"emulator":{"name":"dataconnect"},"message":"E0708 04:13:31.129517    2600 watch.go:40] Failed to load config from \"/Users/vishseen/Developer/projects/nxt-vish-studio-v1/dataconnect\": could not find dataconnect.yaml in `/Users/vishseen/Developer/projects/nxt-vish-studio-v1/dataconnect`\n"}}
[debug] [2026-07-08T00:13:41.130Z] E0708 04:13:41.129547    2600 watch.go:40] Failed to load config from "/Users/vishseen/Developer/projects/nxt-vish-studio-v1/dataconnect": could not find dataconnect.yaml in `/Users/vishseen/Developer/projects/nxt-vish-studio-v1/dataconnect`
 {"metadata":{"emulator":{"name":"dataconnect"},"message":"E0708 04:13:41.129547    2600 watch.go:40] Failed to load config from \"/Users/vishseen/Developer/projects/nxt-vish-studio-v1/dataconnect\": could not find dataconnect.yaml in `/Users/vishseen/Developer/projects/nxt-vish-studio-v1/dataconnect`\n"}}
[debug] [2026-07-08T00:13:51.130Z] E0708 04:13:51.129537    2600 watch.go:40] Failed to load config from "/Users/vishseen/Developer/projects/nxt-vish-studio-v1/dataconnect": could not find dataconnect.yaml in `/Users/vishseen/Developer/projects/nxt-vish-studio-v1/dataconnect`
 {"metadata":{"emulator":{"name":"dataconnect"},"message":"E0708 04:13:51.129537    2600 watch.go:40] Failed to load config from \"/Users/vishseen/Developer/projects/nxt-vish-studio-v1/dataconnect\": could not find dataconnect.yaml in `/Users/vishseen/Developer/projects/nxt-vish-studio-v1/dataconnect`\n"}}
[debug] [2026-07-08T00:14:01.130Z] E0708 04:14:01.129640    2600 watch.go:116] watchAllDir unable to walk dir `/Users/vishseen/Developer/projects/nxt-vish-studio-v1/dataconnect`: lstat /Users/vishseen/Developer/projects/nxt-vish-studio-v1/dataconnect: no such file or directory
E0708 04:14:01.130135    2600 watch.go:40] Failed to load config from "/Users/vishseen/Developer/projects/nxt-vish-studio-v1/dataconnect": could not find dataconnect.yaml in `/Users/vishseen/Developer/projects/nxt-vish-studio-v1/dataconnect`
 {"metadata":{"emulator":{"name":"dataconnect"},"message":"E0708 04:14:01.129640    2600 watch.go:116] watchAllDir unable to walk dir `/Users/vishseen/Developer/projects/nxt-vish-studio-v1/dataconnect`: lstat /Users/vishseen/Developer/projects/nxt-vish-studio-v1/dataconnect: no such file or directory\nE0708 04:14:01.130135    2600 watch.go:40] Failed to load config from \"/Users/vishseen/Developer/projects/nxt-vish-studio-v1/dataconnect\": could not find dataconnect.yaml in `/Users/vishseen/Developer/projects/nxt-vish-studio-v1/dataconnect`\n"}}
[debug] [2026-07-08T00:14:11.129Z] E0708 04:14:11.129582    2600 watch.go:40] Failed to load config from "/Users/vishseen/Developer/projects/nxt-vish-studio-v1/dataconnect": could not find dataconnect.yaml in `/Users/vishseen/Developer/projects/nxt-vish-studio-v1/dataconnect`
 {"metadata":{"emulator":{"name":"dataconnect"},"message":"E0708 04:14:11.129582    2600 watch.go:40] Failed to load config from \"/Users/vishseen/Developer/projects/nxt-vish-studio-v1/dataconnect\": could not find dataconnect.yaml in `/Users/vishseen/Developer/projects/nxt-vish-studio-v1/dataconnect`\n"}}
[debug] [2026-07-08T00:14:21.129Z] E0708 04:14:21.129472    2600 watch.go:40] Failed to load config from "/Users/vishseen/Developer/projects/nxt-vish-studio-v1/dataconnect": could not find dataconnect.yaml in `/Users/vishseen/Developer/projects/nxt-vish-studio-v1/dataconnect`
 {"metadata":{"emulator":{"name":"dataconnect"},"message":"E0708 04:14:21.129472    2600 watch.go:40] Failed to load config from \"/Users/vishseen/Developer/projects/nxt-vish-studio-v1/dataconnect\": could not find dataconnect.yaml in `/Users/vishseen/Developer/projects/nxt-vish-studio-v1/dataconnect`\n"}}
[debug] [2026-07-08T00:14:31.129Z] E0708 04:14:31.129407    2600 watch.go:40] Failed to load config from "/Users/vishseen/Developer/projects/nxt-vish-studio-v1/dataconnect": could not find dataconnect.yaml in `/Users/vishseen/Developer/projects/nxt-vish-studio-v1/dataconnect`
 {"metadata":{"emulator":{"name":"dataconnect"},"message":"E0708 04:14:31.129407    2600 watch.go:40] Failed to load config from \"/Users/vishseen/Developer/projects/nxt-vish-studio-v1/dataconnect\": could not find dataconnect.yaml in `/Users/vishseen/Developer/projects/nxt-vish-studio-v1/dataconnect`\n"}}
[debug] [2026-07-08T00:14:41.129Z] E0708 04:14:41.129453    2600 watch.go:40] Failed to load config from "/Users/vishseen/Developer/projects/nxt-vish-studio-v1/dataconnect": could not find dataconnect.yaml in `/Users/vishseen/Developer/projects/nxt-vish-studio-v1/dataconnect`
 {"metadata":{"emulator":{"name":"dataconnect"},"message":"E0708 04:14:41.129453    2600 watch.go:40] Failed to load config from \"/Users/vishseen/Developer/projects/nxt-vish-studio-v1/dataconnect\": could not find dataconnect.yaml in `/Users/vishseen/Developer/projects/nxt-vish-studio-v1/dataconnect`\n"}}
[debug] [2026-07-08T00:14:51.129Z] E0708 04:14:51.129473    2600 watch.go:40] Failed to load config from "/Users/vishseen/Developer/projects/nxt-vish-studio-v1/dataconnect": could not find dataconnect.yaml in `/Users/vishseen/Developer/projects/nxt-vish-studio-v1/dataconnect`
 {"metadata":{"emulator":{"name":"dataconnect"},"message":"E0708 04:14:51.129473    2600 watch.go:40] Failed to load config from \"/Users/vishseen/Developer/projects/nxt-vish-studio-v1/dataconnect\": could not find dataconnect.yaml in `/Users/vishseen/Developer/projects/nxt-vish-studio-v1/dataconnect`\n"}}
[debug] [2026-07-08T00:15:01.129Z] E0708 04:15:01.129249    2600 watch.go:116] watchAllDir unable to walk dir `/Users/vishseen/Developer/projects/nxt-vish-studio-v1/dataconnect`: lstat /Users/vishseen/Developer/projects/nxt-vish-studio-v1/dataconnect: no such file or directory
E0708 04:15:01.129274    2600 watch.go:40] Failed to load config from "/Users/vishseen/Developer/projects/nxt-vish-studio-v1/dataconnect": could not find dataconnect.yaml in `/Users/vishseen/Developer/projects/nxt-vish-studio-v1/dataconnect`
 {"metadata":{"emulator":{"name":"dataconnect"},"message":"E0708 04:15:01.129249    2600 watch.go:116] watchAllDir unable to walk dir `/Users/vishseen/Developer/projects/nxt-vish-studio-v1/dataconnect`: lstat /Users/vishseen/Developer/projects/nxt-vish-studio-v1/dataconnect: no such file or directory\nE0708 04:15:01.129274    2600 watch.go:40] Failed to load config from \"/Users/vishseen/Developer/projects/nxt-vish-studio-v1/dataconnect\": could not find dataconnect.yaml in `/Users/vishseen/Developer/projects/nxt-vish-studio-v1/dataconnect`\n"}}
[debug] [2026-07-08T00:15:11.130Z] E0708 04:15:11.129287    2600 watch.go:40] Failed to load config from "/Users/vishseen/Developer/projects/nxt-vish-studio-v1/dataconnect": could not find dataconnect.yaml in `/Users/vishseen/Developer/projects/nxt-vish-studio-v1/dataconnect`
 {"metadata":{"emulator":{"name":"dataconnect"},"message":"E0708 04:15:11.129287    2600 watch.go:40] Failed to load config from \"/Users/vishseen/Developer/projects/nxt-vish-studio-v1/dataconnect\": could not find dataconnect.yaml in `/Users/vishseen/Developer/projects/nxt-vish-studio-v1/dataconnect`\n"}}
[debug] [2026-07-08T00:15:21.129Z] E0708 04:15:21.129377    2600 watch.go:40] Failed to load config from "/Users/vishseen/Developer/projects/nxt-vish-studio-v1/dataconnect": could not find dataconnect.yaml in `/Users/vishseen/Developer/projects/nxt-vish-studio-v1/dataconnect`
 {"metadata":{"emulator":{"name":"dataconnect"},"message":"E0708 04:15:21.129377    2600 watch.go:40] Failed to load config from \"/Users/vishseen/Developer/projects/nxt-vish-studio-v1/dataconnect\": could not find dataconnect.yaml in `/Users/vishseen/Developer/projects/nxt-vish-studio-v1/dataconnect`\n"}}
[debug] [2026-07-08T00:15:31.128Z] E0708 04:15:31.128456    2600 watch.go:40] Failed to load config from "/Users/vishseen/Developer/projects/nxt-vish-studio-v1/dataconnect": could not find dataconnect.yaml in `/Users/vishseen/Developer/projects/nxt-vish-studio-v1/dataconnect`
 {"metadata":{"emulator":{"name":"dataconnect"},"message":"E0708 04:15:31.128456    2600 watch.go:40] Failed to load config from \"/Users/vishseen/Developer/projects/nxt-vish-studio-v1/dataconnect\": could not find dataconnect.yaml in `/Users/vishseen/Developer/projects/nxt-vish-studio-v1/dataconnect`\n"}}
[debug] [2026-07-08T00:15:41.129Z] E0708 04:15:41.128988    2600 watch.go:40] Failed to load config from "/Users/vishseen/Developer/projects/nxt-vish-studio-v1/dataconnect": could not find dataconnect.yaml in `/Users/vishseen/Developer/projects/nxt-vish-studio-v1/dataconnect`
 {"metadata":{"emulator":{"name":"dataconnect"},"message":"E0708 04:15:41.128988    2600 watch.go:40] Failed to load config from \"/Users/vishseen/Developer/projects/nxt-vish-studio-v1/dataconnect\": could not find dataconnect.yaml in `/Users/vishseen/Developer/projects/nxt-vish-studio-v1/dataconnect`\n"}}
[debug] [2026-07-08T00:15:51.129Z] E0708 04:15:51.129396    2600 watch.go:40] Failed to load config from "/Users/vishseen/Developer/projects/nxt-vish-studio-v1/dataconnect": could not find dataconnect.yaml in `/Users/vishseen/Developer/projects/nxt-vish-studio-v1/dataconnect`
 {"metadata":{"emulator":{"name":"dataconnect"},"message":"E0708 04:15:51.129396    2600 watch.go:40] Failed to load config from \"/Users/vishseen/Developer/projects/nxt-vish-studio-v1/dataconnect\": could not find dataconnect.yaml in `/Users/vishseen/Developer/projects/nxt-vish-studio-v1/dataconnect`\n"}}
[debug] [2026-07-08T00:16:01.129Z] E0708 04:16:01.128658    2600 watch.go:40] Failed to load config from "/Users/vishseen/Developer/projects/nxt-vish-studio-v1/dataconnect": could not find dataconnect.yaml in `/Users/vishseen/Developer/projects/nxt-vish-studio-v1/dataconnect`
E0708 04:16:01.128617    2600 watch.go:116] watchAllDir unable to walk dir `/Users/vishseen/Developer/projects/nxt-vish-studio-v1/dataconnect`: lstat /Users/vishseen/Developer/projects/nxt-vish-studio-v1/dataconnect: no such file or directory
 {"metadata":{"emulator":{"name":"dataconnect"},"message":"E0708 04:16:01.128658    2600 watch.go:40] Failed to load config from \"/Users/vishseen/Developer/projects/nxt-vish-studio-v1/dataconnect\": could not find dataconnect.yaml in `/Users/vishseen/Developer/projects/nxt-vish-studio-v1/dataconnect`\nE0708 04:16:01.128617    2600 watch.go:116] watchAllDir unable to walk dir `/Users/vishseen/Developer/projects/nxt-vish-studio-v1/dataconnect`: lstat /Users/vishseen/Developer/projects/nxt-vish-studio-v1/dataconnect: no such file or directory\n"}}
[debug] [2026-07-08T00:16:11.130Z] E0708 04:16:11.129762    2600 watch.go:40] Failed to load config from "/Users/vishseen/Developer/projects/nxt-vish-studio-v1/dataconnect": could not find dataconnect.yaml in `/Users/vishseen/Developer/projects/nxt-vish-studio-v1/dataconnect`
 {"metadata":{"emulator":{"name":"dataconnect"},"message":"E0708 04:16:11.129762    2600 watch.go:40] Failed to load config from \"/Users/vishseen/Developer/projects/nxt-vish-studio-v1/dataconnect\": could not find dataconnect.yaml in `/Users/vishseen/Developer/projects/nxt-vish-studio-v1/dataconnect`\n"}}
[debug] [2026-07-08T00:16:21.129Z] E0708 04:16:21.129240    2600 watch.go:40] Failed to load config from "/Users/vishseen/Developer/projects/nxt-vish-studio-v1/dataconnect": could not find dataconnect.yaml in `/Users/vishseen/Developer/projects/nxt-vish-studio-v1/dataconnect`
 {"metadata":{"emulator":{"name":"dataconnect"},"message":"E0708 04:16:21.129240    2600 watch.go:40] Failed to load config from \"/Users/vishseen/Developer/projects/nxt-vish-studio-v1/dataconnect\": could not find dataconnect.yaml in `/Users/vishseen/Developer/projects/nxt-vish-studio-v1/dataconnect`\n"}}
[debug] [2026-07-08T00:16:31.129Z] E0708 04:16:31.129309    2600 watch.go:40] Failed to load config from "/Users/vishseen/Developer/projects/nxt-vish-studio-v1/dataconnect": could not find dataconnect.yaml in `/Users/vishseen/Developer/projects/nxt-vish-studio-v1/dataconnect`
 {"metadata":{"emulator":{"name":"dataconnect"},"message":"E0708 04:16:31.129309    2600 watch.go:40] Failed to load config from \"/Users/vishseen/Developer/projects/nxt-vish-studio-v1/dataconnect\": could not find dataconnect.yaml in `/Users/vishseen/Developer/projects/nxt-vish-studio-v1/dataconnect`\n"}}
[debug] [2026-07-08T00:16:41.129Z] E0708 04:16:41.129290    2600 watch.go:40] Failed to load config from "/Users/vishseen/Developer/projects/nxt-vish-studio-v1/dataconnect": could not find dataconnect.yaml in `/Users/vishseen/Developer/projects/nxt-vish-studio-v1/dataconnect`
 {"metadata":{"emulator":{"name":"dataconnect"},"message":"E0708 04:16:41.129290    2600 watch.go:40] Failed to load config from \"/Users/vishseen/Developer/projects/nxt-vish-studio-v1/dataconnect\": could not find dataconnect.yaml in `/Users/vishseen/Developer/projects/nxt-vish-studio-v1/dataconnect`\n"}}
[debug] [2026-07-08T00:16:51.129Z] E0708 04:16:51.129244    2600 watch.go:40] Failed to load config from "/Users/vishseen/Developer/projects/nxt-vish-studio-v1/dataconnect": could not find dataconnect.yaml in `/Users/vishseen/Developer/projects/nxt-vish-studio-v1/dataconnect`
 {"metadata":{"emulator":{"name":"dataconnect"},"message":"E0708 04:16:51.129244    2600 watch.go:40] Failed to load config from \"/Users/vishseen/Developer/projects/nxt-vish-studio-v1/dataconnect\": could not find dataconnect.yaml in `/Users/vishseen/Developer/projects/nxt-vish-studio-v1/dataconnect`\n"}}
[debug] [2026-07-08T00:17:01.129Z] E0708 04:17:01.129165    2600 watch.go:40] Failed to load config from "/Users/vishseen/Developer/projects/nxt-vish-studio-v1/dataconnect": could not find dataconnect.yaml in `/Users/vishseen/Developer/projects/nxt-vish-studio-v1/dataconnect`
E0708 04:17:01.129105    2600 watch.go:116] watchAllDir unable to walk dir `/Users/vishseen/Developer/projects/nxt-vish-studio-v1/dataconnect`: lstat /Users/vishseen/Developer/projects/nxt-vish-studio-v1/dataconnect: no such file or directory
 {"metadata":{"emulator":{"name":"dataconnect"},"message":"E0708 04:17:01.129165    2600 watch.go:40] Failed to load config from \"/Users/vishseen/Developer/projects/nxt-vish-studio-v1/dataconnect\": could not find dataconnect.yaml in `/Users/vishseen/Developer/projects/nxt-vish-studio-v1/dataconnect`\nE0708 04:17:01.129105    2600 watch.go:116] watchAllDir unable to walk dir `/Users/vishseen/Developer/projects/nxt-vish-studio-v1/dataconnect`: lstat /Users/vishseen/Developer/projects/nxt-vish-studio-v1/dataconnect: no such file or directory\n"}}
[debug] [2026-07-08T00:17:11.129Z] E0708 04:17:11.129242    2600 watch.go:40] Failed to load config from "/Users/vishseen/Developer/projects/nxt-vish-studio-v1/dataconnect": could not find dataconnect.yaml in `/Users/vishseen/Developer/projects/nxt-vish-studio-v1/dataconnect`
 {"metadata":{"emulator":{"name":"dataconnect"},"message":"E0708 04:17:11.129242    2600 watch.go:40] Failed to load config from \"/Users/vishseen/Developer/projects/nxt-vish-studio-v1/dataconnect\": could not find dataconnect.yaml in `/Users/vishseen/Developer/projects/nxt-vish-studio-v1/dataconnect`\n"}}
[debug] [2026-07-08T00:17:21.129Z] E0708 04:17:21.128985    2600 watch.go:40] Failed to load config from "/Users/vishseen/Developer/projects/nxt-vish-studio-v1/dataconnect": could not find dataconnect.yaml in `/Users/vishseen/Developer/projects/nxt-vish-studio-v1/dataconnect`
 {"metadata":{"emulator":{"name":"dataconnect"},"message":"E0708 04:17:21.128985    2600 watch.go:40] Failed to load config from \"/Users/vishseen/Developer/projects/nxt-vish-studio-v1/dataconnect\": could not find dataconnect.yaml in `/Users/vishseen/Developer/projects/nxt-vish-studio-v1/dataconnect`\n"}}
[debug] [2026-07-08T00:17:31.129Z] E0708 04:17:31.128816    2600 watch.go:40] Failed to load config from "/Users/vishseen/Developer/projects/nxt-vish-studio-v1/dataconnect": could not find dataconnect.yaml in `/Users/vishseen/Developer/projects/nxt-vish-studio-v1/dataconnect`
 {"metadata":{"emulator":{"name":"dataconnect"},"message":"E0708 04:17:31.128816    2600 watch.go:40] Failed to load config from \"/Users/vishseen/Developer/projects/nxt-vish-studio-v1/dataconnect\": could not find dataconnect.yaml in `/Users/vishseen/Developer/projects/nxt-vish-studio-v1/dataconnect`\n"}}
[debug] [2026-07-08T00:17:41.129Z] E0708 04:17:41.129202    2600 watch.go:40] Failed to load config from "/Users/vishseen/Developer/projects/nxt-vish-studio-v1/dataconnect": could not find dataconnect.yaml in `/Users/vishseen/Developer/projects/nxt-vish-studio-v1/dataconnect`
 {"metadata":{"emulator":{"name":"dataconnect"},"message":"E0708 04:17:41.129202    2600 watch.go:40] Failed to load config from \"/Users/vishseen/Developer/projects/nxt-vish-studio-v1/dataconnect\": could not find dataconnect.yaml in `/Users/vishseen/Developer/projects/nxt-vish-studio-v1/dataconnect`\n"}}
[debug] [2026-07-08T00:17:51.129Z] E0708 04:17:51.129169    2600 watch.go:40] Failed to load config from "/Users/vishseen/Developer/projects/nxt-vish-studio-v1/dataconnect": could not find dataconnect.yaml in `/Users/vishseen/Developer/projects/nxt-vish-studio-v1/dataconnect`
 {"metadata":{"emulator":{"name":"dataconnect"},"message":"E0708 04:17:51.129169    2600 watch.go:40] Failed to load config from \"/Users/vishseen/Developer/projects/nxt-vish-studio-v1/dataconnect\": could not find dataconnect.yaml in `/Users/vishseen/Developer/projects/nxt-vish-studio-v1/dataconnect`\n"}}
[debug] [2026-07-08T00:18:01.129Z] E0708 04:18:01.129021    2600 watch.go:116] watchAllDir unable to walk dir `/Users/vishseen/Developer/projects/nxt-vish-studio-v1/dataconnect`: lstat /Users/vishseen/Developer/projects/nxt-vish-studio-v1/dataconnect: no such file or directory
E0708 04:18:01.129175    2600 watch.go:40] Failed to load config from "/Users/vishseen/Developer/projects/nxt-vish-studio-v1/dataconnect": could not find dataconnect.yaml in `/Users/vishseen/Developer/projects/nxt-vish-studio-v1/dataconnect`
 {"metadata":{"emulator":{"name":"dataconnect"},"message":"E0708 04:18:01.129021    2600 watch.go:116] watchAllDir unable to walk dir `/Users/vishseen/Developer/projects/nxt-vish-studio-v1/dataconnect`: lstat /Users/vishseen/Developer/projects/nxt-vish-studio-v1/dataconnect: no such file or directory\nE0708 04:18:01.129175    2600 watch.go:40] Failed to load config from \"/Users/vishseen/Developer/projects/nxt-vish-studio-v1/dataconnect\": could not find dataconnect.yaml in `/Users/vishseen/Developer/projects/nxt-vish-studio-v1/dataconnect`\n"}}
[debug] [2026-07-08T00:18:11.129Z] E0708 04:18:11.129080    2600 watch.go:40] Failed to load config from "/Users/vishseen/Developer/projects/nxt-vish-studio-v1/dataconnect": could not find dataconnect.yaml in `/Users/vishseen/Developer/projects/nxt-vish-studio-v1/dataconnect`
 {"metadata":{"emulator":{"name":"dataconnect"},"message":"E0708 04:18:11.129080    2600 watch.go:40] Failed to load config from \"/Users/vishseen/Developer/projects/nxt-vish-studio-v1/dataconnect\": could not find dataconnect.yaml in `/Users/vishseen/Developer/projects/nxt-vish-studio-v1/dataconnect`\n"}}
[debug] [2026-07-08T00:18:21.129Z] E0708 04:18:21.129099    2600 watch.go:40] Failed to load config from "/Users/vishseen/Developer/projects/nxt-vish-studio-v1/dataconnect": could not find dataconnect.yaml in `/Users/vishseen/Developer/projects/nxt-vish-studio-v1/dataconnect`
 {"metadata":{"emulator":{"name":"dataconnect"},"message":"E0708 04:18:21.129099    2600 watch.go:40] Failed to load config from \"/Users/vishseen/Developer/projects/nxt-vish-studio-v1/dataconnect\": could not find dataconnect.yaml in `/Users/vishseen/Developer/projects/nxt-vish-studio-v1/dataconnect`\n"}}
[debug] [2026-07-08T00:18:31.128Z] E0708 04:18:31.128433    2600 watch.go:40] Failed to load config from "/Users/vishseen/Developer/projects/nxt-vish-studio-v1/dataconnect": could not find dataconnect.yaml in `/Users/vishseen/Developer/projects/nxt-vish-studio-v1/dataconnect`
 {"metadata":{"emulator":{"name":"dataconnect"},"message":"E0708 04:18:31.128433    2600 watch.go:40] Failed to load config from \"/Users/vishseen/Developer/projects/nxt-vish-studio-v1/dataconnect\": could not find dataconnect.yaml in `/Users/vishseen/Developer/projects/nxt-vish-studio-v1/dataconnect`\n"}}
[debug] [2026-07-08T00:18:41.129Z] E0708 04:18:41.129076    2600 watch.go:40] Failed to load config from "/Users/vishseen/Developer/projects/nxt-vish-studio-v1/dataconnect": could not find dataconnect.yaml in `/Users/vishseen/Developer/projects/nxt-vish-studio-v1/dataconnect`
 {"metadata":{"emulator":{"name":"dataconnect"},"message":"E0708 04:18:41.129076    2600 watch.go:40] Failed to load config from \"/Users/vishseen/Developer/projects/nxt-vish-studio-v1/dataconnect\": could not find dataconnect.yaml in `/Users/vishseen/Developer/projects/nxt-vish-studio-v1/dataconnect`\n"}}
[debug] [2026-07-08T00:18:51.129Z] E0708 04:18:51.129021    2600 watch.go:40] Failed to load config from "/Users/vishseen/Developer/projects/nxt-vish-studio-v1/dataconnect": could not find dataconnect.yaml in `/Users/vishseen/Developer/projects/nxt-vish-studio-v1/dataconnect`
 {"metadata":{"emulator":{"name":"dataconnect"},"message":"E0708 04:18:51.129021    2600 watch.go:40] Failed to load config from \"/Users/vishseen/Developer/projects/nxt-vish-studio-v1/dataconnect\": could not find dataconnect.yaml in `/Users/vishseen/Developer/projects/nxt-vish-studio-v1/dataconnect`\n"}}
[debug] [2026-07-08T00:19:01.130Z] E0708 04:19:01.129986    2600 watch.go:40] Failed to load config from "/Users/vishseen/Developer/projects/nxt-vish-studio-v1/dataconnect": could not find dataconnect.yaml in `/Users/vishseen/Developer/projects/nxt-vish-studio-v1/dataconnect`
E0708 04:19:01.129953    2600 watch.go:116] watchAllDir unable to walk dir `/Users/vishseen/Developer/projects/nxt-vish-studio-v1/dataconnect`: lstat /Users/vishseen/Developer/projects/nxt-vish-studio-v1/dataconnect: no such file or directory
 {"metadata":{"emulator":{"name":"dataconnect"},"message":"E0708 04:19:01.129986    2600 watch.go:40] Failed to load config from \"/Users/vishseen/Developer/projects/nxt-vish-studio-v1/dataconnect\": could not find dataconnect.yaml in `/Users/vishseen/Developer/projects/nxt-vish-studio-v1/dataconnect`\nE0708 04:19:01.129953    2600 watch.go:116] watchAllDir unable to walk dir `/Users/vishseen/Developer/projects/nxt-vish-studio-v1/dataconnect`: lstat /Users/vishseen/Developer/projects/nxt-vish-studio-v1/dataconnect: no such file or directory\n"}}
[debug] [2026-07-08T00:19:11.130Z] E0708 04:19:11.129967    2600 watch.go:40] Failed to load config from "/Users/vishseen/Developer/projects/nxt-vish-studio-v1/dataconnect": could not find dataconnect.yaml in `/Users/vishseen/Developer/projects/nxt-vish-studio-v1/dataconnect`
 {"metadata":{"emulator":{"name":"dataconnect"},"message":"E0708 04:19:11.129967    2600 watch.go:40] Failed to load config from \"/Users/vishseen/Developer/projects/nxt-vish-studio-v1/dataconnect\": could not find dataconnect.yaml in `/Users/vishseen/Developer/projects/nxt-vish-studio-v1/dataconnect`\n"}}
[debug] [2026-07-08T00:19:21.130Z] E0708 04:19:21.129945    2600 watch.go:40] Failed to load config from "/Users/vishseen/Developer/projects/nxt-vish-studio-v1/dataconnect": could not find dataconnect.yaml in `/Users/vishseen/Developer/projects/nxt-vish-studio-v1/dataconnect`
 {"metadata":{"emulator":{"name":"dataconnect"},"message":"E0708 04:19:21.129945    2600 watch.go:40] Failed to load config from \"/Users/vishseen/Developer/projects/nxt-vish-studio-v1/dataconnect\": could not find dataconnect.yaml in `/Users/vishseen/Developer/projects/nxt-vish-studio-v1/dataconnect`\n"}}
[debug] [2026-07-08T00:19:31.129Z] E0708 04:19:31.128622    2600 watch.go:40] Failed to load config from "/Users/vishseen/Developer/projects/nxt-vish-studio-v1/dataconnect": could not find dataconnect.yaml in `/Users/vishseen/Developer/projects/nxt-vish-studio-v1/dataconnect`
 {"metadata":{"emulator":{"name":"dataconnect"},"message":"E0708 04:19:31.128622    2600 watch.go:40] Failed to load config from \"/Users/vishseen/Developer/projects/nxt-vish-studio-v1/dataconnect\": could not find dataconnect.yaml in `/Users/vishseen/Developer/projects/nxt-vish-studio-v1/dataconnect`\n"}}
[debug] [2026-07-08T00:19:41.130Z] E0708 04:19:41.130028    2600 watch.go:40] Failed to load config from "/Users/vishseen/Developer/projects/nxt-vish-studio-v1/dataconnect": could not find dataconnect.yaml in `/Users/vishseen/Developer/projects/nxt-vish-studio-v1/dataconnect`
 {"metadata":{"emulator":{"name":"dataconnect"},"message":"E0708 04:19:41.130028    2600 watch.go:40] Failed to load config from \"/Users/vishseen/Developer/projects/nxt-vish-studio-v1/dataconnect\": could not find dataconnect.yaml in `/Users/vishseen/Developer/projects/nxt-vish-studio-v1/dataconnect`\n"}}
[debug] [2026-07-08T00:19:51.130Z] E0708 04:19:51.129460    2600 watch.go:40] Failed to load config from "/Users/vishseen/Developer/projects/nxt-vish-studio-v1/dataconnect": could not find dataconnect.yaml in `/Users/vishseen/Developer/projects/nxt-vish-studio-v1/dataconnect`
 {"metadata":{"emulator":{"name":"dataconnect"},"message":"E0708 04:19:51.129460    2600 watch.go:40] Failed to load config from \"/Users/vishseen/Developer/projects/nxt-vish-studio-v1/dataconnect\": could not find dataconnect.yaml in `/Users/vishseen/Developer/projects/nxt-vish-studio-v1/dataconnect`\n"}}
[debug] [2026-07-08T00:20:01.127Z] E0708 04:20:01.127754    2600 watch.go:116] watchAllDir unable to walk dir `/Users/vishseen/Developer/projects/nxt-vish-studio-v1/dataconnect`: lstat /Users/vishseen/Developer/projects/nxt-vish-studio-v1/dataconnect: no such file or directory
E0708 04:20:01.127775    2600 watch.go:40] Failed to load config from "/Users/vishseen/Developer/projects/nxt-vish-studio-v1/dataconnect": could not find dataconnect.yaml in `/Users/vishseen/Developer/projects/nxt-vish-studio-v1/dataconnect`
 {"metadata":{"emulator":{"name":"dataconnect"},"message":"E0708 04:20:01.127754    2600 watch.go:116] watchAllDir unable to walk dir `/Users/vishseen/Developer/projects/nxt-vish-studio-v1/dataconnect`: lstat /Users/vishseen/Developer/projects/nxt-vish-studio-v1/dataconnect: no such file or directory\nE0708 04:20:01.127775    2600 watch.go:40] Failed to load config from \"/Users/vishseen/Developer/projects/nxt-vish-studio-v1/dataconnect\": could not find dataconnect.yaml in `/Users/vishseen/Developer/projects/nxt-vish-studio-v1/dataconnect`\n"}}
[debug] [2026-07-08T00:20:11.129Z] E0708 04:20:11.128890    2600 watch.go:40] Failed to load config from "/Users/vishseen/Developer/projects/nxt-vish-studio-v1/dataconnect": could not find dataconnect.yaml in `/Users/vishseen/Developer/projects/nxt-vish-studio-v1/dataconnect`
 {"metadata":{"emulator":{"name":"dataconnect"},"message":"E0708 04:20:11.128890    2600 watch.go:40] Failed to load config from \"/Users/vishseen/Developer/projects/nxt-vish-studio-v1/dataconnect\": could not find dataconnect.yaml in `/Users/vishseen/Developer/projects/nxt-vish-studio-v1/dataconnect`\n"}}
[debug] [2026-07-08T00:20:21.128Z] E0708 04:20:21.128721    2600 watch.go:40] Failed to load config from "/Users/vishseen/Developer/projects/nxt-vish-studio-v1/dataconnect": could not find dataconnect.yaml in `/Users/vishseen/Developer/projects/nxt-vish-studio-v1/dataconnect`
 {"metadata":{"emulator":{"name":"dataconnect"},"message":"E0708 04:20:21.128721    2600 watch.go:40] Failed to load config from \"/Users/vishseen/Developer/projects/nxt-vish-studio-v1/dataconnect\": could not find dataconnect.yaml in `/Users/vishseen/Developer/projects/nxt-vish-studio-v1/dataconnect`\n"}}
[debug] [2026-07-08T00:20:31.128Z] E0708 04:20:31.128535    2600 watch.go:40] Failed to load config from "/Users/vishseen/Developer/projects/nxt-vish-studio-v1/dataconnect": could not find dataconnect.yaml in `/Users/vishseen/Developer/projects/nxt-vish-studio-v1/dataconnect`
 {"metadata":{"emulator":{"name":"dataconnect"},"message":"E0708 04:20:31.128535    2600 watch.go:40] Failed to load config from \"/Users/vishseen/Developer/projects/nxt-vish-studio-v1/dataconnect\": could not find dataconnect.yaml in `/Users/vishseen/Developer/projects/nxt-vish-studio-v1/dataconnect`\n"}}
[debug] [2026-07-08T00:20:41.128Z] E0708 04:20:41.128630    2600 watch.go:40] Failed to load config from "/Users/vishseen/Developer/projects/nxt-vish-studio-v1/dataconnect": could not find dataconnect.yaml in `/Users/vishseen/Developer/projects/nxt-vish-studio-v1/dataconnect`
 {"metadata":{"emulator":{"name":"dataconnect"},"message":"E0708 04:20:41.128630    2600 watch.go:40] Failed to load config from \"/Users/vishseen/Developer/projects/nxt-vish-studio-v1/dataconnect\": could not find dataconnect.yaml in `/Users/vishseen/Developer/projects/nxt-vish-studio-v1/dataconnect`\n"}}
[debug] [2026-07-08T00:20:51.128Z] E0708 04:20:51.127923    2600 watch.go:40] Failed to load config from "/Users/vishseen/Developer/projects/nxt-vish-studio-v1/dataconnect": could not find dataconnect.yaml in `/Users/vishseen/Developer/projects/nxt-vish-studio-v1/dataconnect`
 {"metadata":{"emulator":{"name":"dataconnect"},"message":"E0708 04:20:51.127923    2600 watch.go:40] Failed to load config from \"/Users/vishseen/Developer/projects/nxt-vish-studio-v1/dataconnect\": could not find dataconnect.yaml in `/Users/vishseen/Developer/projects/nxt-vish-studio-v1/dataconnect`\n"}}
[debug] [2026-07-08T00:21:01.128Z] E0708 04:21:01.128642    2600 watch.go:116] watchAllDir unable to walk dir `/Users/vishseen/Developer/projects/nxt-vish-studio-v1/dataconnect`: lstat /Users/vishseen/Developer/projects/nxt-vish-studio-v1/dataconnect: no such file or directory
 {"metadata":{"emulator":{"name":"dataconnect"},"message":"E0708 04:21:01.128642    2600 watch.go:116] watchAllDir unable to walk dir `/Users/vishseen/Developer/projects/nxt-vish-studio-v1/dataconnect`: lstat /Users/vishseen/Developer/projects/nxt-vish-studio-v1/dataconnect: no such file or directory\n"}}
[debug] [2026-07-08T00:21:01.129Z] E0708 04:21:01.129016    2600 watch.go:40] Failed to load config from "/Users/vishseen/Developer/projects/nxt-vish-studio-v1/dataconnect": could not find dataconnect.yaml in `/Users/vishseen/Developer/projects/nxt-vish-studio-v1/dataconnect`
 {"metadata":{"emulator":{"name":"dataconnect"},"message":"E0708 04:21:01.129016    2600 watch.go:40] Failed to load config from \"/Users/vishseen/Developer/projects/nxt-vish-studio-v1/dataconnect\": could not find dataconnect.yaml in `/Users/vishseen/Developer/projects/nxt-vish-studio-v1/dataconnect`\n"}}
[debug] [2026-07-08T00:21:11.128Z] E0708 04:21:11.128687    2600 watch.go:40] Failed to load config from "/Users/vishseen/Developer/projects/nxt-vish-studio-v1/dataconnect": could not find dataconnect.yaml in `/Users/vishseen/Developer/projects/nxt-vish-studio-v1/dataconnect`
 {"metadata":{"emulator":{"name":"dataconnect"},"message":"E0708 04:21:11.128687    2600 watch.go:40] Failed to load config from \"/Users/vishseen/Developer/projects/nxt-vish-studio-v1/dataconnect\": could not find dataconnect.yaml in `/Users/vishseen/Developer/projects/nxt-vish-studio-v1/dataconnect`\n"}}
[debug] [2026-07-08T00:21:21.128Z] E0708 04:21:21.128602    2600 watch.go:40] Failed to load config from "/Users/vishseen/Developer/projects/nxt-vish-studio-v1/dataconnect": could not find dataconnect.yaml in `/Users/vishseen/Developer/projects/nxt-vish-studio-v1/dataconnect`
 {"metadata":{"emulator":{"name":"dataconnect"},"message":"E0708 04:21:21.128602    2600 watch.go:40] Failed to load config from \"/Users/vishseen/Developer/projects/nxt-vish-studio-v1/dataconnect\": could not find dataconnect.yaml in `/Users/vishseen/Developer/projects/nxt-vish-studio-v1/dataconnect`\n"}}
[debug] [2026-07-08T00:21:31.128Z] E0708 04:21:31.128638    2600 watch.go:40] Failed to load config from "/Users/vishseen/Developer/projects/nxt-vish-studio-v1/dataconnect": could not find dataconnect.yaml in `/Users/vishseen/Developer/projects/nxt-vish-studio-v1/dataconnect`
 {"metadata":{"emulator":{"name":"dataconnect"},"message":"E0708 04:21:31.128638    2600 watch.go:40] Failed to load config from \"/Users/vishseen/Developer/projects/nxt-vish-studio-v1/dataconnect\": could not find dataconnect.yaml in `/Users/vishseen/Developer/projects/nxt-vish-studio-v1/dataconnect`\n"}}
[debug] [2026-07-08T00:21:41.129Z] E0708 04:21:41.128685    2600 watch.go:40] Failed to load config from "/Users/vishseen/Developer/projects/nxt-vish-studio-v1/dataconnect": could not find dataconnect.yaml in `/Users/vishseen/Developer/projects/nxt-vish-studio-v1/dataconnect`
 {"metadata":{"emulator":{"name":"dataconnect"},"message":"E0708 04:21:41.128685    2600 watch.go:40] Failed to load config from \"/Users/vishseen/Developer/projects/nxt-vish-studio-v1/dataconnect\": could not find dataconnect.yaml in `/Users/vishseen/Developer/projects/nxt-vish-studio-v1/dataconnect`\n"}}
[debug] [2026-07-08T00:21:51.128Z] E0708 04:21:51.128567    2600 watch.go:40] Failed to load config from "/Users/vishseen/Developer/projects/nxt-vish-studio-v1/dataconnect": could not find dataconnect.yaml in `/Users/vishseen/Developer/projects/nxt-vish-studio-v1/dataconnect`
 {"metadata":{"emulator":{"name":"dataconnect"},"message":"E0708 04:21:51.128567    2600 watch.go:40] Failed to load config from \"/Users/vishseen/Developer/projects/nxt-vish-studio-v1/dataconnect\": could not find dataconnect.yaml in `/Users/vishseen/Developer/projects/nxt-vish-studio-v1/dataconnect`\n"}}
[debug] [2026-07-08T00:22:01.128Z] E0708 04:22:01.127715    2600 watch.go:116] watchAllDir unable to walk dir `/Users/vishseen/Developer/projects/nxt-vish-studio-v1/dataconnect`: lstat /Users/vishseen/Developer/projects/nxt-vish-studio-v1/dataconnect: no such file or directory
E0708 04:22:01.127787    2600 watch.go:40] Failed to load config from "/Users/vishseen/Developer/projects/nxt-vish-studio-v1/dataconnect": could not find dataconnect.yaml in `/Users/vishseen/Developer/projects/nxt-vish-studio-v1/dataconnect`
 {"metadata":{"emulator":{"name":"dataconnect"},"message":"E0708 04:22:01.127715    2600 watch.go:116] watchAllDir unable to walk dir `/Users/vishseen/Developer/projects/nxt-vish-studio-v1/dataconnect`: lstat /Users/vishseen/Developer/projects/nxt-vish-studio-v1/dataconnect: no such file or directory\nE0708 04:22:01.127787    2600 watch.go:40] Failed to load config from \"/Users/vishseen/Developer/projects/nxt-vish-studio-v1/dataconnect\": could not find dataconnect.yaml in `/Users/vishseen/Developer/projects/nxt-vish-studio-v1/dataconnect`\n"}}
[debug] [2026-07-08T00:22:11.128Z] E0708 04:22:11.127678    2600 watch.go:40] Failed to load config from "/Users/vishseen/Developer/projects/nxt-vish-studio-v1/dataconnect": could not find dataconnect.yaml in `/Users/vishseen/Developer/projects/nxt-vish-studio-v1/dataconnect`
 {"metadata":{"emulator":{"name":"dataconnect"},"message":"E0708 04:22:11.127678    2600 watch.go:40] Failed to load config from \"/Users/vishseen/Developer/projects/nxt-vish-studio-v1/dataconnect\": could not find dataconnect.yaml in `/Users/vishseen/Developer/projects/nxt-vish-studio-v1/dataconnect`\n"}}
[debug] [2026-07-08T00:22:21.128Z] E0708 04:22:21.128558    2600 watch.go:40] Failed to load config from "/Users/vishseen/Developer/projects/nxt-vish-studio-v1/dataconnect": could not find dataconnect.yaml in `/Users/vishseen/Developer/projects/nxt-vish-studio-v1/dataconnect`
 {"metadata":{"emulator":{"name":"dataconnect"},"message":"E0708 04:22:21.128558    2600 watch.go:40] Failed to load config from \"/Users/vishseen/Developer/projects/nxt-vish-studio-v1/dataconnect\": could not find dataconnect.yaml in `/Users/vishseen/Developer/projects/nxt-vish-studio-v1/dataconnect`\n"}}
[debug] [2026-07-08T00:22:31.127Z] E0708 04:22:31.127423    2600 watch.go:40] Failed to load config from "/Users/vishseen/Developer/projects/nxt-vish-studio-v1/dataconnect": could not find dataconnect.yaml in `/Users/vishseen/Developer/projects/nxt-vish-studio-v1/dataconnect`
 {"metadata":{"emulator":{"name":"dataconnect"},"message":"E0708 04:22:31.127423    2600 watch.go:40] Failed to load config from \"/Users/vishseen/Developer/projects/nxt-vish-studio-v1/dataconnect\": could not find dataconnect.yaml in `/Users/vishseen/Developer/projects/nxt-vish-studio-v1/dataconnect`\n"}}
[debug] [2026-07-08T00:22:41.128Z] E0708 04:22:41.127877    2600 watch.go:40] Failed to load config from "/Users/vishseen/Developer/projects/nxt-vish-studio-v1/dataconnect": could not find dataconnect.yaml in `/Users/vishseen/Developer/projects/nxt-vish-studio-v1/dataconnect`
 {"metadata":{"emulator":{"name":"dataconnect"},"message":"E0708 04:22:41.127877    2600 watch.go:40] Failed to load config from \"/Users/vishseen/Developer/projects/nxt-vish-studio-v1/dataconnect\": could not find dataconnect.yaml in `/Users/vishseen/Developer/projects/nxt-vish-studio-v1/dataconnect`\n"}}
[debug] [2026-07-08T00:22:51.129Z] E0708 04:22:51.128590    2600 watch.go:40] Failed to load config from "/Users/vishseen/Developer/projects/nxt-vish-studio-v1/dataconnect": could not find dataconnect.yaml in `/Users/vishseen/Developer/projects/nxt-vish-studio-v1/dataconnect`
 {"metadata":{"emulator":{"name":"dataconnect"},"message":"E0708 04:22:51.128590    2600 watch.go:40] Failed to load config from \"/Users/vishseen/Developer/projects/nxt-vish-studio-v1/dataconnect\": could not find dataconnect.yaml in `/Users/vishseen/Developer/projects/nxt-vish-studio-v1/dataconnect`\n"}}
[debug] [2026-07-08T00:23:01.128Z] E0708 04:23:01.128444    2600 watch.go:116] watchAllDir unable to walk dir `/Users/vishseen/Developer/projects/nxt-vish-studio-v1/dataconnect`: lstat /Users/vishseen/Developer/projects/nxt-vish-studio-v1/dataconnect: no such file or directory
E0708 04:23:01.128560    2600 watch.go:40] Failed to load config from "/Users/vishseen/Developer/projects/nxt-vish-studio-v1/dataconnect": could not find dataconnect.yaml in `/Users/vishseen/Developer/projects/nxt-vish-studio-v1/dataconnect`
 {"metadata":{"emulator":{"name":"dataconnect"},"message":"E0708 04:23:01.128444    2600 watch.go:116] watchAllDir unable to walk dir `/Users/vishseen/Developer/projects/nxt-vish-studio-v1/dataconnect`: lstat /Users/vishseen/Developer/projects/nxt-vish-studio-v1/dataconnect: no such file or directory\nE0708 04:23:01.128560    2600 watch.go:40] Failed to load config from \"/Users/vishseen/Developer/projects/nxt-vish-studio-v1/dataconnect\": could not find dataconnect.yaml in `/Users/vishseen/Developer/projects/nxt-vish-studio-v1/dataconnect`\n"}}
[debug] [2026-07-08T00:23:11.129Z] E0708 04:23:11.128590    2600 watch.go:40] Failed to load config from "/Users/vishseen/Developer/projects/nxt-vish-studio-v1/dataconnect": could not find dataconnect.yaml in `/Users/vishseen/Developer/projects/nxt-vish-studio-v1/dataconnect`
 {"metadata":{"emulator":{"name":"dataconnect"},"message":"E0708 04:23:11.128590    2600 watch.go:40] Failed to load config from \"/Users/vishseen/Developer/projects/nxt-vish-studio-v1/dataconnect\": could not find dataconnect.yaml in `/Users/vishseen/Developer/projects/nxt-vish-studio-v1/dataconnect`\n"}}
[debug] [2026-07-08T00:23:21.128Z] E0708 04:23:21.128610    2600 watch.go:40] Failed to load config from "/Users/vishseen/Developer/projects/nxt-vish-studio-v1/dataconnect": could not find dataconnect.yaml in `/Users/vishseen/Developer/projects/nxt-vish-studio-v1/dataconnect`
 {"metadata":{"emulator":{"name":"dataconnect"},"message":"E0708 04:23:21.128610    2600 watch.go:40] Failed to load config from \"/Users/vishseen/Developer/projects/nxt-vish-studio-v1/dataconnect\": could not find dataconnect.yaml in `/Users/vishseen/Developer/projects/nxt-vish-studio-v1/dataconnect`\n"}}
[debug] [2026-07-08T00:23:31.128Z] E0708 04:23:31.127617    2600 watch.go:40] Failed to load config from "/Users/vishseen/Developer/projects/nxt-vish-studio-v1/dataconnect": could not find dataconnect.yaml in `/Users/vishseen/Developer/projects/nxt-vish-studio-v1/dataconnect`
 {"metadata":{"emulator":{"name":"dataconnect"},"message":"E0708 04:23:31.127617    2600 watch.go:40] Failed to load config from \"/Users/vishseen/Developer/projects/nxt-vish-studio-v1/dataconnect\": could not find dataconnect.yaml in `/Users/vishseen/Developer/projects/nxt-vish-studio-v1/dataconnect`\n"}}
[debug] [2026-07-08T00:23:41.133Z] E0708 04:23:41.133204    2600 watch.go:40] Failed to load config from "/Users/vishseen/Developer/projects/nxt-vish-studio-v1/dataconnect": could not find dataconnect.yaml in `/Users/vishseen/Developer/projects/nxt-vish-studio-v1/dataconnect`
 {"metadata":{"emulator":{"name":"dataconnect"},"message":"E0708 04:23:41.133204    2600 watch.go:40] Failed to load config from \"/Users/vishseen/Developer/projects/nxt-vish-studio-v1/dataconnect\": could not find dataconnect.yaml in `/Users/vishseen/Developer/projects/nxt-vish-studio-v1/dataconnect`\n"}}
[debug] [2026-07-08T00:23:51.150Z] E0708 04:23:51.150163    2600 watch.go:40] Failed to load config from "/Users/vishseen/Developer/projects/nxt-vish-studio-v1/dataconnect": could not find dataconnect.yaml in `/Users/vishseen/Developer/projects/nxt-vish-studio-v1/dataconnect`
 {"metadata":{"emulator":{"name":"dataconnect"},"message":"E0708 04:23:51.150163    2600 watch.go:40] Failed to load config from \"/Users/vishseen/Developer/projects/nxt-vish-studio-v1/dataconnect\": could not find dataconnect.yaml in `/Users/vishseen/Developer/projects/nxt-vish-studio-v1/dataconnect`\n"}}
[debug] [2026-07-08T00:24:01.159Z] E0708 04:24:01.159117    2600 watch.go:40] Failed to load config from "/Users/vishseen/Developer/projects/nxt-vish-studio-v1/dataconnect": could not find dataconnect.yaml in `/Users/vishseen/Developer/projects/nxt-vish-studio-v1/dataconnect`
E0708 04:24:01.159064    2600 watch.go:116] watchAllDir unable to walk dir `/Users/vishseen/Developer/projects/nxt-vish-studio-v1/dataconnect`: lstat /Users/vishseen/Developer/projects/nxt-vish-studio-v1/dataconnect: no such file or directory
 {"metadata":{"emulator":{"name":"dataconnect"},"message":"E0708 04:24:01.159117    2600 watch.go:40] Failed to load config from \"/Users/vishseen/Developer/projects/nxt-vish-studio-v1/dataconnect\": could not find dataconnect.yaml in `/Users/vishseen/Developer/projects/nxt-vish-studio-v1/dataconnect`\nE0708 04:24:01.159064    2600 watch.go:116] watchAllDir unable to walk dir `/Users/vishseen/Developer/projects/nxt-vish-studio-v1/dataconnect`: lstat /Users/vishseen/Developer/projects/nxt-vish-studio-v1/dataconnect: no such file or directory\n"}}
[debug] [2026-07-08T00:24:11.163Z] E0708 04:24:11.163362    2600 watch.go:40] Failed to load config from "/Users/vishseen/Developer/projects/nxt-vish-studio-v1/dataconnect": could not find dataconnect.yaml in `/Users/vishseen/Developer/projects/nxt-vish-studio-v1/dataconnect`
 {"metadata":{"emulator":{"name":"dataconnect"},"message":"E0708 04:24:11.163362    2600 watch.go:40] Failed to load config from \"/Users/vishseen/Developer/projects/nxt-vish-studio-v1/dataconnect\": could not find dataconnect.yaml in `/Users/vishseen/Developer/projects/nxt-vish-studio-v1/dataconnect`\n"}}
[debug] [2026-07-08T00:24:21.166Z] E0708 04:24:21.166200    2600 watch.go:40] Failed to load config from "/Users/vishseen/Developer/projects/nxt-vish-studio-v1/dataconnect": could not find dataconnect.yaml in `/Users/vishseen/Developer/projects/nxt-vish-studio-v1/dataconnect`
 {"metadata":{"emulator":{"name":"dataconnect"},"message":"E0708 04:24:21.166200    2600 watch.go:40] Failed to load config from \"/Users/vishseen/Developer/projects/nxt-vish-studio-v1/dataconnect\": could not find dataconnect.yaml in `/Users/vishseen/Developer/projects/nxt-vish-studio-v1/dataconnect`\n"}}
[debug] [2026-07-08T00:24:31.168Z] E0708 04:24:31.168118    2600 watch.go:40] Failed to load config from "/Users/vishseen/Developer/projects/nxt-vish-studio-v1/dataconnect": could not find dataconnect.yaml in `/Users/vishseen/Developer/projects/nxt-vish-studio-v1/dataconnect`
 {"metadata":{"emulator":{"name":"dataconnect"},"message":"E0708 04:24:31.168118    2600 watch.go:40] Failed to load config from \"/Users/vishseen/Developer/projects/nxt-vish-studio-v1/dataconnect\": could not find dataconnect.yaml in `/Users/vishseen/Developer/projects/nxt-vish-studio-v1/dataconnect`\n"}}
[debug] [2026-07-08T00:24:41.168Z] E0708 04:24:41.168297    2600 watch.go:40] Failed to load config from "/Users/vishseen/Developer/projects/nxt-vish-studio-v1/dataconnect": could not find dataconnect.yaml in `/Users/vishseen/Developer/projects/nxt-vish-studio-v1/dataconnect`
 {"metadata":{"emulator":{"name":"dataconnect"},"message":"E0708 04:24:41.168297    2600 watch.go:40] Failed to load config from \"/Users/vishseen/Developer/projects/nxt-vish-studio-v1/dataconnect\": could not find dataconnect.yaml in `/Users/vishseen/Developer/projects/nxt-vish-studio-v1/dataconnect`\n"}}
[debug] [2026-07-08T00:24:51.169Z] E0708 04:24:51.168747    2600 watch.go:40] Failed to load config from "/Users/vishseen/Developer/projects/nxt-vish-studio-v1/dataconnect": could not find dataconnect.yaml in `/Users/vishseen/Developer/projects/nxt-vish-studio-v1/dataconnect`
 {"metadata":{"emulator":{"name":"dataconnect"},"message":"E0708 04:24:51.168747    2600 watch.go:40] Failed to load config from \"/Users/vishseen/Developer/projects/nxt-vish-studio-v1/dataconnect\": could not find dataconnect.yaml in `/Users/vishseen/Developer/projects/nxt-vish-studio-v1/dataconnect`\n"}}
[debug] [2026-07-08T00:25:01.169Z] E0708 04:25:01.168832    2600 watch.go:40] Failed to load config from "/Users/vishseen/Developer/projects/nxt-vish-studio-v1/dataconnect": could not find dataconnect.yaml in `/Users/vishseen/Developer/projects/nxt-vish-studio-v1/dataconnect`
E0708 04:25:01.168779    2600 watch.go:116] watchAllDir unable to walk dir `/Users/vishseen/Developer/projects/nxt-vish-studio-v1/dataconnect`: lstat /Users/vishseen/Developer/projects/nxt-vish-studio-v1/dataconnect: no such file or directory
 {"metadata":{"emulator":{"name":"dataconnect"},"message":"E0708 04:25:01.168832    2600 watch.go:40] Failed to load config from \"/Users/vishseen/Developer/projects/nxt-vish-studio-v1/dataconnect\": could not find dataconnect.yaml in `/Users/vishseen/Developer/projects/nxt-vish-studio-v1/dataconnect`\nE0708 04:25:01.168779    2600 watch.go:116] watchAllDir unable to walk dir `/Users/vishseen/Developer/projects/nxt-vish-studio-v1/dataconnect`: lstat /Users/vishseen/Developer/projects/nxt-vish-studio-v1/dataconnect: no such file or directory\n"}}
[debug] [2026-07-08T00:25:11.169Z] E0708 04:25:11.169098    2600 watch.go:40] Failed to load config from "/Users/vishseen/Developer/projects/nxt-vish-studio-v1/dataconnect": could not find dataconnect.yaml in `/Users/vishseen/Developer/projects/nxt-vish-studio-v1/dataconnect`
 {"metadata":{"emulator":{"name":"dataconnect"},"message":"E0708 04:25:11.169098    2600 watch.go:40] Failed to load config from \"/Users/vishseen/Developer/projects/nxt-vish-studio-v1/dataconnect\": could not find dataconnect.yaml in `/Users/vishseen/Developer/projects/nxt-vish-studio-v1/dataconnect`\n"}}
[debug] [2026-07-08T00:25:21.169Z] E0708 04:25:21.169111    2600 watch.go:40] Failed to load config from "/Users/vishseen/Developer/projects/nxt-vish-studio-v1/dataconnect": could not find dataconnect.yaml in `/Users/vishseen/Developer/projects/nxt-vish-studio-v1/dataconnect`
 {"metadata":{"emulator":{"name":"dataconnect"},"message":"E0708 04:25:21.169111    2600 watch.go:40] Failed to load config from \"/Users/vishseen/Developer/projects/nxt-vish-studio-v1/dataconnect\": could not find dataconnect.yaml in `/Users/vishseen/Developer/projects/nxt-vish-studio-v1/dataconnect`\n"}}
[debug] [2026-07-08T00:25:31.169Z] E0708 04:25:31.169152    2600 watch.go:40] Failed to load config from "/Users/vishseen/Developer/projects/nxt-vish-studio-v1/dataconnect": could not find dataconnect.yaml in `/Users/vishseen/Developer/projects/nxt-vish-studio-v1/dataconnect`
 {"metadata":{"emulator":{"name":"dataconnect"},"message":"E0708 04:25:31.169152    2600 watch.go:40] Failed to load config from \"/Users/vishseen/Developer/projects/nxt-vish-studio-v1/dataconnect\": could not find dataconnect.yaml in `/Users/vishseen/Developer/projects/nxt-vish-studio-v1/dataconnect`\n"}}
[debug] [2026-07-08T00:25:41.169Z] E0708 04:25:41.169127    2600 watch.go:40] Failed to load config from "/Users/vishseen/Developer/projects/nxt-vish-studio-v1/dataconnect": could not find dataconnect.yaml in `/Users/vishseen/Developer/projects/nxt-vish-studio-v1/dataconnect`
 {"metadata":{"emulator":{"name":"dataconnect"},"message":"E0708 04:25:41.169127    2600 watch.go:40] Failed to load config from \"/Users/vishseen/Developer/projects/nxt-vish-studio-v1/dataconnect\": could not find dataconnect.yaml in `/Users/vishseen/Developer/projects/nxt-vish-studio-v1/dataconnect`\n"}}
[debug] [2026-07-08T00:25:51.169Z] E0708 04:25:51.169262    2600 watch.go:40] Failed to load config from "/Users/vishseen/Developer/projects/nxt-vish-studio-v1/dataconnect": could not find dataconnect.yaml in `/Users/vishseen/Developer/projects/nxt-vish-studio-v1/dataconnect`
 {"metadata":{"emulator":{"name":"dataconnect"},"message":"E0708 04:25:51.169262    2600 watch.go:40] Failed to load config from \"/Users/vishseen/Developer/projects/nxt-vish-studio-v1/dataconnect\": could not find dataconnect.yaml in `/Users/vishseen/Developer/projects/nxt-vish-studio-v1/dataconnect`\n"}}
[debug] [2026-07-08T00:26:01.169Z] E0708 04:26:01.169253    2600 watch.go:40] Failed to load config from "/Users/vishseen/Developer/projects/nxt-vish-studio-v1/dataconnect": could not find dataconnect.yaml in `/Users/vishseen/Developer/projects/nxt-vish-studio-v1/dataconnect`
E0708 04:26:01.169259    2600 watch.go:116] watchAllDir unable to walk dir `/Users/vishseen/Developer/projects/nxt-vish-studio-v1/dataconnect`: lstat /Users/vishseen/Developer/projects/nxt-vish-studio-v1/dataconnect: no such file or directory
 {"metadata":{"emulator":{"name":"dataconnect"},"message":"E0708 04:26:01.169253    2600 watch.go:40] Failed to load config from \"/Users/vishseen/Developer/projects/nxt-vish-studio-v1/dataconnect\": could not find dataconnect.yaml in `/Users/vishseen/Developer/projects/nxt-vish-studio-v1/dataconnect`\nE0708 04:26:01.169259    2600 watch.go:116] watchAllDir unable to walk dir `/Users/vishseen/Developer/projects/nxt-vish-studio-v1/dataconnect`: lstat /Users/vishseen/Developer/projects/nxt-vish-studio-v1/dataconnect: no such file or directory\n"}}
[debug] [2026-07-08T00:26:11.169Z] E0708 04:26:11.169405    2600 watch.go:40] Failed to load config from "/Users/vishseen/Developer/projects/nxt-vish-studio-v1/dataconnect": could not find dataconnect.yaml in `/Users/vishseen/Developer/projects/nxt-vish-studio-v1/dataconnect`
 {"metadata":{"emulator":{"name":"dataconnect"},"message":"E0708 04:26:11.169405    2600 watch.go:40] Failed to load config from \"/Users/vishseen/Developer/projects/nxt-vish-studio-v1/dataconnect\": could not find dataconnect.yaml in `/Users/vishseen/Developer/projects/nxt-vish-studio-v1/dataconnect`\n"}}
[debug] [2026-07-08T00:26:21.170Z] E0708 04:26:21.169392    2600 watch.go:40] Failed to load config from "/Users/vishseen/Developer/projects/nxt-vish-studio-v1/dataconnect": could not find dataconnect.yaml in `/Users/vishseen/Developer/projects/nxt-vish-studio-v1/dataconnect`
 {"metadata":{"emulator":{"name":"dataconnect"},"message":"E0708 04:26:21.169392    2600 watch.go:40] Failed to load config from \"/Users/vishseen/Developer/projects/nxt-vish-studio-v1/dataconnect\": could not find dataconnect.yaml in `/Users/vishseen/Developer/projects/nxt-vish-studio-v1/dataconnect`\n"}}
[debug] [2026-07-08T00:26:31.169Z] E0708 04:26:31.169145    2600 watch.go:40] Failed to load config from "/Users/vishseen/Developer/projects/nxt-vish-studio-v1/dataconnect": could not find dataconnect.yaml in `/Users/vishseen/Developer/projects/nxt-vish-studio-v1/dataconnect`
 {"metadata":{"emulator":{"name":"dataconnect"},"message":"E0708 04:26:31.169145    2600 watch.go:40] Failed to load config from \"/Users/vishseen/Developer/projects/nxt-vish-studio-v1/dataconnect\": could not find dataconnect.yaml in `/Users/vishseen/Developer/projects/nxt-vish-studio-v1/dataconnect`\n"}}
[debug] [2026-07-08T00:26:41.169Z] E0708 04:26:41.168952    2600 watch.go:40] Failed to load config from "/Users/vishseen/Developer/projects/nxt-vish-studio-v1/dataconnect": could not find dataconnect.yaml in `/Users/vishseen/Developer/projects/nxt-vish-studio-v1/dataconnect`
 {"metadata":{"emulator":{"name":"dataconnect"},"message":"E0708 04:26:41.168952    2600 watch.go:40] Failed to load config from \"/Users/vishseen/Developer/projects/nxt-vish-studio-v1/dataconnect\": could not find dataconnect.yaml in `/Users/vishseen/Developer/projects/nxt-vish-studio-v1/dataconnect`\n"}}
[debug] [2026-07-08T00:26:51.169Z] E0708 04:26:51.169498    2600 watch.go:40] Failed to load config from "/Users/vishseen/Developer/projects/nxt-vish-studio-v1/dataconnect": could not find dataconnect.yaml in `/Users/vishseen/Developer/projects/nxt-vish-studio-v1/dataconnect`
 {"metadata":{"emulator":{"name":"dataconnect"},"message":"E0708 04:26:51.169498    2600 watch.go:40] Failed to load config from \"/Users/vishseen/Developer/projects/nxt-vish-studio-v1/dataconnect\": could not find dataconnect.yaml in `/Users/vishseen/Developer/projects/nxt-vish-studio-v1/dataconnect`\n"}}
[debug] [2026-07-08T00:27:01.170Z] E0708 04:27:01.169535    2600 watch.go:40] Failed to load config from "/Users/vishseen/Developer/projects/nxt-vish-studio-v1/dataconnect": could not find dataconnect.yaml in `/Users/vishseen/Developer/projects/nxt-vish-studio-v1/dataconnect`
E0708 04:27:01.169483    2600 watch.go:116] watchAllDir unable to walk dir `/Users/vishseen/Developer/projects/nxt-vish-studio-v1/dataconnect`: lstat /Users/vishseen/Developer/projects/nxt-vish-studio-v1/dataconnect: no such file or directory
 {"metadata":{"emulator":{"name":"dataconnect"},"message":"E0708 04:27:01.169535    2600 watch.go:40] Failed to load config from \"/Users/vishseen/Developer/projects/nxt-vish-studio-v1/dataconnect\": could not find dataconnect.yaml in `/Users/vishseen/Developer/projects/nxt-vish-studio-v1/dataconnect`\nE0708 04:27:01.169483    2600 watch.go:116] watchAllDir unable to walk dir `/Users/vishseen/Developer/projects/nxt-vish-studio-v1/dataconnect`: lstat /Users/vishseen/Developer/projects/nxt-vish-studio-v1/dataconnect: no such file or directory\n"}}
[debug] [2026-07-08T00:27:11.169Z] E0708 04:27:11.169146    2600 watch.go:40] Failed to load config from "/Users/vishseen/Developer/projects/nxt-vish-studio-v1/dataconnect": could not find dataconnect.yaml in `/Users/vishseen/Developer/projects/nxt-vish-studio-v1/dataconnect`
 {"metadata":{"emulator":{"name":"dataconnect"},"message":"E0708 04:27:11.169146    2600 watch.go:40] Failed to load config from \"/Users/vishseen/Developer/projects/nxt-vish-studio-v1/dataconnect\": could not find dataconnect.yaml in `/Users/vishseen/Developer/projects/nxt-vish-studio-v1/dataconnect`\n"}}
[debug] [2026-07-08T00:27:21.169Z] E0708 04:27:21.169569    2600 watch.go:40] Failed to load config from "/Users/vishseen/Developer/projects/nxt-vish-studio-v1/dataconnect": could not find dataconnect.yaml in `/Users/vishseen/Developer/projects/nxt-vish-studio-v1/dataconnect`
 {"metadata":{"emulator":{"name":"dataconnect"},"message":"E0708 04:27:21.169569    2600 watch.go:40] Failed to load config from \"/Users/vishseen/Developer/projects/nxt-vish-studio-v1/dataconnect\": could not find dataconnect.yaml in `/Users/vishseen/Developer/projects/nxt-vish-studio-v1/dataconnect`\n"}}
[debug] [2026-07-08T00:27:31.169Z] E0708 04:27:31.169617    2600 watch.go:40] Failed to load config from "/Users/vishseen/Developer/projects/nxt-vish-studio-v1/dataconnect": could not find dataconnect.yaml in `/Users/vishseen/Developer/projects/nxt-vish-studio-v1/dataconnect`
 {"metadata":{"emulator":{"name":"dataconnect"},"message":"E0708 04:27:31.169617    2600 watch.go:40] Failed to load config from \"/Users/vishseen/Developer/projects/nxt-vish-studio-v1/dataconnect\": could not find dataconnect.yaml in `/Users/vishseen/Developer/projects/nxt-vish-studio-v1/dataconnect`\n"}}
[debug] [2026-07-08T00:27:41.169Z] E0708 04:27:41.169567    2600 watch.go:40] Failed to load config from "/Users/vishseen/Developer/projects/nxt-vish-studio-v1/dataconnect": could not find dataconnect.yaml in `/Users/vishseen/Developer/projects/nxt-vish-studio-v1/dataconnect`
 {"metadata":{"emulator":{"name":"dataconnect"},"message":"E0708 04:27:41.169567    2600 watch.go:40] Failed to load config from \"/Users/vishseen/Developer/projects/nxt-vish-studio-v1/dataconnect\": could not find dataconnect.yaml in `/Users/vishseen/Developer/projects/nxt-vish-studio-v1/dataconnect`\n"}}
[debug] [2026-07-08T00:27:51.170Z] E0708 04:27:51.169767    2600 watch.go:40] Failed to load config from "/Users/vishseen/Developer/projects/nxt-vish-studio-v1/dataconnect": could not find dataconnect.yaml in `/Users/vishseen/Developer/projects/nxt-vish-studio-v1/dataconnect`
 {"metadata":{"emulator":{"name":"dataconnect"},"message":"E0708 04:27:51.169767    2600 watch.go:40] Failed to load config from \"/Users/vishseen/Developer/projects/nxt-vish-studio-v1/dataconnect\": could not find dataconnect.yaml in `/Users/vishseen/Developer/projects/nxt-vish-studio-v1/dataconnect`\n"}}
[debug] [2026-07-08T00:28:01.170Z] E0708 04:28:01.169647    2600 watch.go:116] watchAllDir unable to walk dir `/Users/vishseen/Developer/projects/nxt-vish-studio-v1/dataconnect`: lstat /Users/vishseen/Developer/projects/nxt-vish-studio-v1/dataconnect: no such file or directory
E0708 04:28:01.169725    2600 watch.go:40] Failed to load config from "/Users/vishseen/Developer/projects/nxt-vish-studio-v1/dataconnect": could not find dataconnect.yaml in `/Users/vishseen/Developer/projects/nxt-vish-studio-v1/dataconnect`
 {"metadata":{"emulator":{"name":"dataconnect"},"message":"E0708 04:28:01.169647    2600 watch.go:116] watchAllDir unable to walk dir `/Users/vishseen/Developer/projects/nxt-vish-studio-v1/dataconnect`: lstat /Users/vishseen/Developer/projects/nxt-vish-studio-v1/dataconnect: no such file or directory\nE0708 04:28:01.169725    2600 watch.go:40] Failed to load config from \"/Users/vishseen/Developer/projects/nxt-vish-studio-v1/dataconnect\": could not find dataconnect.yaml in `/Users/vishseen/Developer/projects/nxt-vish-studio-v1/dataconnect`\n"}}
[debug] [2026-07-08T00:28:11.170Z] E0708 04:28:11.169759    2600 watch.go:40] Failed to load config from "/Users/vishseen/Developer/projects/nxt-vish-studio-v1/dataconnect": could not find dataconnect.yaml in `/Users/vishseen/Developer/projects/nxt-vish-studio-v1/dataconnect`
 {"metadata":{"emulator":{"name":"dataconnect"},"message":"E0708 04:28:11.169759    2600 watch.go:40] Failed to load config from \"/Users/vishseen/Developer/projects/nxt-vish-studio-v1/dataconnect\": could not find dataconnect.yaml in `/Users/vishseen/Developer/projects/nxt-vish-studio-v1/dataconnect`\n"}}
[debug] [2026-07-08T00:28:21.170Z] E0708 04:28:21.169841    2600 watch.go:40] Failed to load config from "/Users/vishseen/Developer/projects/nxt-vish-studio-v1/dataconnect": could not find dataconnect.yaml in `/Users/vishseen/Developer/projects/nxt-vish-studio-v1/dataconnect`
 {"metadata":{"emulator":{"name":"dataconnect"},"message":"E0708 04:28:21.169841    2600 watch.go:40] Failed to load config from \"/Users/vishseen/Developer/projects/nxt-vish-studio-v1/dataconnect\": could not find dataconnect.yaml in `/Users/vishseen/Developer/projects/nxt-vish-studio-v1/dataconnect`\n"}}
[debug] [2026-07-08T00:28:31.170Z] E0708 04:28:31.169711    2600 watch.go:40] Failed to load config from "/Users/vishseen/Developer/projects/nxt-vish-studio-v1/dataconnect": could not find dataconnect.yaml in `/Users/vishseen/Developer/projects/nxt-vish-studio-v1/dataconnect`
 {"metadata":{"emulator":{"name":"dataconnect"},"message":"E0708 04:28:31.169711    2600 watch.go:40] Failed to load config from \"/Users/vishseen/Developer/projects/nxt-vish-studio-v1/dataconnect\": could not find dataconnect.yaml in `/Users/vishseen/Developer/projects/nxt-vish-studio-v1/dataconnect`\n"}}
[debug] [2026-07-08T00:28:41.170Z] E0708 04:28:41.169555    2600 watch.go:40] Failed to load config from "/Users/vishseen/Developer/projects/nxt-vish-studio-v1/dataconnect": could not find dataconnect.yaml in `/Users/vishseen/Developer/projects/nxt-vish-studio-v1/dataconnect`
 {"metadata":{"emulator":{"name":"dataconnect"},"message":"E0708 04:28:41.169555    2600 watch.go:40] Failed to load config from \"/Users/vishseen/Developer/projects/nxt-vish-studio-v1/dataconnect\": could not find dataconnect.yaml in `/Users/vishseen/Developer/projects/nxt-vish-studio-v1/dataconnect`\n"}}
[debug] [2026-07-08T00:28:51.170Z] E0708 04:28:51.170358    2600 watch.go:40] Failed to load config from "/Users/vishseen/Developer/projects/nxt-vish-studio-v1/dataconnect": could not find dataconnect.yaml in `/Users/vishseen/Developer/projects/nxt-vish-studio-v1/dataconnect`
 {"metadata":{"emulator":{"name":"dataconnect"},"message":"E0708 04:28:51.170358    2600 watch.go:40] Failed to load config from \"/Users/vishseen/Developer/projects/nxt-vish-studio-v1/dataconnect\": could not find dataconnect.yaml in `/Users/vishseen/Developer/projects/nxt-vish-studio-v1/dataconnect`\n"}}
[debug] [2026-07-08T00:29:01.170Z] E0708 04:29:01.169920    2600 watch.go:116] watchAllDir unable to walk dir `/Users/vishseen/Developer/projects/nxt-vish-studio-v1/dataconnect`: lstat /Users/vishseen/Developer/projects/nxt-vish-studio-v1/dataconnect: no such file or directory
E0708 04:29:01.169972    2600 watch.go:40] Failed to load config from "/Users/vishseen/Developer/projects/nxt-vish-studio-v1/dataconnect": could not find dataconnect.yaml in `/Users/vishseen/Developer/projects/nxt-vish-studio-v1/dataconnect`
 {"metadata":{"emulator":{"name":"dataconnect"},"message":"E0708 04:29:01.169920    2600 watch.go:116] watchAllDir unable to walk dir `/Users/vishseen/Developer/projects/nxt-vish-studio-v1/dataconnect`: lstat /Users/vishseen/Developer/projects/nxt-vish-studio-v1/dataconnect: no such file or directory\nE0708 04:29:01.169972    2600 watch.go:40] Failed to load config from \"/Users/vishseen/Developer/projects/nxt-vish-studio-v1/dataconnect\": could not find dataconnect.yaml in `/Users/vishseen/Developer/projects/nxt-vish-studio-v1/dataconnect`\n"}}
[debug] [2026-07-08T00:29:11.170Z] E0708 04:29:11.170017    2600 watch.go:40] Failed to load config from "/Users/vishseen/Developer/projects/nxt-vish-studio-v1/dataconnect": could not find dataconnect.yaml in `/Users/vishseen/Developer/projects/nxt-vish-studio-v1/dataconnect`
 {"metadata":{"emulator":{"name":"dataconnect"},"message":"E0708 04:29:11.170017    2600 watch.go:40] Failed to load config from \"/Users/vishseen/Developer/projects/nxt-vish-studio-v1/dataconnect\": could not find dataconnect.yaml in `/Users/vishseen/Developer/projects/nxt-vish-studio-v1/dataconnect`\n"}}
[debug] [2026-07-08T00:29:21.170Z] E0708 04:29:21.169688    2600 watch.go:40] Failed to load config from "/Users/vishseen/Developer/projects/nxt-vish-studio-v1/dataconnect": could not find dataconnect.yaml in `/Users/vishseen/Developer/projects/nxt-vish-studio-v1/dataconnect`
 {"metadata":{"emulator":{"name":"dataconnect"},"message":"E0708 04:29:21.169688    2600 watch.go:40] Failed to load config from \"/Users/vishseen/Developer/projects/nxt-vish-studio-v1/dataconnect\": could not find dataconnect.yaml in `/Users/vishseen/Developer/projects/nxt-vish-studio-v1/dataconnect`\n"}}
[debug] [2026-07-08T00:29:31.170Z] E0708 04:29:31.170057    2600 watch.go:40] Failed to load config from "/Users/vishseen/Developer/projects/nxt-vish-studio-v1/dataconnect": could not find dataconnect.yaml in `/Users/vishseen/Developer/projects/nxt-vish-studio-v1/dataconnect`
 {"metadata":{"emulator":{"name":"dataconnect"},"message":"E0708 04:29:31.170057    2600 watch.go:40] Failed to load config from \"/Users/vishseen/Developer/projects/nxt-vish-studio-v1/dataconnect\": could not find dataconnect.yaml in `/Users/vishseen/Developer/projects/nxt-vish-studio-v1/dataconnect`\n"}}
[debug] [2026-07-08T00:29:41.170Z] E0708 04:29:41.170172    2600 watch.go:40] Failed to load config from "/Users/vishseen/Developer/projects/nxt-vish-studio-v1/dataconnect": could not find dataconnect.yaml in `/Users/vishseen/Developer/projects/nxt-vish-studio-v1/dataconnect`
 {"metadata":{"emulator":{"name":"dataconnect"},"message":"E0708 04:29:41.170172    2600 watch.go:40] Failed to load config from \"/Users/vishseen/Developer/projects/nxt-vish-studio-v1/dataconnect\": could not find dataconnect.yaml in `/Users/vishseen/Developer/projects/nxt-vish-studio-v1/dataconnect`\n"}}
[debug] [2026-07-08T00:29:51.170Z] E0708 04:29:51.170129    2600 watch.go:40] Failed to load config from "/Users/vishseen/Developer/projects/nxt-vish-studio-v1/dataconnect": could not find dataconnect.yaml in `/Users/vishseen/Developer/projects/nxt-vish-studio-v1/dataconnect`
 {"metadata":{"emulator":{"name":"dataconnect"},"message":"E0708 04:29:51.170129    2600 watch.go:40] Failed to load config from \"/Users/vishseen/Developer/projects/nxt-vish-studio-v1/dataconnect\": could not find dataconnect.yaml in `/Users/vishseen/Developer/projects/nxt-vish-studio-v1/dataconnect`\n"}}
[debug] [2026-07-08T00:30:01.170Z] E0708 04:30:01.170155    2600 watch.go:40] Failed to load config from "/Users/vishseen/Developer/projects/nxt-vish-studio-v1/dataconnect": could not find dataconnect.yaml in `/Users/vishseen/Developer/projects/nxt-vish-studio-v1/dataconnect`
E0708 04:30:01.170113    2600 watch.go:116] watchAllDir unable to walk dir `/Users/vishseen/Developer/projects/nxt-vish-studio-v1/dataconnect`: lstat /Users/vishseen/Developer/projects/nxt-vish-studio-v1/dataconnect: no such file or directory
 {"metadata":{"emulator":{"name":"dataconnect"},"message":"E0708 04:30:01.170155    2600 watch.go:40] Failed to load config from \"/Users/vishseen/Developer/projects/nxt-vish-studio-v1/dataconnect\": could not find dataconnect.yaml in `/Users/vishseen/Developer/projects/nxt-vish-studio-v1/dataconnect`\nE0708 04:30:01.170113    2600 watch.go:116] watchAllDir unable to walk dir `/Users/vishseen/Developer/projects/nxt-vish-studio-v1/dataconnect`: lstat /Users/vishseen/Developer/projects/nxt-vish-studio-v1/dataconnect: no such file or directory\n"}}
[debug] [2026-07-08T00:30:11.169Z] E0708 04:30:11.169203    2600 watch.go:40] Failed to load config from "/Users/vishseen/Developer/projects/nxt-vish-studio-v1/dataconnect": could not find dataconnect.yaml in `/Users/vishseen/Developer/projects/nxt-vish-studio-v1/dataconnect`
 {"metadata":{"emulator":{"name":"dataconnect"},"message":"E0708 04:30:11.169203    2600 watch.go:40] Failed to load config from \"/Users/vishseen/Developer/projects/nxt-vish-studio-v1/dataconnect\": could not find dataconnect.yaml in `/Users/vishseen/Developer/projects/nxt-vish-studio-v1/dataconnect`\n"}}
[debug] [2026-07-08T00:30:21.170Z] E0708 04:30:21.170367    2600 watch.go:40] Failed to load config from "/Users/vishseen/Developer/projects/nxt-vish-studio-v1/dataconnect": could not find dataconnect.yaml in `/Users/vishseen/Developer/projects/nxt-vish-studio-v1/dataconnect`
 {"metadata":{"emulator":{"name":"dataconnect"},"message":"E0708 04:30:21.170367    2600 watch.go:40] Failed to load config from \"/Users/vishseen/Developer/projects/nxt-vish-studio-v1/dataconnect\": could not find dataconnect.yaml in `/Users/vishseen/Developer/projects/nxt-vish-studio-v1/dataconnect`\n"}}
[debug] [2026-07-08T00:30:31.171Z] E0708 04:30:31.170960    2600 watch.go:40] Failed to load config from "/Users/vishseen/Developer/projects/nxt-vish-studio-v1/dataconnect": could not find dataconnect.yaml in `/Users/vishseen/Developer/projects/nxt-vish-studio-v1/dataconnect`
 {"metadata":{"emulator":{"name":"dataconnect"},"message":"E0708 04:30:31.170960    2600 watch.go:40] Failed to load config from \"/Users/vishseen/Developer/projects/nxt-vish-studio-v1/dataconnect\": could not find dataconnect.yaml in `/Users/vishseen/Developer/projects/nxt-vish-studio-v1/dataconnect`\n"}}
[debug] [2026-07-08T00:30:41.171Z] E0708 04:30:41.171394    2600 watch.go:40] Failed to load config from "/Users/vishseen/Developer/projects/nxt-vish-studio-v1/dataconnect": could not find dataconnect.yaml in `/Users/vishseen/Developer/projects/nxt-vish-studio-v1/dataconnect`
 {"metadata":{"emulator":{"name":"dataconnect"},"message":"E0708 04:30:41.171394    2600 watch.go:40] Failed to load config from \"/Users/vishseen/Developer/projects/nxt-vish-studio-v1/dataconnect\": could not find dataconnect.yaml in `/Users/vishseen/Developer/projects/nxt-vish-studio-v1/dataconnect`\n"}}
[debug] [2026-07-08T00:30:51.171Z] E0708 04:30:51.171249    2600 watch.go:40] Failed to load config from "/Users/vishseen/Developer/projects/nxt-vish-studio-v1/dataconnect": could not find dataconnect.yaml in `/Users/vishseen/Developer/projects/nxt-vish-studio-v1/dataconnect`
 {"metadata":{"emulator":{"name":"dataconnect"},"message":"E0708 04:30:51.171249    2600 watch.go:40] Failed to load config from \"/Users/vishseen/Developer/projects/nxt-vish-studio-v1/dataconnect\": could not find dataconnect.yaml in `/Users/vishseen/Developer/projects/nxt-vish-studio-v1/dataconnect`\n"}}
[debug] [2026-07-08T00:31:01.171Z] E0708 04:31:01.170646    2600 watch.go:116] watchAllDir unable to walk dir `/Users/vishseen/Developer/projects/nxt-vish-studio-v1/dataconnect`: lstat /Users/vishseen/Developer/projects/nxt-vish-studio-v1/dataconnect: no such file or directory
E0708 04:31:01.170750    2600 watch.go:40] Failed to load config from "/Users/vishseen/Developer/projects/nxt-vish-studio-v1/dataconnect": could not find dataconnect.yaml in `/Users/vishseen/Developer/projects/nxt-vish-studio-v1/dataconnect`
 {"metadata":{"emulator":{"name":"dataconnect"},"message":"E0708 04:31:01.170646    2600 watch.go:116] watchAllDir unable to walk dir `/Users/vishseen/Developer/projects/nxt-vish-studio-v1/dataconnect`: lstat /Users/vishseen/Developer/projects/nxt-vish-studio-v1/dataconnect: no such file or directory\nE0708 04:31:01.170750    2600 watch.go:40] Failed to load config from \"/Users/vishseen/Developer/projects/nxt-vish-studio-v1/dataconnect\": could not find dataconnect.yaml in `/Users/vishseen/Developer/projects/nxt-vish-studio-v1/dataconnect`\n"}}
[debug] [2026-07-08T00:31:11.169Z] E0708 04:31:11.169569    2600 watch.go:40] Failed to load config from "/Users/vishseen/Developer/projects/nxt-vish-studio-v1/dataconnect": could not find dataconnect.yaml in `/Users/vishseen/Developer/projects/nxt-vish-studio-v1/dataconnect`
 {"metadata":{"emulator":{"name":"dataconnect"},"message":"E0708 04:31:11.169569    2600 watch.go:40] Failed to load config from \"/Users/vishseen/Developer/projects/nxt-vish-studio-v1/dataconnect\": could not find dataconnect.yaml in `/Users/vishseen/Developer/projects/nxt-vish-studio-v1/dataconnect`\n"}}
[debug] [2026-07-08T00:31:21.171Z] E0708 04:31:21.170842    2600 watch.go:40] Failed to load config from "/Users/vishseen/Developer/projects/nxt-vish-studio-v1/dataconnect": could not find dataconnect.yaml in `/Users/vishseen/Developer/projects/nxt-vish-studio-v1/dataconnect`
 {"metadata":{"emulator":{"name":"dataconnect"},"message":"E0708 04:31:21.170842    2600 watch.go:40] Failed to load config from \"/Users/vishseen/Developer/projects/nxt-vish-studio-v1/dataconnect\": could not find dataconnect.yaml in `/Users/vishseen/Developer/projects/nxt-vish-studio-v1/dataconnect`\n"}}
[debug] [2026-07-08T00:31:31.171Z] E0708 04:31:31.171069    2600 watch.go:40] Failed to load config from "/Users/vishseen/Developer/projects/nxt-vish-studio-v1/dataconnect": could not find dataconnect.yaml in `/Users/vishseen/Developer/projects/nxt-vish-studio-v1/dataconnect`
 {"metadata":{"emulator":{"name":"dataconnect"},"message":"E0708 04:31:31.171069    2600 watch.go:40] Failed to load config from \"/Users/vishseen/Developer/projects/nxt-vish-studio-v1/dataconnect\": could not find dataconnect.yaml in `/Users/vishseen/Developer/projects/nxt-vish-studio-v1/dataconnect`\n"}}
[debug] [2026-07-08T00:31:41.171Z] E0708 04:31:41.171513    2600 watch.go:40] Failed to load config from "/Users/vishseen/Developer/projects/nxt-vish-studio-v1/dataconnect": could not find dataconnect.yaml in `/Users/vishseen/Developer/projects/nxt-vish-studio-v1/dataconnect`
 {"metadata":{"emulator":{"name":"dataconnect"},"message":"E0708 04:31:41.171513    2600 watch.go:40] Failed to load config from \"/Users/vishseen/Developer/projects/nxt-vish-studio-v1/dataconnect\": could not find dataconnect.yaml in `/Users/vishseen/Developer/projects/nxt-vish-studio-v1/dataconnect`\n"}}
[debug] [2026-07-08T00:31:51.172Z] E0708 04:31:51.171635    2600 watch.go:40] Failed to load config from "/Users/vishseen/Developer/projects/nxt-vish-studio-v1/dataconnect": could not find dataconnect.yaml in `/Users/vishseen/Developer/projects/nxt-vish-studio-v1/dataconnect`
 {"metadata":{"emulator":{"name":"dataconnect"},"message":"E0708 04:31:51.171635    2600 watch.go:40] Failed to load config from \"/Users/vishseen/Developer/projects/nxt-vish-studio-v1/dataconnect\": could not find dataconnect.yaml in `/Users/vishseen/Developer/projects/nxt-vish-studio-v1/dataconnect`\n"}}
[debug] [2026-07-08T00:32:01.171Z] E0708 04:32:01.171437    2600 watch.go:116] watchAllDir unable to walk dir `/Users/vishseen/Developer/projects/nxt-vish-studio-v1/dataconnect`: lstat /Users/vishseen/Developer/projects/nxt-vish-studio-v1/dataconnect: no such file or directory
E0708 04:32:01.171543    2600 watch.go:40] Failed to load config from "/Users/vishseen/Developer/projects/nxt-vish-studio-v1/dataconnect": could not find dataconnect.yaml in `/Users/vishseen/Developer/projects/nxt-vish-studio-v1/dataconnect`
 {"metadata":{"emulator":{"name":"dataconnect"},"message":"E0708 04:32:01.171437    2600 watch.go:116] watchAllDir unable to walk dir `/Users/vishseen/Developer/projects/nxt-vish-studio-v1/dataconnect`: lstat /Users/vishseen/Developer/projects/nxt-vish-studio-v1/dataconnect: no such file or directory\nE0708 04:32:01.171543    2600 watch.go:40] Failed to load config from \"/Users/vishseen/Developer/projects/nxt-vish-studio-v1/dataconnect\": could not find dataconnect.yaml in `/Users/vishseen/Developer/projects/nxt-vish-studio-v1/dataconnect`\n"}}
[debug] [2026-07-08T00:32:11.170Z] E0708 04:32:11.170481    2600 watch.go:40] Failed to load config from "/Users/vishseen/Developer/projects/nxt-vish-studio-v1/dataconnect": could not find dataconnect.yaml in `/Users/vishseen/Developer/projects/nxt-vish-studio-v1/dataconnect`
 {"metadata":{"emulator":{"name":"dataconnect"},"message":"E0708 04:32:11.170481    2600 watch.go:40] Failed to load config from \"/Users/vishseen/Developer/projects/nxt-vish-studio-v1/dataconnect\": could not find dataconnect.yaml in `/Users/vishseen/Developer/projects/nxt-vish-studio-v1/dataconnect`\n"}}
[debug] [2026-07-08T00:32:21.170Z] E0708 04:32:21.169791    2600 watch.go:40] Failed to load config from "/Users/vishseen/Developer/projects/nxt-vish-studio-v1/dataconnect": could not find dataconnect.yaml in `/Users/vishseen/Developer/projects/nxt-vish-studio-v1/dataconnect`
 {"metadata":{"emulator":{"name":"dataconnect"},"message":"E0708 04:32:21.169791    2600 watch.go:40] Failed to load config from \"/Users/vishseen/Developer/projects/nxt-vish-studio-v1/dataconnect\": could not find dataconnect.yaml in `/Users/vishseen/Developer/projects/nxt-vish-studio-v1/dataconnect`\n"}}
[debug] [2026-07-08T00:32:31.172Z] E0708 04:32:31.172031    2600 watch.go:40] Failed to load config from "/Users/vishseen/Developer/projects/nxt-vish-studio-v1/dataconnect": could not find dataconnect.yaml in `/Users/vishseen/Developer/projects/nxt-vish-studio-v1/dataconnect`
 {"metadata":{"emulator":{"name":"dataconnect"},"message":"E0708 04:32:31.172031    2600 watch.go:40] Failed to load config from \"/Users/vishseen/Developer/projects/nxt-vish-studio-v1/dataconnect\": could not find dataconnect.yaml in `/Users/vishseen/Developer/projects/nxt-vish-studio-v1/dataconnect`\n"}}
[debug] [2026-07-08T00:32:41.172Z] E0708 04:32:41.172470    2600 watch.go:40] Failed to load config from "/Users/vishseen/Developer/projects/nxt-vish-studio-v1/dataconnect": could not find dataconnect.yaml in `/Users/vishseen/Developer/projects/nxt-vish-studio-v1/dataconnect`
 {"metadata":{"emulator":{"name":"dataconnect"},"message":"E0708 04:32:41.172470    2600 watch.go:40] Failed to load config from \"/Users/vishseen/Developer/projects/nxt-vish-studio-v1/dataconnect\": could not find dataconnect.yaml in `/Users/vishseen/Developer/projects/nxt-vish-studio-v1/dataconnect`\n"}}
[debug] [2026-07-08T00:32:51.172Z] E0708 04:32:51.171799    2600 watch.go:40] Failed to load config from "/Users/vishseen/Developer/projects/nxt-vish-studio-v1/dataconnect": could not find dataconnect.yaml in `/Users/vishseen/Developer/projects/nxt-vish-studio-v1/dataconnect`
 {"metadata":{"emulator":{"name":"dataconnect"},"message":"E0708 04:32:51.171799    2600 watch.go:40] Failed to load config from \"/Users/vishseen/Developer/projects/nxt-vish-studio-v1/dataconnect\": could not find dataconnect.yaml in `/Users/vishseen/Developer/projects/nxt-vish-studio-v1/dataconnect`\n"}}
[debug] [2026-07-08T00:33:01.170Z] E0708 04:33:01.170417    2600 watch.go:40] Failed to load config from "/Users/vishseen/Developer/projects/nxt-vish-studio-v1/dataconnect": could not find dataconnect.yaml in `/Users/vishseen/Developer/projects/nxt-vish-studio-v1/dataconnect`
E0708 04:33:01.170425    2600 watch.go:116] watchAllDir unable to walk dir `/Users/vishseen/Developer/projects/nxt-vish-studio-v1/dataconnect`: lstat /Users/vishseen/Developer/projects/nxt-vish-studio-v1/dataconnect: no such file or directory
 {"metadata":{"emulator":{"name":"dataconnect"},"message":"E0708 04:33:01.170417    2600 watch.go:40] Failed to load config from \"/Users/vishseen/Developer/projects/nxt-vish-studio-v1/dataconnect\": could not find dataconnect.yaml in `/Users/vishseen/Developer/projects/nxt-vish-studio-v1/dataconnect`\nE0708 04:33:01.170425    2600 watch.go:116] watchAllDir unable to walk dir `/Users/vishseen/Developer/projects/nxt-vish-studio-v1/dataconnect`: lstat /Users/vishseen/Developer/projects/nxt-vish-studio-v1/dataconnect: no such file or directory\n"}}
[debug] [2026-07-08T00:33:11.171Z] E0708 04:33:11.171482    2600 watch.go:40] Failed to load config from "/Users/vishseen/Developer/projects/nxt-vish-studio-v1/dataconnect": could not find dataconnect.yaml in `/Users/vishseen/Developer/projects/nxt-vish-studio-v1/dataconnect`
 {"metadata":{"emulator":{"name":"dataconnect"},"message":"E0708 04:33:11.171482    2600 watch.go:40] Failed to load config from \"/Users/vishseen/Developer/projects/nxt-vish-studio-v1/dataconnect\": could not find dataconnect.yaml in `/Users/vishseen/Developer/projects/nxt-vish-studio-v1/dataconnect`\n"}}
[debug] [2026-07-08T00:33:21.171Z] E0708 04:33:21.170971    2600 watch.go:40] Failed to load config from "/Users/vishseen/Developer/projects/nxt-vish-studio-v1/dataconnect": could not find dataconnect.yaml in `/Users/vishseen/Developer/projects/nxt-vish-studio-v1/dataconnect`
 {"metadata":{"emulator":{"name":"dataconnect"},"message":"E0708 04:33:21.170971    2600 watch.go:40] Failed to load config from \"/Users/vishseen/Developer/projects/nxt-vish-studio-v1/dataconnect\": could not find dataconnect.yaml in `/Users/vishseen/Developer/projects/nxt-vish-studio-v1/dataconnect`\n"}}
[debug] [2026-07-08T00:33:31.170Z] E0708 04:33:31.170008    2600 watch.go:40] Failed to load config from "/Users/vishseen/Developer/projects/nxt-vish-studio-v1/dataconnect": could not find dataconnect.yaml in `/Users/vishseen/Developer/projects/nxt-vish-studio-v1/dataconnect`
 {"metadata":{"emulator":{"name":"dataconnect"},"message":"E0708 04:33:31.170008    2600 watch.go:40] Failed to load config from \"/Users/vishseen/Developer/projects/nxt-vish-studio-v1/dataconnect\": could not find dataconnect.yaml in `/Users/vishseen/Developer/projects/nxt-vish-studio-v1/dataconnect`\n"}}
[debug] [2026-07-08T00:33:41.171Z] E0708 04:33:41.171255    2600 watch.go:40] Failed to load config from "/Users/vishseen/Developer/projects/nxt-vish-studio-v1/dataconnect": could not find dataconnect.yaml in `/Users/vishseen/Developer/projects/nxt-vish-studio-v1/dataconnect`
 {"metadata":{"emulator":{"name":"dataconnect"},"message":"E0708 04:33:41.171255    2600 watch.go:40] Failed to load config from \"/Users/vishseen/Developer/projects/nxt-vish-studio-v1/dataconnect\": could not find dataconnect.yaml in `/Users/vishseen/Developer/projects/nxt-vish-studio-v1/dataconnect`\n"}}
[debug] [2026-07-08T00:33:51.170Z] E0708 04:33:51.170672    2600 watch.go:40] Failed to load config from "/Users/vishseen/Developer/projects/nxt-vish-studio-v1/dataconnect": could not find dataconnect.yaml in `/Users/vishseen/Developer/projects/nxt-vish-studio-v1/dataconnect`
 {"metadata":{"emulator":{"name":"dataconnect"},"message":"E0708 04:33:51.170672    2600 watch.go:40] Failed to load config from \"/Users/vishseen/Developer/projects/nxt-vish-studio-v1/dataconnect\": could not find dataconnect.yaml in `/Users/vishseen/Developer/projects/nxt-vish-studio-v1/dataconnect`\n"}}
[debug] [2026-07-08T00:34:01.171Z] E0708 04:34:01.170925    2600 watch.go:40] Failed to load config from "/Users/vishseen/Developer/projects/nxt-vish-studio-v1/dataconnect": could not find dataconnect.yaml in `/Users/vishseen/Developer/projects/nxt-vish-studio-v1/dataconnect`
E0708 04:34:01.170891    2600 watch.go:116] watchAllDir unable to walk dir `/Users/vishseen/Developer/projects/nxt-vish-studio-v1/dataconnect`: lstat /Users/vishseen/Developer/projects/nxt-vish-studio-v1/dataconnect: no such file or directory
 {"metadata":{"emulator":{"name":"dataconnect"},"message":"E0708 04:34:01.170925    2600 watch.go:40] Failed to load config from \"/Users/vishseen/Developer/projects/nxt-vish-studio-v1/dataconnect\": could not find dataconnect.yaml in `/Users/vishseen/Developer/projects/nxt-vish-studio-v1/dataconnect`\nE0708 04:34:01.170891    2600 watch.go:116] watchAllDir unable to walk dir `/Users/vishseen/Developer/projects/nxt-vish-studio-v1/dataconnect`: lstat /Users/vishseen/Developer/projects/nxt-vish-studio-v1/dataconnect: no such file or directory\n"}}
[debug] [2026-07-08T00:34:11.171Z] E0708 04:34:11.171016    2600 watch.go:40] Failed to load config from "/Users/vishseen/Developer/projects/nxt-vish-studio-v1/dataconnect": could not find dataconnect.yaml in `/Users/vishseen/Developer/projects/nxt-vish-studio-v1/dataconnect`
 {"metadata":{"emulator":{"name":"dataconnect"},"message":"E0708 04:34:11.171016    2600 watch.go:40] Failed to load config from \"/Users/vishseen/Developer/projects/nxt-vish-studio-v1/dataconnect\": could not find dataconnect.yaml in `/Users/vishseen/Developer/projects/nxt-vish-studio-v1/dataconnect`\n"}}
[debug] [2026-07-08T00:34:21.171Z] E0708 04:34:21.171012    2600 watch.go:40] Failed to load config from "/Users/vishseen/Developer/projects/nxt-vish-studio-v1/dataconnect": could not find dataconnect.yaml in `/Users/vishseen/Developer/projects/nxt-vish-studio-v1/dataconnect`
 {"metadata":{"emulator":{"name":"dataconnect"},"message":"E0708 04:34:21.171012    2600 watch.go:40] Failed to load config from \"/Users/vishseen/Developer/projects/nxt-vish-studio-v1/dataconnect\": could not find dataconnect.yaml in `/Users/vishseen/Developer/projects/nxt-vish-studio-v1/dataconnect`\n"}}
[debug] [2026-07-08T00:34:31.170Z] E0708 04:34:31.170827    2600 watch.go:40] Failed to load config from "/Users/vishseen/Developer/projects/nxt-vish-studio-v1/dataconnect": could not find dataconnect.yaml in `/Users/vishseen/Developer/projects/nxt-vish-studio-v1/dataconnect`
 {"metadata":{"emulator":{"name":"dataconnect"},"message":"E0708 04:34:31.170827    2600 watch.go:40] Failed to load config from \"/Users/vishseen/Developer/projects/nxt-vish-studio-v1/dataconnect\": could not find dataconnect.yaml in `/Users/vishseen/Developer/projects/nxt-vish-studio-v1/dataconnect`\n"}}
[debug] [2026-07-08T00:34:41.171Z] E0708 04:34:41.171136    2600 watch.go:40] Failed to load config from "/Users/vishseen/Developer/projects/nxt-vish-studio-v1/dataconnect": could not find dataconnect.yaml in `/Users/vishseen/Developer/projects/nxt-vish-studio-v1/dataconnect`
 {"metadata":{"emulator":{"name":"dataconnect"},"message":"E0708 04:34:41.171136    2600 watch.go:40] Failed to load config from \"/Users/vishseen/Developer/projects/nxt-vish-studio-v1/dataconnect\": could not find dataconnect.yaml in `/Users/vishseen/Developer/projects/nxt-vish-studio-v1/dataconnect`\n"}}
[debug] [2026-07-08T00:34:51.171Z] E0708 04:34:51.171060    2600 watch.go:40] Failed to load config from "/Users/vishseen/Developer/projects/nxt-vish-studio-v1/dataconnect": could not find dataconnect.yaml in `/Users/vishseen/Developer/projects/nxt-vish-studio-v1/dataconnect`
 {"metadata":{"emulator":{"name":"dataconnect"},"message":"E0708 04:34:51.171060    2600 watch.go:40] Failed to load config from \"/Users/vishseen/Developer/projects/nxt-vish-studio-v1/dataconnect\": could not find dataconnect.yaml in `/Users/vishseen/Developer/projects/nxt-vish-studio-v1/dataconnect`\n"}}
[debug] [2026-07-08T00:35:01.170Z] E0708 04:35:01.170753    2600 watch.go:116] watchAllDir unable to walk dir `/Users/vishseen/Developer/projects/nxt-vish-studio-v1/dataconnect`: lstat /Users/vishseen/Developer/projects/nxt-vish-studio-v1/dataconnect: no such file or directory
 {"metadata":{"emulator":{"name":"dataconnect"},"message":"E0708 04:35:01.170753    2600 watch.go:116] watchAllDir unable to walk dir `/Users/vishseen/Developer/projects/nxt-vish-studio-v1/dataconnect`: lstat /Users/vishseen/Developer/projects/nxt-vish-studio-v1/dataconnect: no such file or directory\n"}}
[debug] [2026-07-08T00:35:01.171Z] E0708 04:35:01.171127    2600 watch.go:40] Failed to load config from "/Users/vishseen/Developer/projects/nxt-vish-studio-v1/dataconnect": could not find dataconnect.yaml in `/Users/vishseen/Developer/projects/nxt-vish-studio-v1/dataconnect`
 {"metadata":{"emulator":{"name":"dataconnect"},"message":"E0708 04:35:01.171127    2600 watch.go:40] Failed to load config from \"/Users/vishseen/Developer/projects/nxt-vish-studio-v1/dataconnect\": could not find dataconnect.yaml in `/Users/vishseen/Developer/projects/nxt-vish-studio-v1/dataconnect`\n"}}
[debug] [2026-07-08T00:35:11.171Z] E0708 04:35:11.170845    2600 watch.go:40] Failed to load config from "/Users/vishseen/Developer/projects/nxt-vish-studio-v1/dataconnect": could not find dataconnect.yaml in `/Users/vishseen/Developer/projects/nxt-vish-studio-v1/dataconnect`
 {"metadata":{"emulator":{"name":"dataconnect"},"message":"E0708 04:35:11.170845    2600 watch.go:40] Failed to load config from \"/Users/vishseen/Developer/projects/nxt-vish-studio-v1/dataconnect\": could not find dataconnect.yaml in `/Users/vishseen/Developer/projects/nxt-vish-studio-v1/dataconnect`\n"}}
[debug] [2026-07-08T00:35:21.172Z] E0708 04:35:21.171246    2600 watch.go:40] Failed to load config from "/Users/vishseen/Developer/projects/nxt-vish-studio-v1/dataconnect": could not find dataconnect.yaml in `/Users/vishseen/Developer/projects/nxt-vish-studio-v1/dataconnect`
 {"metadata":{"emulator":{"name":"dataconnect"},"message":"E0708 04:35:21.171246    2600 watch.go:40] Failed to load config from \"/Users/vishseen/Developer/projects/nxt-vish-studio-v1/dataconnect\": could not find dataconnect.yaml in `/Users/vishseen/Developer/projects/nxt-vish-studio-v1/dataconnect`\n"}}
[debug] [2026-07-08T00:35:31.173Z] E0708 04:35:31.171671    2600 watch.go:40] Failed to load config from "/Users/vishseen/Developer/projects/nxt-vish-studio-v1/dataconnect": could not find dataconnect.yaml in `/Users/vishseen/Developer/projects/nxt-vish-studio-v1/dataconnect`
 {"metadata":{"emulator":{"name":"dataconnect"},"message":"E0708 04:35:31.171671    2600 watch.go:40] Failed to load config from \"/Users/vishseen/Developer/projects/nxt-vish-studio-v1/dataconnect\": could not find dataconnect.yaml in `/Users/vishseen/Developer/projects/nxt-vish-studio-v1/dataconnect`\n"}}
[debug] [2026-07-08T00:35:41.172Z] E0708 04:35:41.171624    2600 watch.go:40] Failed to load config from "/Users/vishseen/Developer/projects/nxt-vish-studio-v1/dataconnect": could not find dataconnect.yaml in `/Users/vishseen/Developer/projects/nxt-vish-studio-v1/dataconnect`
 {"metadata":{"emulator":{"name":"dataconnect"},"message":"E0708 04:35:41.171624    2600 watch.go:40] Failed to load config from \"/Users/vishseen/Developer/projects/nxt-vish-studio-v1/dataconnect\": could not find dataconnect.yaml in `/Users/vishseen/Developer/projects/nxt-vish-studio-v1/dataconnect`\n"}}
[debug] [2026-07-08T00:35:51.176Z] E0708 04:35:51.175510    2600 watch.go:40] Failed to load config from "/Users/vishseen/Developer/projects/nxt-vish-studio-v1/dataconnect": could not find dataconnect.yaml in `/Users/vishseen/Developer/projects/nxt-vish-studio-v1/dataconnect`
 {"metadata":{"emulator":{"name":"dataconnect"},"message":"E0708 04:35:51.175510    2600 watch.go:40] Failed to load config from \"/Users/vishseen/Developer/projects/nxt-vish-studio-v1/dataconnect\": could not find dataconnect.yaml in `/Users/vishseen/Developer/projects/nxt-vish-studio-v1/dataconnect`\n"}}
[debug] [2026-07-08T00:36:01.173Z] E0708 04:36:01.171749    2600 watch.go:40] Failed to load config from "/Users/vishseen/Developer/projects/nxt-vish-studio-v1/dataconnect": could not find dataconnect.yaml in `/Users/vishseen/Developer/projects/nxt-vish-studio-v1/dataconnect`
 {"metadata":{"emulator":{"name":"dataconnect"},"message":"E0708 04:36:01.171749    2600 watch.go:40] Failed to load config from \"/Users/vishseen/Developer/projects/nxt-vish-studio-v1/dataconnect\": could not find dataconnect.yaml in `/Users/vishseen/Developer/projects/nxt-vish-studio-v1/dataconnect`\n"}}
[debug] [2026-07-08T00:36:01.177Z] E0708 04:36:01.171643    2600 watch.go:116] watchAllDir unable to walk dir `/Users/vishseen/Developer/projects/nxt-vish-studio-v1/dataconnect`: lstat /Users/vishseen/Developer/projects/nxt-vish-studio-v1/dataconnect: no such file or directory
 {"metadata":{"emulator":{"name":"dataconnect"},"message":"E0708 04:36:01.171643    2600 watch.go:116] watchAllDir unable to walk dir `/Users/vishseen/Developer/projects/nxt-vish-studio-v1/dataconnect`: lstat /Users/vishseen/Developer/projects/nxt-vish-studio-v1/dataconnect: no such file or directory\n"}}
[debug] [2026-07-08T00:36:11.171Z] E0708 04:36:11.171527    2600 watch.go:40] Failed to load config from "/Users/vishseen/Developer/projects/nxt-vish-studio-v1/dataconnect": could not find dataconnect.yaml in `/Users/vishseen/Developer/projects/nxt-vish-studio-v1/dataconnect`
 {"metadata":{"emulator":{"name":"dataconnect"},"message":"E0708 04:36:11.171527    2600 watch.go:40] Failed to load config from \"/Users/vishseen/Developer/projects/nxt-vish-studio-v1/dataconnect\": could not find dataconnect.yaml in `/Users/vishseen/Developer/projects/nxt-vish-studio-v1/dataconnect`\n"}}
[debug] [2026-07-08T00:36:21.171Z] E0708 04:36:21.171295    2600 watch.go:40] Failed to load config from "/Users/vishseen/Developer/projects/nxt-vish-studio-v1/dataconnect": could not find dataconnect.yaml in `/Users/vishseen/Developer/projects/nxt-vish-studio-v1/dataconnect`
 {"metadata":{"emulator":{"name":"dataconnect"},"message":"E0708 04:36:21.171295    2600 watch.go:40] Failed to load config from \"/Users/vishseen/Developer/projects/nxt-vish-studio-v1/dataconnect\": could not find dataconnect.yaml in `/Users/vishseen/Developer/projects/nxt-vish-studio-v1/dataconnect`\n"}}
[debug] [2026-07-08T00:36:31.172Z] E0708 04:36:31.171806    2600 watch.go:40] Failed to load config from "/Users/vishseen/Developer/projects/nxt-vish-studio-v1/dataconnect": could not find dataconnect.yaml in `/Users/vishseen/Developer/projects/nxt-vish-studio-v1/dataconnect`
 {"metadata":{"emulator":{"name":"dataconnect"},"message":"E0708 04:36:31.171806    2600 watch.go:40] Failed to load config from \"/Users/vishseen/Developer/projects/nxt-vish-studio-v1/dataconnect\": could not find dataconnect.yaml in `/Users/vishseen/Developer/projects/nxt-vish-studio-v1/dataconnect`\n"}}
[debug] [2026-07-08T00:36:41.172Z] E0708 04:36:41.171726    2600 watch.go:40] Failed to load config from "/Users/vishseen/Developer/projects/nxt-vish-studio-v1/dataconnect": could not find dataconnect.yaml in `/Users/vishseen/Developer/projects/nxt-vish-studio-v1/dataconnect`
 {"metadata":{"emulator":{"name":"dataconnect"},"message":"E0708 04:36:41.171726    2600 watch.go:40] Failed to load config from \"/Users/vishseen/Developer/projects/nxt-vish-studio-v1/dataconnect\": could not find dataconnect.yaml in `/Users/vishseen/Developer/projects/nxt-vish-studio-v1/dataconnect`\n"}}
[debug] [2026-07-08T00:36:51.171Z] E0708 04:36:51.171051    2600 watch.go:40] Failed to load config from "/Users/vishseen/Developer/projects/nxt-vish-studio-v1/dataconnect": could not find dataconnect.yaml in `/Users/vishseen/Developer/projects/nxt-vish-studio-v1/dataconnect`
 {"metadata":{"emulator":{"name":"dataconnect"},"message":"E0708 04:36:51.171051    2600 watch.go:40] Failed to load config from \"/Users/vishseen/Developer/projects/nxt-vish-studio-v1/dataconnect\": could not find dataconnect.yaml in `/Users/vishseen/Developer/projects/nxt-vish-studio-v1/dataconnect`\n"}}
[debug] [2026-07-08T00:37:01.171Z] E0708 04:37:01.171578    2600 watch.go:116] watchAllDir unable to walk dir `/Users/vishseen/Developer/projects/nxt-vish-studio-v1/dataconnect`: lstat /Users/vishseen/Developer/projects/nxt-vish-studio-v1/dataconnect: no such file or directory
E0708 04:37:01.171656    2600 watch.go:40] Failed to load config from "/Users/vishseen/Developer/projects/nxt-vish-studio-v1/dataconnect": could not find dataconnect.yaml in `/Users/vishseen/Developer/projects/nxt-vish-studio-v1/dataconnect`
 {"metadata":{"emulator":{"name":"dataconnect"},"message":"E0708 04:37:01.171578    2600 watch.go:116] watchAllDir unable to walk dir `/Users/vishseen/Developer/projects/nxt-vish-studio-v1/dataconnect`: lstat /Users/vishseen/Developer/projects/nxt-vish-studio-v1/dataconnect: no such file or directory\nE0708 04:37:01.171656    2600 watch.go:40] Failed to load config from \"/Users/vishseen/Developer/projects/nxt-vish-studio-v1/dataconnect\": could not find dataconnect.yaml in `/Users/vishseen/Developer/projects/nxt-vish-studio-v1/dataconnect`\n"}}
[debug] [2026-07-08T00:37:11.171Z] E0708 04:37:11.171678    2600 watch.go:40] Failed to load config from "/Users/vishseen/Developer/projects/nxt-vish-studio-v1/dataconnect": could not find dataconnect.yaml in `/Users/vishseen/Developer/projects/nxt-vish-studio-v1/dataconnect`
 {"metadata":{"emulator":{"name":"dataconnect"},"message":"E0708 04:37:11.171678    2600 watch.go:40] Failed to load config from \"/Users/vishseen/Developer/projects/nxt-vish-studio-v1/dataconnect\": could not find dataconnect.yaml in `/Users/vishseen/Developer/projects/nxt-vish-studio-v1/dataconnect`\n"}}
[debug] [2026-07-08T00:37:21.171Z] E0708 04:37:21.170955    2600 watch.go:40] Failed to load config from "/Users/vishseen/Developer/projects/nxt-vish-studio-v1/dataconnect": could not find dataconnect.yaml in `/Users/vishseen/Developer/projects/nxt-vish-studio-v1/dataconnect`
 {"metadata":{"emulator":{"name":"dataconnect"},"message":"E0708 04:37:21.170955    2600 watch.go:40] Failed to load config from \"/Users/vishseen/Developer/projects/nxt-vish-studio-v1/dataconnect\": could not find dataconnect.yaml in `/Users/vishseen/Developer/projects/nxt-vish-studio-v1/dataconnect`\n"}}
[debug] [2026-07-08T00:37:31.172Z] E0708 04:37:31.171497    2600 watch.go:40] Failed to load config from "/Users/vishseen/Developer/projects/nxt-vish-studio-v1/dataconnect": could not find dataconnect.yaml in `/Users/vishseen/Developer/projects/nxt-vish-studio-v1/dataconnect`
 {"metadata":{"emulator":{"name":"dataconnect"},"message":"E0708 04:37:31.171497    2600 watch.go:40] Failed to load config from \"/Users/vishseen/Developer/projects/nxt-vish-studio-v1/dataconnect\": could not find dataconnect.yaml in `/Users/vishseen/Developer/projects/nxt-vish-studio-v1/dataconnect`\n"}}
[debug] [2026-07-08T00:37:41.171Z] E0708 04:37:41.171192    2600 watch.go:40] Failed to load config from "/Users/vishseen/Developer/projects/nxt-vish-studio-v1/dataconnect": could not find dataconnect.yaml in `/Users/vishseen/Developer/projects/nxt-vish-studio-v1/dataconnect`
 {"metadata":{"emulator":{"name":"dataconnect"},"message":"E0708 04:37:41.171192    2600 watch.go:40] Failed to load config from \"/Users/vishseen/Developer/projects/nxt-vish-studio-v1/dataconnect\": could not find dataconnect.yaml in `/Users/vishseen/Developer/projects/nxt-vish-studio-v1/dataconnect`\n"}}
[debug] [2026-07-08T00:37:51.172Z] E0708 04:37:51.172193    2600 watch.go:40] Failed to load config from "/Users/vishseen/Developer/projects/nxt-vish-studio-v1/dataconnect": could not find dataconnect.yaml in `/Users/vishseen/Developer/projects/nxt-vish-studio-v1/dataconnect`
 {"metadata":{"emulator":{"name":"dataconnect"},"message":"E0708 04:37:51.172193    2600 watch.go:40] Failed to load config from \"/Users/vishseen/Developer/projects/nxt-vish-studio-v1/dataconnect\": could not find dataconnect.yaml in `/Users/vishseen/Developer/projects/nxt-vish-studio-v1/dataconnect`\n"}}
[debug] [2026-07-08T00:38:01.184Z] E0708 04:38:01.171866    2600 watch.go:40] Failed to load config from "/Users/vishseen/Developer/projects/nxt-vish-studio-v1/dataconnect": could not find dataconnect.yaml in `/Users/vishseen/Developer/projects/nxt-vish-studio-v1/dataconnect`
E0708 04:38:01.171885    2600 watch.go:116] watchAllDir unable to walk dir `/Users/vishseen/Developer/projects/nxt-vish-studio-v1/dataconnect`: lstat /Users/vishseen/Developer/projects/nxt-vish-studio-v1/dataconnect: no such file or directory
 {"metadata":{"emulator":{"name":"dataconnect"},"message":"E0708 04:38:01.171866    2600 watch.go:40] Failed to load config from \"/Users/vishseen/Developer/projects/nxt-vish-studio-v1/dataconnect\": could not find dataconnect.yaml in `/Users/vishseen/Developer/projects/nxt-vish-studio-v1/dataconnect`\nE0708 04:38:01.171885    2600 watch.go:116] watchAllDir unable to walk dir `/Users/vishseen/Developer/projects/nxt-vish-studio-v1/dataconnect`: lstat /Users/vishseen/Developer/projects/nxt-vish-studio-v1/dataconnect: no such file or directory\n"}}
[debug] [2026-07-08T00:38:11.172Z] E0708 04:38:11.171994    2600 watch.go:40] Failed to load config from "/Users/vishseen/Developer/projects/nxt-vish-studio-v1/dataconnect": could not find dataconnect.yaml in `/Users/vishseen/Developer/projects/nxt-vish-studio-v1/dataconnect`
 {"metadata":{"emulator":{"name":"dataconnect"},"message":"E0708 04:38:11.171994    2600 watch.go:40] Failed to load config from \"/Users/vishseen/Developer/projects/nxt-vish-studio-v1/dataconnect\": could not find dataconnect.yaml in `/Users/vishseen/Developer/projects/nxt-vish-studio-v1/dataconnect`\n"}}
[debug] [2026-07-08T00:38:21.172Z] E0708 04:38:21.172116    2600 watch.go:40] Failed to load config from "/Users/vishseen/Developer/projects/nxt-vish-studio-v1/dataconnect": could not find dataconnect.yaml in `/Users/vishseen/Developer/projects/nxt-vish-studio-v1/dataconnect`
 {"metadata":{"emulator":{"name":"dataconnect"},"message":"E0708 04:38:21.172116    2600 watch.go:40] Failed to load config from \"/Users/vishseen/Developer/projects/nxt-vish-studio-v1/dataconnect\": could not find dataconnect.yaml in `/Users/vishseen/Developer/projects/nxt-vish-studio-v1/dataconnect`\n"}}
[debug] [2026-07-08T00:38:31.172Z] E0708 04:38:31.171361    2600 watch.go:40] Failed to load config from "/Users/vishseen/Developer/projects/nxt-vish-studio-v1/dataconnect": could not find dataconnect.yaml in `/Users/vishseen/Developer/projects/nxt-vish-studio-v1/dataconnect`
 {"metadata":{"emulator":{"name":"dataconnect"},"message":"E0708 04:38:31.171361    2600 watch.go:40] Failed to load config from \"/Users/vishseen/Developer/projects/nxt-vish-studio-v1/dataconnect\": could not find dataconnect.yaml in `/Users/vishseen/Developer/projects/nxt-vish-studio-v1/dataconnect`\n"}}
[debug] [2026-07-08T00:38:41.173Z] E0708 04:38:41.172417    2600 watch.go:40] Failed to load config from "/Users/vishseen/Developer/projects/nxt-vish-studio-v1/dataconnect": could not find dataconnect.yaml in `/Users/vishseen/Developer/projects/nxt-vish-studio-v1/dataconnect`
 {"metadata":{"emulator":{"name":"dataconnect"},"message":"E0708 04:38:41.172417    2600 watch.go:40] Failed to load config from \"/Users/vishseen/Developer/projects/nxt-vish-studio-v1/dataconnect\": could not find dataconnect.yaml in `/Users/vishseen/Developer/projects/nxt-vish-studio-v1/dataconnect`\n"}}
[debug] [2026-07-08T00:38:51.172Z] E0708 04:38:51.172597    2600 watch.go:40] Failed to load config from "/Users/vishseen/Developer/projects/nxt-vish-studio-v1/dataconnect": could not find dataconnect.yaml in `/Users/vishseen/Developer/projects/nxt-vish-studio-v1/dataconnect`
 {"metadata":{"emulator":{"name":"dataconnect"},"message":"E0708 04:38:51.172597    2600 watch.go:40] Failed to load config from \"/Users/vishseen/Developer/projects/nxt-vish-studio-v1/dataconnect\": could not find dataconnect.yaml in `/Users/vishseen/Developer/projects/nxt-vish-studio-v1/dataconnect`\n"}}
[debug] [2026-07-08T00:39:01.171Z] E0708 04:39:01.171466    2600 watch.go:40] Failed to load config from "/Users/vishseen/Developer/projects/nxt-vish-studio-v1/dataconnect": could not find dataconnect.yaml in `/Users/vishseen/Developer/projects/nxt-vish-studio-v1/dataconnect`
E0708 04:39:01.171435    2600 watch.go:116] watchAllDir unable to walk dir `/Users/vishseen/Developer/projects/nxt-vish-studio-v1/dataconnect`: lstat /Users/vishseen/Developer/projects/nxt-vish-studio-v1/dataconnect: no such file or directory
 {"metadata":{"emulator":{"name":"dataconnect"},"message":"E0708 04:39:01.171466    2600 watch.go:40] Failed to load config from \"/Users/vishseen/Developer/projects/nxt-vish-studio-v1/dataconnect\": could not find dataconnect.yaml in `/Users/vishseen/Developer/projects/nxt-vish-studio-v1/dataconnect`\nE0708 04:39:01.171435    2600 watch.go:116] watchAllDir unable to walk dir `/Users/vishseen/Developer/projects/nxt-vish-studio-v1/dataconnect`: lstat /Users/vishseen/Developer/projects/nxt-vish-studio-v1/dataconnect: no such file or directory\n"}}
[debug] [2026-07-08T00:39:11.171Z] E0708 04:39:11.171711    2600 watch.go:40] Failed to load config from "/Users/vishseen/Developer/projects/nxt-vish-studio-v1/dataconnect": could not find dataconnect.yaml in `/Users/vishseen/Developer/projects/nxt-vish-studio-v1/dataconnect`
 {"metadata":{"emulator":{"name":"dataconnect"},"message":"E0708 04:39:11.171711    2600 watch.go:40] Failed to load config from \"/Users/vishseen/Developer/projects/nxt-vish-studio-v1/dataconnect\": could not find dataconnect.yaml in `/Users/vishseen/Developer/projects/nxt-vish-studio-v1/dataconnect`\n"}}
[debug] [2026-07-08T00:39:21.173Z] E0708 04:39:21.172876    2600 watch.go:40] Failed to load config from "/Users/vishseen/Developer/projects/nxt-vish-studio-v1/dataconnect": could not find dataconnect.yaml in `/Users/vishseen/Developer/projects/nxt-vish-studio-v1/dataconnect`
 {"metadata":{"emulator":{"name":"dataconnect"},"message":"E0708 04:39:21.172876    2600 watch.go:40] Failed to load config from \"/Users/vishseen/Developer/projects/nxt-vish-studio-v1/dataconnect\": could not find dataconnect.yaml in `/Users/vishseen/Developer/projects/nxt-vish-studio-v1/dataconnect`\n"}}
[debug] [2026-07-08T00:39:31.172Z] E0708 04:39:31.172159    2600 watch.go:40] Failed to load config from "/Users/vishseen/Developer/projects/nxt-vish-studio-v1/dataconnect": could not find dataconnect.yaml in `/Users/vishseen/Developer/projects/nxt-vish-studio-v1/dataconnect`
 {"metadata":{"emulator":{"name":"dataconnect"},"message":"E0708 04:39:31.172159    2600 watch.go:40] Failed to load config from \"/Users/vishseen/Developer/projects/nxt-vish-studio-v1/dataconnect\": could not find dataconnect.yaml in `/Users/vishseen/Developer/projects/nxt-vish-studio-v1/dataconnect`\n"}}
[debug] [2026-07-08T00:39:41.183Z] E0708 04:39:41.182311    2600 watch.go:40] Failed to load config from "/Users/vishseen/Developer/projects/nxt-vish-studio-v1/dataconnect": could not find dataconnect.yaml in `/Users/vishseen/Developer/projects/nxt-vish-studio-v1/dataconnect`
 {"metadata":{"emulator":{"name":"dataconnect"},"message":"E0708 04:39:41.182311    2600 watch.go:40] Failed to load config from \"/Users/vishseen/Developer/projects/nxt-vish-studio-v1/dataconnect\": could not find dataconnect.yaml in `/Users/vishseen/Developer/projects/nxt-vish-studio-v1/dataconnect`\n"}}
[debug] [2026-07-08T00:39:51.189Z] E0708 04:39:51.188531    2600 watch.go:40] Failed to load config from "/Users/vishseen/Developer/projects/nxt-vish-studio-v1/dataconnect": could not find dataconnect.yaml in `/Users/vishseen/Developer/projects/nxt-vish-studio-v1/dataconnect`
 {"metadata":{"emulator":{"name":"dataconnect"},"message":"E0708 04:39:51.188531    2600 watch.go:40] Failed to load config from \"/Users/vishseen/Developer/projects/nxt-vish-studio-v1/dataconnect\": could not find dataconnect.yaml in `/Users/vishseen/Developer/projects/nxt-vish-studio-v1/dataconnect`\n"}}
[debug] [2026-07-08T00:40:01.192Z] E0708 04:40:01.191953    2600 watch.go:40] Failed to load config from "/Users/vishseen/Developer/projects/nxt-vish-studio-v1/dataconnect": could not find dataconnect.yaml in `/Users/vishseen/Developer/projects/nxt-vish-studio-v1/dataconnect`
E0708 04:40:01.191870    2600 watch.go:116] watchAllDir unable to walk dir `/Users/vishseen/Developer/projects/nxt-vish-studio-v1/dataconnect`: lstat /Users/vishseen/Developer/projects/nxt-vish-studio-v1/dataconnect: no such file or directory
 {"metadata":{"emulator":{"name":"dataconnect"},"message":"E0708 04:40:01.191953    2600 watch.go:40] Failed to load config from \"/Users/vishseen/Developer/projects/nxt-vish-studio-v1/dataconnect\": could not find dataconnect.yaml in `/Users/vishseen/Developer/projects/nxt-vish-studio-v1/dataconnect`\nE0708 04:40:01.191870    2600 watch.go:116] watchAllDir unable to walk dir `/Users/vishseen/Developer/projects/nxt-vish-studio-v1/dataconnect`: lstat /Users/vishseen/Developer/projects/nxt-vish-studio-v1/dataconnect: no such file or directory\n"}}
[debug] [2026-07-08T00:40:11.193Z] E0708 04:40:11.193658    2600 watch.go:40] Failed to load config from "/Users/vishseen/Developer/projects/nxt-vish-studio-v1/dataconnect": could not find dataconnect.yaml in `/Users/vishseen/Developer/projects/nxt-vish-studio-v1/dataconnect`
 {"metadata":{"emulator":{"name":"dataconnect"},"message":"E0708 04:40:11.193658    2600 watch.go:40] Failed to load config from \"/Users/vishseen/Developer/projects/nxt-vish-studio-v1/dataconnect\": could not find dataconnect.yaml in `/Users/vishseen/Developer/projects/nxt-vish-studio-v1/dataconnect`\n"}}
[debug] [2026-07-08T00:40:21.195Z] E0708 04:40:21.194689    2600 watch.go:40] Failed to load config from "/Users/vishseen/Developer/projects/nxt-vish-studio-v1/dataconnect": could not find dataconnect.yaml in `/Users/vishseen/Developer/projects/nxt-vish-studio-v1/dataconnect`
 {"metadata":{"emulator":{"name":"dataconnect"},"message":"E0708 04:40:21.194689    2600 watch.go:40] Failed to load config from \"/Users/vishseen/Developer/projects/nxt-vish-studio-v1/dataconnect\": could not find dataconnect.yaml in `/Users/vishseen/Developer/projects/nxt-vish-studio-v1/dataconnect`\n"}}
[debug] [2026-07-08T00:40:31.195Z] E0708 04:40:31.194837    2600 watch.go:40] Failed to load config from "/Users/vishseen/Developer/projects/nxt-vish-studio-v1/dataconnect": could not find dataconnect.yaml in `/Users/vishseen/Developer/projects/nxt-vish-studio-v1/dataconnect`
 {"metadata":{"emulator":{"name":"dataconnect"},"message":"E0708 04:40:31.194837    2600 watch.go:40] Failed to load config from \"/Users/vishseen/Developer/projects/nxt-vish-studio-v1/dataconnect\": could not find dataconnect.yaml in `/Users/vishseen/Developer/projects/nxt-vish-studio-v1/dataconnect`\n"}}
[debug] [2026-07-08T00:40:41.197Z] E0708 04:40:41.196606    2600 watch.go:40] Failed to load config from "/Users/vishseen/Developer/projects/nxt-vish-studio-v1/dataconnect": could not find dataconnect.yaml in `/Users/vishseen/Developer/projects/nxt-vish-studio-v1/dataconnect`
 {"metadata":{"emulator":{"name":"dataconnect"},"message":"E0708 04:40:41.196606    2600 watch.go:40] Failed to load config from \"/Users/vishseen/Developer/projects/nxt-vish-studio-v1/dataconnect\": could not find dataconnect.yaml in `/Users/vishseen/Developer/projects/nxt-vish-studio-v1/dataconnect`\n"}}
[debug] [2026-07-08T00:40:51.196Z] E0708 04:40:51.195812    2600 watch.go:40] Failed to load config from "/Users/vishseen/Developer/projects/nxt-vish-studio-v1/dataconnect": could not find dataconnect.yaml in `/Users/vishseen/Developer/projects/nxt-vish-studio-v1/dataconnect`
 {"metadata":{"emulator":{"name":"dataconnect"},"message":"E0708 04:40:51.195812    2600 watch.go:40] Failed to load config from \"/Users/vishseen/Developer/projects/nxt-vish-studio-v1/dataconnect\": could not find dataconnect.yaml in `/Users/vishseen/Developer/projects/nxt-vish-studio-v1/dataconnect`\n"}}
[debug] [2026-07-08T00:41:01.195Z] E0708 04:41:01.195115    2600 watch.go:40] Failed to load config from "/Users/vishseen/Developer/projects/nxt-vish-studio-v1/dataconnect": could not find dataconnect.yaml in `/Users/vishseen/Developer/projects/nxt-vish-studio-v1/dataconnect`
E0708 04:41:01.195069    2600 watch.go:116] watchAllDir unable to walk dir `/Users/vishseen/Developer/projects/nxt-vish-studio-v1/dataconnect`: lstat /Users/vishseen/Developer/projects/nxt-vish-studio-v1/dataconnect: no such file or directory
 {"metadata":{"emulator":{"name":"dataconnect"},"message":"E0708 04:41:01.195115    2600 watch.go:40] Failed to load config from \"/Users/vishseen/Developer/projects/nxt-vish-studio-v1/dataconnect\": could not find dataconnect.yaml in `/Users/vishseen/Developer/projects/nxt-vish-studio-v1/dataconnect`\nE0708 04:41:01.195069    2600 watch.go:116] watchAllDir unable to walk dir `/Users/vishseen/Developer/projects/nxt-vish-studio-v1/dataconnect`: lstat /Users/vishseen/Developer/projects/nxt-vish-studio-v1/dataconnect: no such file or directory\n"}}
[debug] [2026-07-08T00:41:11.198Z] E0708 04:41:11.198119    2600 watch.go:40] Failed to load config from "/Users/vishseen/Developer/projects/nxt-vish-studio-v1/dataconnect": could not find dataconnect.yaml in `/Users/vishseen/Developer/projects/nxt-vish-studio-v1/dataconnect`
 {"metadata":{"emulator":{"name":"dataconnect"},"message":"E0708 04:41:11.198119    2600 watch.go:40] Failed to load config from \"/Users/vishseen/Developer/projects/nxt-vish-studio-v1/dataconnect\": could not find dataconnect.yaml in `/Users/vishseen/Developer/projects/nxt-vish-studio-v1/dataconnect`\n"}}
[debug] [2026-07-08T00:41:21.196Z] E0708 04:41:21.196086    2600 watch.go:40] Failed to load config from "/Users/vishseen/Developer/projects/nxt-vish-studio-v1/dataconnect": could not find dataconnect.yaml in `/Users/vishseen/Developer/projects/nxt-vish-studio-v1/dataconnect`
 {"metadata":{"emulator":{"name":"dataconnect"},"message":"E0708 04:41:21.196086    2600 watch.go:40] Failed to load config from \"/Users/vishseen/Developer/projects/nxt-vish-studio-v1/dataconnect\": could not find dataconnect.yaml in `/Users/vishseen/Developer/projects/nxt-vish-studio-v1/dataconnect`\n"}}
[debug] [2026-07-08T00:41:31.199Z] E0708 04:41:31.199457    2600 watch.go:40] Failed to load config from "/Users/vishseen/Developer/projects/nxt-vish-studio-v1/dataconnect": could not find dataconnect.yaml in `/Users/vishseen/Developer/projects/nxt-vish-studio-v1/dataconnect`
 {"metadata":{"emulator":{"name":"dataconnect"},"message":"E0708 04:41:31.199457    2600 watch.go:40] Failed to load config from \"/Users/vishseen/Developer/projects/nxt-vish-studio-v1/dataconnect\": could not find dataconnect.yaml in `/Users/vishseen/Developer/projects/nxt-vish-studio-v1/dataconnect`\n"}}
[debug] [2026-07-08T00:41:41.196Z] E0708 04:41:41.196341    2600 watch.go:40] Failed to load config from "/Users/vishseen/Developer/projects/nxt-vish-studio-v1/dataconnect": could not find dataconnect.yaml in `/Users/vishseen/Developer/projects/nxt-vish-studio-v1/dataconnect`
 {"metadata":{"emulator":{"name":"dataconnect"},"message":"E0708 04:41:41.196341    2600 watch.go:40] Failed to load config from \"/Users/vishseen/Developer/projects/nxt-vish-studio-v1/dataconnect\": could not find dataconnect.yaml in `/Users/vishseen/Developer/projects/nxt-vish-studio-v1/dataconnect`\n"}}
[debug] [2026-07-08T00:41:51.196Z] E0708 04:41:51.196324    2600 watch.go:40] Failed to load config from "/Users/vishseen/Developer/projects/nxt-vish-studio-v1/dataconnect": could not find dataconnect.yaml in `/Users/vishseen/Developer/projects/nxt-vish-studio-v1/dataconnect`
 {"metadata":{"emulator":{"name":"dataconnect"},"message":"E0708 04:41:51.196324    2600 watch.go:40] Failed to load config from \"/Users/vishseen/Developer/projects/nxt-vish-studio-v1/dataconnect\": could not find dataconnect.yaml in `/Users/vishseen/Developer/projects/nxt-vish-studio-v1/dataconnect`\n"}}
[debug] [2026-07-08T00:42:01.196Z] E0708 04:42:01.196310    2600 watch.go:116] watchAllDir unable to walk dir `/Users/vishseen/Developer/projects/nxt-vish-studio-v1/dataconnect`: lstat /Users/vishseen/Developer/projects/nxt-vish-studio-v1/dataconnect: no such file or directory
E0708 04:42:01.196406    2600 watch.go:40] Failed to load config from "/Users/vishseen/Developer/projects/nxt-vish-studio-v1/dataconnect": could not find dataconnect.yaml in `/Users/vishseen/Developer/projects/nxt-vish-studio-v1/dataconnect`
 {"metadata":{"emulator":{"name":"dataconnect"},"message":"E0708 04:42:01.196310    2600 watch.go:116] watchAllDir unable to walk dir `/Users/vishseen/Developer/projects/nxt-vish-studio-v1/dataconnect`: lstat /Users/vishseen/Developer/projects/nxt-vish-studio-v1/dataconnect: no such file or directory\nE0708 04:42:01.196406    2600 watch.go:40] Failed to load config from \"/Users/vishseen/Developer/projects/nxt-vish-studio-v1/dataconnect\": could not find dataconnect.yaml in `/Users/vishseen/Developer/projects/nxt-vish-studio-v1/dataconnect`\n"}}
[debug] [2026-07-08T00:42:11.196Z] E0708 04:42:11.196622    2600 watch.go:40] Failed to load config from "/Users/vishseen/Developer/projects/nxt-vish-studio-v1/dataconnect": could not find dataconnect.yaml in `/Users/vishseen/Developer/projects/nxt-vish-studio-v1/dataconnect`
 {"metadata":{"emulator":{"name":"dataconnect"},"message":"E0708 04:42:11.196622    2600 watch.go:40] Failed to load config from \"/Users/vishseen/Developer/projects/nxt-vish-studio-v1/dataconnect\": could not find dataconnect.yaml in `/Users/vishseen/Developer/projects/nxt-vish-studio-v1/dataconnect`\n"}}
[debug] [2026-07-08T00:42:21.196Z] E0708 04:42:21.196004    2600 watch.go:40] Failed to load config from "/Users/vishseen/Developer/projects/nxt-vish-studio-v1/dataconnect": could not find dataconnect.yaml in `/Users/vishseen/Developer/projects/nxt-vish-studio-v1/dataconnect`
 {"metadata":{"emulator":{"name":"dataconnect"},"message":"E0708 04:42:21.196004    2600 watch.go:40] Failed to load config from \"/Users/vishseen/Developer/projects/nxt-vish-studio-v1/dataconnect\": could not find dataconnect.yaml in `/Users/vishseen/Developer/projects/nxt-vish-studio-v1/dataconnect`\n"}}
[debug] [2026-07-08T00:42:31.196Z] E0708 04:42:31.196600    2600 watch.go:40] Failed to load config from "/Users/vishseen/Developer/projects/nxt-vish-studio-v1/dataconnect": could not find dataconnect.yaml in `/Users/vishseen/Developer/projects/nxt-vish-studio-v1/dataconnect`
 {"metadata":{"emulator":{"name":"dataconnect"},"message":"E0708 04:42:31.196600    2600 watch.go:40] Failed to load config from \"/Users/vishseen/Developer/projects/nxt-vish-studio-v1/dataconnect\": could not find dataconnect.yaml in `/Users/vishseen/Developer/projects/nxt-vish-studio-v1/dataconnect`\n"}}
[debug] [2026-07-08T00:42:41.197Z] E0708 04:42:41.196650    2600 watch.go:40] Failed to load config from "/Users/vishseen/Developer/projects/nxt-vish-studio-v1/dataconnect": could not find dataconnect.yaml in `/Users/vishseen/Developer/projects/nxt-vish-studio-v1/dataconnect`
 {"metadata":{"emulator":{"name":"dataconnect"},"message":"E0708 04:42:41.196650    2600 watch.go:40] Failed to load config from \"/Users/vishseen/Developer/projects/nxt-vish-studio-v1/dataconnect\": could not find dataconnect.yaml in `/Users/vishseen/Developer/projects/nxt-vish-studio-v1/dataconnect`\n"}}
[debug] [2026-07-08T00:42:51.196Z] E0708 04:42:51.195759    2600 watch.go:40] Failed to load config from "/Users/vishseen/Developer/projects/nxt-vish-studio-v1/dataconnect": could not find dataconnect.yaml in `/Users/vishseen/Developer/projects/nxt-vish-studio-v1/dataconnect`
 {"metadata":{"emulator":{"name":"dataconnect"},"message":"E0708 04:42:51.195759    2600 watch.go:40] Failed to load config from \"/Users/vishseen/Developer/projects/nxt-vish-studio-v1/dataconnect\": could not find dataconnect.yaml in `/Users/vishseen/Developer/projects/nxt-vish-studio-v1/dataconnect`\n"}}
[debug] [2026-07-08T00:43:01.197Z] E0708 04:43:01.196828    2600 watch.go:116] watchAllDir unable to walk dir `/Users/vishseen/Developer/projects/nxt-vish-studio-v1/dataconnect`: lstat /Users/vishseen/Developer/projects/nxt-vish-studio-v1/dataconnect: no such file or directory
E0708 04:43:01.196895    2600 watch.go:40] Failed to load config from "/Users/vishseen/Developer/projects/nxt-vish-studio-v1/dataconnect": could not find dataconnect.yaml in `/Users/vishseen/Developer/projects/nxt-vish-studio-v1/dataconnect`
 {"metadata":{"emulator":{"name":"dataconnect"},"message":"E0708 04:43:01.196828    2600 watch.go:116] watchAllDir unable to walk dir `/Users/vishseen/Developer/projects/nxt-vish-studio-v1/dataconnect`: lstat /Users/vishseen/Developer/projects/nxt-vish-studio-v1/dataconnect: no such file or directory\nE0708 04:43:01.196895    2600 watch.go:40] Failed to load config from \"/Users/vishseen/Developer/projects/nxt-vish-studio-v1/dataconnect\": could not find dataconnect.yaml in `/Users/vishseen/Developer/projects/nxt-vish-studio-v1/dataconnect`\n"}}
[debug] [2026-07-08T00:43:11.197Z] E0708 04:43:11.196838    2600 watch.go:40] Failed to load config from "/Users/vishseen/Developer/projects/nxt-vish-studio-v1/dataconnect": could not find dataconnect.yaml in `/Users/vishseen/Developer/projects/nxt-vish-studio-v1/dataconnect`
 {"metadata":{"emulator":{"name":"dataconnect"},"message":"E0708 04:43:11.196838    2600 watch.go:40] Failed to load config from \"/Users/vishseen/Developer/projects/nxt-vish-studio-v1/dataconnect\": could not find dataconnect.yaml in `/Users/vishseen/Developer/projects/nxt-vish-studio-v1/dataconnect`\n"}}
[debug] [2026-07-08T00:43:21.197Z] E0708 04:43:21.196825    2600 watch.go:40] Failed to load config from "/Users/vishseen/Developer/projects/nxt-vish-studio-v1/dataconnect": could not find dataconnect.yaml in `/Users/vishseen/Developer/projects/nxt-vish-studio-v1/dataconnect`
 {"metadata":{"emulator":{"name":"dataconnect"},"message":"E0708 04:43:21.196825    2600 watch.go:40] Failed to load config from \"/Users/vishseen/Developer/projects/nxt-vish-studio-v1/dataconnect\": could not find dataconnect.yaml in `/Users/vishseen/Developer/projects/nxt-vish-studio-v1/dataconnect`\n"}}
[debug] [2026-07-08T00:43:31.202Z] E0708 04:43:31.197702    2600 watch.go:40] Failed to load config from "/Users/vishseen/Developer/projects/nxt-vish-studio-v1/dataconnect": could not find dataconnect.yaml in `/Users/vishseen/Developer/projects/nxt-vish-studio-v1/dataconnect`
 {"metadata":{"emulator":{"name":"dataconnect"},"message":"E0708 04:43:31.197702    2600 watch.go:40] Failed to load config from \"/Users/vishseen/Developer/projects/nxt-vish-studio-v1/dataconnect\": could not find dataconnect.yaml in `/Users/vishseen/Developer/projects/nxt-vish-studio-v1/dataconnect`\n"}}
[debug] [2026-07-08T00:43:41.200Z] E0708 04:43:41.199851    2600 watch.go:40] Failed to load config from "/Users/vishseen/Developer/projects/nxt-vish-studio-v1/dataconnect": could not find dataconnect.yaml in `/Users/vishseen/Developer/projects/nxt-vish-studio-v1/dataconnect`
 {"metadata":{"emulator":{"name":"dataconnect"},"message":"E0708 04:43:41.199851    2600 watch.go:40] Failed to load config from \"/Users/vishseen/Developer/projects/nxt-vish-studio-v1/dataconnect\": could not find dataconnect.yaml in `/Users/vishseen/Developer/projects/nxt-vish-studio-v1/dataconnect`\n"}}
[debug] [2026-07-08T00:43:51.197Z] E0708 04:43:51.197155    2600 watch.go:40] Failed to load config from "/Users/vishseen/Developer/projects/nxt-vish-studio-v1/dataconnect": could not find dataconnect.yaml in `/Users/vishseen/Developer/projects/nxt-vish-studio-v1/dataconnect`
 {"metadata":{"emulator":{"name":"dataconnect"},"message":"E0708 04:43:51.197155    2600 watch.go:40] Failed to load config from \"/Users/vishseen/Developer/projects/nxt-vish-studio-v1/dataconnect\": could not find dataconnect.yaml in `/Users/vishseen/Developer/projects/nxt-vish-studio-v1/dataconnect`\n"}}
[debug] [2026-07-08T00:44:01.198Z] E0708 04:44:01.197442    2600 watch.go:40] Failed to load config from "/Users/vishseen/Developer/projects/nxt-vish-studio-v1/dataconnect": could not find dataconnect.yaml in `/Users/vishseen/Developer/projects/nxt-vish-studio-v1/dataconnect`
 {"metadata":{"emulator":{"name":"dataconnect"},"message":"E0708 04:44:01.197442    2600 watch.go:40] Failed to load config from \"/Users/vishseen/Developer/projects/nxt-vish-studio-v1/dataconnect\": could not find dataconnect.yaml in `/Users/vishseen/Developer/projects/nxt-vish-studio-v1/dataconnect`\n"}}
[debug] [2026-07-08T00:44:01.201Z] E0708 04:44:01.197345    2600 watch.go:116] watchAllDir unable to walk dir `/Users/vishseen/Developer/projects/nxt-vish-studio-v1/dataconnect`: lstat /Users/vishseen/Developer/projects/nxt-vish-studio-v1/dataconnect: no such file or directory
 {"metadata":{"emulator":{"name":"dataconnect"},"message":"E0708 04:44:01.197345    2600 watch.go:116] watchAllDir unable to walk dir `/Users/vishseen/Developer/projects/nxt-vish-studio-v1/dataconnect`: lstat /Users/vishseen/Developer/projects/nxt-vish-studio-v1/dataconnect: no such file or directory\n"}}
[debug] [2026-07-08T00:44:11.198Z] E0708 04:44:11.197431    2600 watch.go:40] Failed to load config from "/Users/vishseen/Developer/projects/nxt-vish-studio-v1/dataconnect": could not find dataconnect.yaml in `/Users/vishseen/Developer/projects/nxt-vish-studio-v1/dataconnect`
 {"metadata":{"emulator":{"name":"dataconnect"},"message":"E0708 04:44:11.197431    2600 watch.go:40] Failed to load config from \"/Users/vishseen/Developer/projects/nxt-vish-studio-v1/dataconnect\": could not find dataconnect.yaml in `/Users/vishseen/Developer/projects/nxt-vish-studio-v1/dataconnect`\n"}}
[debug] [2026-07-08T00:44:21.199Z] E0708 04:44:21.198029    2600 watch.go:40] Failed to load config from "/Users/vishseen/Developer/projects/nxt-vish-studio-v1/dataconnect": could not find dataconnect.yaml in `/Users/vishseen/Developer/projects/nxt-vish-studio-v1/dataconnect`
 {"metadata":{"emulator":{"name":"dataconnect"},"message":"E0708 04:44:21.198029    2600 watch.go:40] Failed to load config from \"/Users/vishseen/Developer/projects/nxt-vish-studio-v1/dataconnect\": could not find dataconnect.yaml in `/Users/vishseen/Developer/projects/nxt-vish-studio-v1/dataconnect`\n"}}
[debug] [2026-07-08T00:44:31.197Z] E0708 04:44:31.197183    2600 watch.go:40] Failed to load config from "/Users/vishseen/Developer/projects/nxt-vish-studio-v1/dataconnect": could not find dataconnect.yaml in `/Users/vishseen/Developer/projects/nxt-vish-studio-v1/dataconnect`
 {"metadata":{"emulator":{"name":"dataconnect"},"message":"E0708 04:44:31.197183    2600 watch.go:40] Failed to load config from \"/Users/vishseen/Developer/projects/nxt-vish-studio-v1/dataconnect\": could not find dataconnect.yaml in `/Users/vishseen/Developer/projects/nxt-vish-studio-v1/dataconnect`\n"}}
[debug] [2026-07-08T00:44:41.197Z] E0708 04:44:41.197473    2600 watch.go:40] Failed to load config from "/Users/vishseen/Developer/projects/nxt-vish-studio-v1/dataconnect": could not find dataconnect.yaml in `/Users/vishseen/Developer/projects/nxt-vish-studio-v1/dataconnect`
 {"metadata":{"emulator":{"name":"dataconnect"},"message":"E0708 04:44:41.197473    2600 watch.go:40] Failed to load config from \"/Users/vishseen/Developer/projects/nxt-vish-studio-v1/dataconnect\": could not find dataconnect.yaml in `/Users/vishseen/Developer/projects/nxt-vish-studio-v1/dataconnect`\n"}}
[debug] [2026-07-08T00:44:51.198Z] E0708 04:44:51.197755    2600 watch.go:40] Failed to load config from "/Users/vishseen/Developer/projects/nxt-vish-studio-v1/dataconnect": could not find dataconnect.yaml in `/Users/vishseen/Developer/projects/nxt-vish-studio-v1/dataconnect`
 {"metadata":{"emulator":{"name":"dataconnect"},"message":"E0708 04:44:51.197755    2600 watch.go:40] Failed to load config from \"/Users/vishseen/Developer/projects/nxt-vish-studio-v1/dataconnect\": could not find dataconnect.yaml in `/Users/vishseen/Developer/projects/nxt-vish-studio-v1/dataconnect`\n"}}
[debug] [2026-07-08T00:45:01.197Z] E0708 04:45:01.196961    2600 watch.go:40] Failed to load config from "/Users/vishseen/Developer/projects/nxt-vish-studio-v1/dataconnect": could not find dataconnect.yaml in `/Users/vishseen/Developer/projects/nxt-vish-studio-v1/dataconnect`
E0708 04:45:01.196954    2600 watch.go:116] watchAllDir unable to walk dir `/Users/vishseen/Developer/projects/nxt-vish-studio-v1/dataconnect`: lstat /Users/vishseen/Developer/projects/nxt-vish-studio-v1/dataconnect: no such file or directory
 {"metadata":{"emulator":{"name":"dataconnect"},"message":"E0708 04:45:01.196961    2600 watch.go:40] Failed to load config from \"/Users/vishseen/Developer/projects/nxt-vish-studio-v1/dataconnect\": could not find dataconnect.yaml in `/Users/vishseen/Developer/projects/nxt-vish-studio-v1/dataconnect`\nE0708 04:45:01.196954    2600 watch.go:116] watchAllDir unable to walk dir `/Users/vishseen/Developer/projects/nxt-vish-studio-v1/dataconnect`: lstat /Users/vishseen/Developer/projects/nxt-vish-studio-v1/dataconnect: no such file or directory\n"}}
[debug] [2026-07-08T00:45:11.197Z] E0708 04:45:11.197688    2600 watch.go:40] Failed to load config from "/Users/vishseen/Developer/projects/nxt-vish-studio-v1/dataconnect": could not find dataconnect.yaml in `/Users/vishseen/Developer/projects/nxt-vish-studio-v1/dataconnect`
 {"metadata":{"emulator":{"name":"dataconnect"},"message":"E0708 04:45:11.197688    2600 watch.go:40] Failed to load config from \"/Users/vishseen/Developer/projects/nxt-vish-studio-v1/dataconnect\": could not find dataconnect.yaml in `/Users/vishseen/Developer/projects/nxt-vish-studio-v1/dataconnect`\n"}}
[debug] [2026-07-08T00:45:21.198Z] E0708 04:45:21.197697    2600 watch.go:40] Failed to load config from "/Users/vishseen/Developer/projects/nxt-vish-studio-v1/dataconnect": could not find dataconnect.yaml in `/Users/vishseen/Developer/projects/nxt-vish-studio-v1/dataconnect`
 {"metadata":{"emulator":{"name":"dataconnect"},"message":"E0708 04:45:21.197697    2600 watch.go:40] Failed to load config from \"/Users/vishseen/Developer/projects/nxt-vish-studio-v1/dataconnect\": could not find dataconnect.yaml in `/Users/vishseen/Developer/projects/nxt-vish-studio-v1/dataconnect`\n"}}
[debug] [2026-07-08T00:45:31.198Z] E0708 04:45:31.197910    2600 watch.go:40] Failed to load config from "/Users/vishseen/Developer/projects/nxt-vish-studio-v1/dataconnect": could not find dataconnect.yaml in `/Users/vishseen/Developer/projects/nxt-vish-studio-v1/dataconnect`
 {"metadata":{"emulator":{"name":"dataconnect"},"message":"E0708 04:45:31.197910    2600 watch.go:40] Failed to load config from \"/Users/vishseen/Developer/projects/nxt-vish-studio-v1/dataconnect\": could not find dataconnect.yaml in `/Users/vishseen/Developer/projects/nxt-vish-studio-v1/dataconnect`\n"}}
[debug] [2026-07-08T00:45:41.198Z] E0708 04:45:41.197877    2600 watch.go:40] Failed to load config from "/Users/vishseen/Developer/projects/nxt-vish-studio-v1/dataconnect": could not find dataconnect.yaml in `/Users/vishseen/Developer/projects/nxt-vish-studio-v1/dataconnect`
 {"metadata":{"emulator":{"name":"dataconnect"},"message":"E0708 04:45:41.197877    2600 watch.go:40] Failed to load config from \"/Users/vishseen/Developer/projects/nxt-vish-studio-v1/dataconnect\": could not find dataconnect.yaml in `/Users/vishseen/Developer/projects/nxt-vish-studio-v1/dataconnect`\n"}}
[debug] [2026-07-08T00:45:51.198Z] E0708 04:45:51.197935    2600 watch.go:40] Failed to load config from "/Users/vishseen/Developer/projects/nxt-vish-studio-v1/dataconnect": could not find dataconnect.yaml in `/Users/vishseen/Developer/projects/nxt-vish-studio-v1/dataconnect`
 {"metadata":{"emulator":{"name":"dataconnect"},"message":"E0708 04:45:51.197935    2600 watch.go:40] Failed to load config from \"/Users/vishseen/Developer/projects/nxt-vish-studio-v1/dataconnect\": could not find dataconnect.yaml in `/Users/vishseen/Developer/projects/nxt-vish-studio-v1/dataconnect`\n"}}
[debug] [2026-07-08T00:46:01.198Z] E0708 04:46:01.197874    2600 watch.go:116] watchAllDir unable to walk dir `/Users/vishseen/Developer/projects/nxt-vish-studio-v1/dataconnect`: lstat /Users/vishseen/Developer/projects/nxt-vish-studio-v1/dataconnect: no such file or directory
E0708 04:46:01.197897    2600 watch.go:40] Failed to load config from "/Users/vishseen/Developer/projects/nxt-vish-studio-v1/dataconnect": could not find dataconnect.yaml in `/Users/vishseen/Developer/projects/nxt-vish-studio-v1/dataconnect`
 {"metadata":{"emulator":{"name":"dataconnect"},"message":"E0708 04:46:01.197874    2600 watch.go:116] watchAllDir unable to walk dir `/Users/vishseen/Developer/projects/nxt-vish-studio-v1/dataconnect`: lstat /Users/vishseen/Developer/projects/nxt-vish-studio-v1/dataconnect: no such file or directory\nE0708 04:46:01.197897    2600 watch.go:40] Failed to load config from \"/Users/vishseen/Developer/projects/nxt-vish-studio-v1/dataconnect\": could not find dataconnect.yaml in `/Users/vishseen/Developer/projects/nxt-vish-studio-v1/dataconnect`\n"}}
[debug] [2026-07-08T00:46:11.198Z] E0708 04:46:11.198148    2600 watch.go:40] Failed to load config from "/Users/vishseen/Developer/projects/nxt-vish-studio-v1/dataconnect": could not find dataconnect.yaml in `/Users/vishseen/Developer/projects/nxt-vish-studio-v1/dataconnect`
 {"metadata":{"emulator":{"name":"dataconnect"},"message":"E0708 04:46:11.198148    2600 watch.go:40] Failed to load config from \"/Users/vishseen/Developer/projects/nxt-vish-studio-v1/dataconnect\": could not find dataconnect.yaml in `/Users/vishseen/Developer/projects/nxt-vish-studio-v1/dataconnect`\n"}}
[debug] [2026-07-08T00:46:21.198Z] E0708 04:46:21.198183    2600 watch.go:40] Failed to load config from "/Users/vishseen/Developer/projects/nxt-vish-studio-v1/dataconnect": could not find dataconnect.yaml in `/Users/vishseen/Developer/projects/nxt-vish-studio-v1/dataconnect`
 {"metadata":{"emulator":{"name":"dataconnect"},"message":"E0708 04:46:21.198183    2600 watch.go:40] Failed to load config from \"/Users/vishseen/Developer/projects/nxt-vish-studio-v1/dataconnect\": could not find dataconnect.yaml in `/Users/vishseen/Developer/projects/nxt-vish-studio-v1/dataconnect`\n"}}
[debug] [2026-07-08T00:46:31.197Z] E0708 04:46:31.197206    2600 watch.go:40] Failed to load config from "/Users/vishseen/Developer/projects/nxt-vish-studio-v1/dataconnect": could not find dataconnect.yaml in `/Users/vishseen/Developer/projects/nxt-vish-studio-v1/dataconnect`
 {"metadata":{"emulator":{"name":"dataconnect"},"message":"E0708 04:46:31.197206    2600 watch.go:40] Failed to load config from \"/Users/vishseen/Developer/projects/nxt-vish-studio-v1/dataconnect\": could not find dataconnect.yaml in `/Users/vishseen/Developer/projects/nxt-vish-studio-v1/dataconnect`\n"}}
[debug] [2026-07-08T00:46:41.198Z] E0708 04:46:41.198261    2600 watch.go:40] Failed to load config from "/Users/vishseen/Developer/projects/nxt-vish-studio-v1/dataconnect": could not find dataconnect.yaml in `/Users/vishseen/Developer/projects/nxt-vish-studio-v1/dataconnect`
 {"metadata":{"emulator":{"name":"dataconnect"},"message":"E0708 04:46:41.198261    2600 watch.go:40] Failed to load config from \"/Users/vishseen/Developer/projects/nxt-vish-studio-v1/dataconnect\": could not find dataconnect.yaml in `/Users/vishseen/Developer/projects/nxt-vish-studio-v1/dataconnect`\n"}}
[debug] [2026-07-08T00:46:51.198Z] E0708 04:46:51.197905    2600 watch.go:40] Failed to load config from "/Users/vishseen/Developer/projects/nxt-vish-studio-v1/dataconnect": could not find dataconnect.yaml in `/Users/vishseen/Developer/projects/nxt-vish-studio-v1/dataconnect`
 {"metadata":{"emulator":{"name":"dataconnect"},"message":"E0708 04:46:51.197905    2600 watch.go:40] Failed to load config from \"/Users/vishseen/Developer/projects/nxt-vish-studio-v1/dataconnect\": could not find dataconnect.yaml in `/Users/vishseen/Developer/projects/nxt-vish-studio-v1/dataconnect`\n"}}
[debug] [2026-07-08T00:47:01.198Z] E0708 04:47:01.198328    2600 watch.go:116] watchAllDir unable to walk dir `/Users/vishseen/Developer/projects/nxt-vish-studio-v1/dataconnect`: lstat /Users/vishseen/Developer/projects/nxt-vish-studio-v1/dataconnect: no such file or directory
 {"metadata":{"emulator":{"name":"dataconnect"},"message":"E0708 04:47:01.198328    2600 watch.go:116] watchAllDir unable to walk dir `/Users/vishseen/Developer/projects/nxt-vish-studio-v1/dataconnect`: lstat /Users/vishseen/Developer/projects/nxt-vish-studio-v1/dataconnect: no such file or directory\n"}}
[debug] [2026-07-08T00:47:01.200Z] E0708 04:47:01.200306    2600 watch.go:40] Failed to load config from "/Users/vishseen/Developer/projects/nxt-vish-studio-v1/dataconnect": could not find dataconnect.yaml in `/Users/vishseen/Developer/projects/nxt-vish-studio-v1/dataconnect`
 {"metadata":{"emulator":{"name":"dataconnect"},"message":"E0708 04:47:01.200306    2600 watch.go:40] Failed to load config from \"/Users/vishseen/Developer/projects/nxt-vish-studio-v1/dataconnect\": could not find dataconnect.yaml in `/Users/vishseen/Developer/projects/nxt-vish-studio-v1/dataconnect`\n"}}
[debug] [2026-07-08T00:47:11.198Z] E0708 04:47:11.198544    2600 watch.go:40] Failed to load config from "/Users/vishseen/Developer/projects/nxt-vish-studio-v1/dataconnect": could not find dataconnect.yaml in `/Users/vishseen/Developer/projects/nxt-vish-studio-v1/dataconnect`
 {"metadata":{"emulator":{"name":"dataconnect"},"message":"E0708 04:47:11.198544    2600 watch.go:40] Failed to load config from \"/Users/vishseen/Developer/projects/nxt-vish-studio-v1/dataconnect\": could not find dataconnect.yaml in `/Users/vishseen/Developer/projects/nxt-vish-studio-v1/dataconnect`\n"}}
[debug] [2026-07-08T00:47:21.199Z] E0708 04:47:21.198595    2600 watch.go:40] Failed to load config from "/Users/vishseen/Developer/projects/nxt-vish-studio-v1/dataconnect": could not find dataconnect.yaml in `/Users/vishseen/Developer/projects/nxt-vish-studio-v1/dataconnect`
 {"metadata":{"emulator":{"name":"dataconnect"},"message":"E0708 04:47:21.198595    2600 watch.go:40] Failed to load config from \"/Users/vishseen/Developer/projects/nxt-vish-studio-v1/dataconnect\": could not find dataconnect.yaml in `/Users/vishseen/Developer/projects/nxt-vish-studio-v1/dataconnect`\n"}}
[debug] [2026-07-08T00:47:31.198Z] E0708 04:47:31.198628    2600 watch.go:40] Failed to load config from "/Users/vishseen/Developer/projects/nxt-vish-studio-v1/dataconnect": could not find dataconnect.yaml in `/Users/vishseen/Developer/projects/nxt-vish-studio-v1/dataconnect`
 {"metadata":{"emulator":{"name":"dataconnect"},"message":"E0708 04:47:31.198628    2600 watch.go:40] Failed to load config from \"/Users/vishseen/Developer/projects/nxt-vish-studio-v1/dataconnect\": could not find dataconnect.yaml in `/Users/vishseen/Developer/projects/nxt-vish-studio-v1/dataconnect`\n"}}
[debug] [2026-07-08T00:47:41.198Z] E0708 04:47:41.198375    2600 watch.go:40] Failed to load config from "/Users/vishseen/Developer/projects/nxt-vish-studio-v1/dataconnect": could not find dataconnect.yaml in `/Users/vishseen/Developer/projects/nxt-vish-studio-v1/dataconnect`
 {"metadata":{"emulator":{"name":"dataconnect"},"message":"E0708 04:47:41.198375    2600 watch.go:40] Failed to load config from \"/Users/vishseen/Developer/projects/nxt-vish-studio-v1/dataconnect\": could not find dataconnect.yaml in `/Users/vishseen/Developer/projects/nxt-vish-studio-v1/dataconnect`\n"}}
[debug] [2026-07-08T00:47:51.199Z] E0708 04:47:51.198819    2600 watch.go:40] Failed to load config from "/Users/vishseen/Developer/projects/nxt-vish-studio-v1/dataconnect": could not find dataconnect.yaml in `/Users/vishseen/Developer/projects/nxt-vish-studio-v1/dataconnect`
 {"metadata":{"emulator":{"name":"dataconnect"},"message":"E0708 04:47:51.198819    2600 watch.go:40] Failed to load config from \"/Users/vishseen/Developer/projects/nxt-vish-studio-v1/dataconnect\": could not find dataconnect.yaml in `/Users/vishseen/Developer/projects/nxt-vish-studio-v1/dataconnect`\n"}}
[debug] [2026-07-08T00:48:01.198Z] E0708 04:48:01.197915    2600 watch.go:116] watchAllDir unable to walk dir `/Users/vishseen/Developer/projects/nxt-vish-studio-v1/dataconnect`: lstat /Users/vishseen/Developer/projects/nxt-vish-studio-v1/dataconnect: no such file or directory
 {"metadata":{"emulator":{"name":"dataconnect"},"message":"E0708 04:48:01.197915    2600 watch.go:116] watchAllDir unable to walk dir `/Users/vishseen/Developer/projects/nxt-vish-studio-v1/dataconnect`: lstat /Users/vishseen/Developer/projects/nxt-vish-studio-v1/dataconnect: no such file or directory\n"}}
[debug] [2026-07-08T00:48:01.201Z] E0708 04:48:01.197963    2600 watch.go:40] Failed to load config from "/Users/vishseen/Developer/projects/nxt-vish-studio-v1/dataconnect": could not find dataconnect.yaml in `/Users/vishseen/Developer/projects/nxt-vish-studio-v1/dataconnect`
 {"metadata":{"emulator":{"name":"dataconnect"},"message":"E0708 04:48:01.197963    2600 watch.go:40] Failed to load config from \"/Users/vishseen/Developer/projects/nxt-vish-studio-v1/dataconnect\": could not find dataconnect.yaml in `/Users/vishseen/Developer/projects/nxt-vish-studio-v1/dataconnect`\n"}}
[debug] [2026-07-08T00:48:11.200Z] E0708 04:48:11.200027    2600 watch.go:40] Failed to load config from "/Users/vishseen/Developer/projects/nxt-vish-studio-v1/dataconnect": could not find dataconnect.yaml in `/Users/vishseen/Developer/projects/nxt-vish-studio-v1/dataconnect`
 {"metadata":{"emulator":{"name":"dataconnect"},"message":"E0708 04:48:11.200027    2600 watch.go:40] Failed to load config from \"/Users/vishseen/Developer/projects/nxt-vish-studio-v1/dataconnect\": could not find dataconnect.yaml in `/Users/vishseen/Developer/projects/nxt-vish-studio-v1/dataconnect`\n"}}
[debug] [2026-07-08T00:48:21.199Z] E0708 04:48:21.198961    2600 watch.go:40] Failed to load config from "/Users/vishseen/Developer/projects/nxt-vish-studio-v1/dataconnect": could not find dataconnect.yaml in `/Users/vishseen/Developer/projects/nxt-vish-studio-v1/dataconnect`
 {"metadata":{"emulator":{"name":"dataconnect"},"message":"E0708 04:48:21.198961    2600 watch.go:40] Failed to load config from \"/Users/vishseen/Developer/projects/nxt-vish-studio-v1/dataconnect\": could not find dataconnect.yaml in `/Users/vishseen/Developer/projects/nxt-vish-studio-v1/dataconnect`\n"}}
[debug] [2026-07-08T00:48:31.199Z] E0708 04:48:31.199042    2600 watch.go:40] Failed to load config from "/Users/vishseen/Developer/projects/nxt-vish-studio-v1/dataconnect": could not find dataconnect.yaml in `/Users/vishseen/Developer/projects/nxt-vish-studio-v1/dataconnect`
 {"metadata":{"emulator":{"name":"dataconnect"},"message":"E0708 04:48:31.199042    2600 watch.go:40] Failed to load config from \"/Users/vishseen/Developer/projects/nxt-vish-studio-v1/dataconnect\": could not find dataconnect.yaml in `/Users/vishseen/Developer/projects/nxt-vish-studio-v1/dataconnect`\n"}}
[debug] [2026-07-08T00:48:41.199Z] E0708 04:48:41.198961    2600 watch.go:40] Failed to load config from "/Users/vishseen/Developer/projects/nxt-vish-studio-v1/dataconnect": could not find dataconnect.yaml in `/Users/vishseen/Developer/projects/nxt-vish-studio-v1/dataconnect`
 {"metadata":{"emulator":{"name":"dataconnect"},"message":"E0708 04:48:41.198961    2600 watch.go:40] Failed to load config from \"/Users/vishseen/Developer/projects/nxt-vish-studio-v1/dataconnect\": could not find dataconnect.yaml in `/Users/vishseen/Developer/projects/nxt-vish-studio-v1/dataconnect`\n"}}
[debug] [2026-07-08T00:48:51.200Z] E0708 04:48:51.199379    2600 watch.go:40] Failed to load config from "/Users/vishseen/Developer/projects/nxt-vish-studio-v1/dataconnect": could not find dataconnect.yaml in `/Users/vishseen/Developer/projects/nxt-vish-studio-v1/dataconnect`
 {"metadata":{"emulator":{"name":"dataconnect"},"message":"E0708 04:48:51.199379    2600 watch.go:40] Failed to load config from \"/Users/vishseen/Developer/projects/nxt-vish-studio-v1/dataconnect\": could not find dataconnect.yaml in `/Users/vishseen/Developer/projects/nxt-vish-studio-v1/dataconnect`\n"}}
[debug] [2026-07-08T00:49:01.199Z] E0708 04:49:01.199068    2600 watch.go:40] Failed to load config from "/Users/vishseen/Developer/projects/nxt-vish-studio-v1/dataconnect": could not find dataconnect.yaml in `/Users/vishseen/Developer/projects/nxt-vish-studio-v1/dataconnect`
E0708 04:49:01.199056    2600 watch.go:116] watchAllDir unable to walk dir `/Users/vishseen/Developer/projects/nxt-vish-studio-v1/dataconnect`: lstat /Users/vishseen/Developer/projects/nxt-vish-studio-v1/dataconnect: no such file or directory
 {"metadata":{"emulator":{"name":"dataconnect"},"message":"E0708 04:49:01.199068    2600 watch.go:40] Failed to load config from \"/Users/vishseen/Developer/projects/nxt-vish-studio-v1/dataconnect\": could not find dataconnect.yaml in `/Users/vishseen/Developer/projects/nxt-vish-studio-v1/dataconnect`\nE0708 04:49:01.199056    2600 watch.go:116] watchAllDir unable to walk dir `/Users/vishseen/Developer/projects/nxt-vish-studio-v1/dataconnect`: lstat /Users/vishseen/Developer/projects/nxt-vish-studio-v1/dataconnect: no such file or directory\n"}}
[debug] [2026-07-08T00:49:11.199Z] E0708 04:49:11.199399    2600 watch.go:40] Failed to load config from "/Users/vishseen/Developer/projects/nxt-vish-studio-v1/dataconnect": could not find dataconnect.yaml in `/Users/vishseen/Developer/projects/nxt-vish-studio-v1/dataconnect`
 {"metadata":{"emulator":{"name":"dataconnect"},"message":"E0708 04:49:11.199399    2600 watch.go:40] Failed to load config from \"/Users/vishseen/Developer/projects/nxt-vish-studio-v1/dataconnect\": could not find dataconnect.yaml in `/Users/vishseen/Developer/projects/nxt-vish-studio-v1/dataconnect`\n"}}
[debug] [2026-07-08T00:49:21.199Z] E0708 04:49:21.199312    2600 watch.go:40] Failed to load config from "/Users/vishseen/Developer/projects/nxt-vish-studio-v1/dataconnect": could not find dataconnect.yaml in `/Users/vishseen/Developer/projects/nxt-vish-studio-v1/dataconnect`
 {"metadata":{"emulator":{"name":"dataconnect"},"message":"E0708 04:49:21.199312    2600 watch.go:40] Failed to load config from \"/Users/vishseen/Developer/projects/nxt-vish-studio-v1/dataconnect\": could not find dataconnect.yaml in `/Users/vishseen/Developer/projects/nxt-vish-studio-v1/dataconnect`\n"}}
[debug] [2026-07-08T00:49:31.199Z] E0708 04:49:31.199252    2600 watch.go:40] Failed to load config from "/Users/vishseen/Developer/projects/nxt-vish-studio-v1/dataconnect": could not find dataconnect.yaml in `/Users/vishseen/Developer/projects/nxt-vish-studio-v1/dataconnect`
 {"metadata":{"emulator":{"name":"dataconnect"},"message":"E0708 04:49:31.199252    2600 watch.go:40] Failed to load config from \"/Users/vishseen/Developer/projects/nxt-vish-studio-v1/dataconnect\": could not find dataconnect.yaml in `/Users/vishseen/Developer/projects/nxt-vish-studio-v1/dataconnect`\n"}}
[debug] [2026-07-08T00:49:41.200Z] E0708 04:49:41.199454    2600 watch.go:40] Failed to load config from "/Users/vishseen/Developer/projects/nxt-vish-studio-v1/dataconnect": could not find dataconnect.yaml in `/Users/vishseen/Developer/projects/nxt-vish-studio-v1/dataconnect`
 {"metadata":{"emulator":{"name":"dataconnect"},"message":"E0708 04:49:41.199454    2600 watch.go:40] Failed to load config from \"/Users/vishseen/Developer/projects/nxt-vish-studio-v1/dataconnect\": could not find dataconnect.yaml in `/Users/vishseen/Developer/projects/nxt-vish-studio-v1/dataconnect`\n"}}
[debug] [2026-07-08T00:49:51.199Z] E0708 04:49:51.199561    2600 watch.go:40] Failed to load config from "/Users/vishseen/Developer/projects/nxt-vish-studio-v1/dataconnect": could not find dataconnect.yaml in `/Users/vishseen/Developer/projects/nxt-vish-studio-v1/dataconnect`
 {"metadata":{"emulator":{"name":"dataconnect"},"message":"E0708 04:49:51.199561    2600 watch.go:40] Failed to load config from \"/Users/vishseen/Developer/projects/nxt-vish-studio-v1/dataconnect\": could not find dataconnect.yaml in `/Users/vishseen/Developer/projects/nxt-vish-studio-v1/dataconnect`\n"}}
[debug] [2026-07-08T00:50:01.200Z] E0708 04:50:01.199905    2600 watch.go:40] Failed to load config from "/Users/vishseen/Developer/projects/nxt-vish-studio-v1/dataconnect": could not find dataconnect.yaml in `/Users/vishseen/Developer/projects/nxt-vish-studio-v1/dataconnect`
 {"metadata":{"emulator":{"name":"dataconnect"},"message":"E0708 04:50:01.199905    2600 watch.go:40] Failed to load config from \"/Users/vishseen/Developer/projects/nxt-vish-studio-v1/dataconnect\": could not find dataconnect.yaml in `/Users/vishseen/Developer/projects/nxt-vish-studio-v1/dataconnect`\n"}}
[debug] [2026-07-08T00:50:01.202Z] E0708 04:50:01.199840    2600 watch.go:116] watchAllDir unable to walk dir `/Users/vishseen/Developer/projects/nxt-vish-studio-v1/dataconnect`: lstat /Users/vishseen/Developer/projects/nxt-vish-studio-v1/dataconnect: no such file or directory
 {"metadata":{"emulator":{"name":"dataconnect"},"message":"E0708 04:50:01.199840    2600 watch.go:116] watchAllDir unable to walk dir `/Users/vishseen/Developer/projects/nxt-vish-studio-v1/dataconnect`: lstat /Users/vishseen/Developer/projects/nxt-vish-studio-v1/dataconnect: no such file or directory\n"}}
[debug] [2026-07-08T00:50:11.200Z] E0708 04:50:11.199735    2600 watch.go:40] Failed to load config from "/Users/vishseen/Developer/projects/nxt-vish-studio-v1/dataconnect": could not find dataconnect.yaml in `/Users/vishseen/Developer/projects/nxt-vish-studio-v1/dataconnect`
 {"metadata":{"emulator":{"name":"dataconnect"},"message":"E0708 04:50:11.199735    2600 watch.go:40] Failed to load config from \"/Users/vishseen/Developer/projects/nxt-vish-studio-v1/dataconnect\": could not find dataconnect.yaml in `/Users/vishseen/Developer/projects/nxt-vish-studio-v1/dataconnect`\n"}}
[debug] [2026-07-08T00:50:21.200Z] E0708 04:50:21.199840    2600 watch.go:40] Failed to load config from "/Users/vishseen/Developer/projects/nxt-vish-studio-v1/dataconnect": could not find dataconnect.yaml in `/Users/vishseen/Developer/projects/nxt-vish-studio-v1/dataconnect`
 {"metadata":{"emulator":{"name":"dataconnect"},"message":"E0708 04:50:21.199840    2600 watch.go:40] Failed to load config from \"/Users/vishseen/Developer/projects/nxt-vish-studio-v1/dataconnect\": could not find dataconnect.yaml in `/Users/vishseen/Developer/projects/nxt-vish-studio-v1/dataconnect`\n"}}
[debug] [2026-07-08T00:50:31.199Z] E0708 04:50:31.199424    2600 watch.go:40] Failed to load config from "/Users/vishseen/Developer/projects/nxt-vish-studio-v1/dataconnect": could not find dataconnect.yaml in `/Users/vishseen/Developer/projects/nxt-vish-studio-v1/dataconnect`
 {"metadata":{"emulator":{"name":"dataconnect"},"message":"E0708 04:50:31.199424    2600 watch.go:40] Failed to load config from \"/Users/vishseen/Developer/projects/nxt-vish-studio-v1/dataconnect\": could not find dataconnect.yaml in `/Users/vishseen/Developer/projects/nxt-vish-studio-v1/dataconnect`\n"}}
[debug] [2026-07-08T00:50:41.200Z] E0708 04:50:41.199902    2600 watch.go:40] Failed to load config from "/Users/vishseen/Developer/projects/nxt-vish-studio-v1/dataconnect": could not find dataconnect.yaml in `/Users/vishseen/Developer/projects/nxt-vish-studio-v1/dataconnect`
 {"metadata":{"emulator":{"name":"dataconnect"},"message":"E0708 04:50:41.199902    2600 watch.go:40] Failed to load config from \"/Users/vishseen/Developer/projects/nxt-vish-studio-v1/dataconnect\": could not find dataconnect.yaml in `/Users/vishseen/Developer/projects/nxt-vish-studio-v1/dataconnect`\n"}}
[debug] [2026-07-08T00:50:51.200Z] E0708 04:50:51.199934    2600 watch.go:40] Failed to load config from "/Users/vishseen/Developer/projects/nxt-vish-studio-v1/dataconnect": could not find dataconnect.yaml in `/Users/vishseen/Developer/projects/nxt-vish-studio-v1/dataconnect`
 {"metadata":{"emulator":{"name":"dataconnect"},"message":"E0708 04:50:51.199934    2600 watch.go:40] Failed to load config from \"/Users/vishseen/Developer/projects/nxt-vish-studio-v1/dataconnect\": could not find dataconnect.yaml in `/Users/vishseen/Developer/projects/nxt-vish-studio-v1/dataconnect`\n"}}
[debug] [2026-07-08T00:51:01.200Z] E0708 04:51:01.199987    2600 watch.go:40] Failed to load config from "/Users/vishseen/Developer/projects/nxt-vish-studio-v1/dataconnect": could not find dataconnect.yaml in `/Users/vishseen/Developer/projects/nxt-vish-studio-v1/dataconnect`
 {"metadata":{"emulator":{"name":"dataconnect"},"message":"E0708 04:51:01.199987    2600 watch.go:40] Failed to load config from \"/Users/vishseen/Developer/projects/nxt-vish-studio-v1/dataconnect\": could not find dataconnect.yaml in `/Users/vishseen/Developer/projects/nxt-vish-studio-v1/dataconnect`\n"}}
[debug] [2026-07-08T00:51:01.202Z] E0708 04:51:01.199949    2600 watch.go:116] watchAllDir unable to walk dir `/Users/vishseen/Developer/projects/nxt-vish-studio-v1/dataconnect`: lstat /Users/vishseen/Developer/projects/nxt-vish-studio-v1/dataconnect: no such file or directory
 {"metadata":{"emulator":{"name":"dataconnect"},"message":"E0708 04:51:01.199949    2600 watch.go:116] watchAllDir unable to walk dir `/Users/vishseen/Developer/projects/nxt-vish-studio-v1/dataconnect`: lstat /Users/vishseen/Developer/projects/nxt-vish-studio-v1/dataconnect: no such file or directory\n"}}
[debug] [2026-07-08T00:51:11.200Z] E0708 04:51:11.200227    2600 watch.go:40] Failed to load config from "/Users/vishseen/Developer/projects/nxt-vish-studio-v1/dataconnect": could not find dataconnect.yaml in `/Users/vishseen/Developer/projects/nxt-vish-studio-v1/dataconnect`
 {"metadata":{"emulator":{"name":"dataconnect"},"message":"E0708 04:51:11.200227    2600 watch.go:40] Failed to load config from \"/Users/vishseen/Developer/projects/nxt-vish-studio-v1/dataconnect\": could not find dataconnect.yaml in `/Users/vishseen/Developer/projects/nxt-vish-studio-v1/dataconnect`\n"}}
[debug] [2026-07-08T00:51:21.200Z] E0708 04:51:21.200180    2600 watch.go:40] Failed to load config from "/Users/vishseen/Developer/projects/nxt-vish-studio-v1/dataconnect": could not find dataconnect.yaml in `/Users/vishseen/Developer/projects/nxt-vish-studio-v1/dataconnect`
 {"metadata":{"emulator":{"name":"dataconnect"},"message":"E0708 04:51:21.200180    2600 watch.go:40] Failed to load config from \"/Users/vishseen/Developer/projects/nxt-vish-studio-v1/dataconnect\": could not find dataconnect.yaml in `/Users/vishseen/Developer/projects/nxt-vish-studio-v1/dataconnect`\n"}}
[debug] [2026-07-08T00:51:31.200Z] E0708 04:51:31.199638    2600 watch.go:40] Failed to load config from "/Users/vishseen/Developer/projects/nxt-vish-studio-v1/dataconnect": could not find dataconnect.yaml in `/Users/vishseen/Developer/projects/nxt-vish-studio-v1/dataconnect`
 {"metadata":{"emulator":{"name":"dataconnect"},"message":"E0708 04:51:31.199638    2600 watch.go:40] Failed to load config from \"/Users/vishseen/Developer/projects/nxt-vish-studio-v1/dataconnect\": could not find dataconnect.yaml in `/Users/vishseen/Developer/projects/nxt-vish-studio-v1/dataconnect`\n"}}
[debug] [2026-07-08T00:51:41.200Z] E0708 04:51:41.200269    2600 watch.go:40] Failed to load config from "/Users/vishseen/Developer/projects/nxt-vish-studio-v1/dataconnect": could not find dataconnect.yaml in `/Users/vishseen/Developer/projects/nxt-vish-studio-v1/dataconnect`
 {"metadata":{"emulator":{"name":"dataconnect"},"message":"E0708 04:51:41.200269    2600 watch.go:40] Failed to load config from \"/Users/vishseen/Developer/projects/nxt-vish-studio-v1/dataconnect\": could not find dataconnect.yaml in `/Users/vishseen/Developer/projects/nxt-vish-studio-v1/dataconnect`\n"}}
[debug] [2026-07-08T00:51:51.200Z] E0708 04:51:51.200112    2600 watch.go:40] Failed to load config from "/Users/vishseen/Developer/projects/nxt-vish-studio-v1/dataconnect": could not find dataconnect.yaml in `/Users/vishseen/Developer/projects/nxt-vish-studio-v1/dataconnect`
 {"metadata":{"emulator":{"name":"dataconnect"},"message":"E0708 04:51:51.200112    2600 watch.go:40] Failed to load config from \"/Users/vishseen/Developer/projects/nxt-vish-studio-v1/dataconnect\": could not find dataconnect.yaml in `/Users/vishseen/Developer/projects/nxt-vish-studio-v1/dataconnect`\n"}}
[debug] [2026-07-08T00:52:01.200Z] E0708 04:52:01.200362    2600 watch.go:40] Failed to load config from "/Users/vishseen/Developer/projects/nxt-vish-studio-v1/dataconnect": could not find dataconnect.yaml in `/Users/vishseen/Developer/projects/nxt-vish-studio-v1/dataconnect`
E0708 04:52:01.200354    2600 watch.go:116] watchAllDir unable to walk dir `/Users/vishseen/Developer/projects/nxt-vish-studio-v1/dataconnect`: lstat /Users/vishseen/Developer/projects/nxt-vish-studio-v1/dataconnect: no such file or directory
 {"metadata":{"emulator":{"name":"dataconnect"},"message":"E0708 04:52:01.200362    2600 watch.go:40] Failed to load config from \"/Users/vishseen/Developer/projects/nxt-vish-studio-v1/dataconnect\": could not find dataconnect.yaml in `/Users/vishseen/Developer/projects/nxt-vish-studio-v1/dataconnect`\nE0708 04:52:01.200354    2600 watch.go:116] watchAllDir unable to walk dir `/Users/vishseen/Developer/projects/nxt-vish-studio-v1/dataconnect`: lstat /Users/vishseen/Developer/projects/nxt-vish-studio-v1/dataconnect: no such file or directory\n"}}
[debug] [2026-07-08T00:52:11.200Z] E0708 04:52:11.199969    2600 watch.go:40] Failed to load config from "/Users/vishseen/Developer/projects/nxt-vish-studio-v1/dataconnect": could not find dataconnect.yaml in `/Users/vishseen/Developer/projects/nxt-vish-studio-v1/dataconnect`
 {"metadata":{"emulator":{"name":"dataconnect"},"message":"E0708 04:52:11.199969    2600 watch.go:40] Failed to load config from \"/Users/vishseen/Developer/projects/nxt-vish-studio-v1/dataconnect\": could not find dataconnect.yaml in `/Users/vishseen/Developer/projects/nxt-vish-studio-v1/dataconnect`\n"}}
[debug] [2026-07-08T00:52:21.200Z] E0708 04:52:21.200577    2600 watch.go:40] Failed to load config from "/Users/vishseen/Developer/projects/nxt-vish-studio-v1/dataconnect": could not find dataconnect.yaml in `/Users/vishseen/Developer/projects/nxt-vish-studio-v1/dataconnect`
 {"metadata":{"emulator":{"name":"dataconnect"},"message":"E0708 04:52:21.200577    2600 watch.go:40] Failed to load config from \"/Users/vishseen/Developer/projects/nxt-vish-studio-v1/dataconnect\": could not find dataconnect.yaml in `/Users/vishseen/Developer/projects/nxt-vish-studio-v1/dataconnect`\n"}}
[debug] [2026-07-08T00:52:31.200Z] E0708 04:52:31.200107    2600 watch.go:40] Failed to load config from "/Users/vishseen/Developer/projects/nxt-vish-studio-v1/dataconnect": could not find dataconnect.yaml in `/Users/vishseen/Developer/projects/nxt-vish-studio-v1/dataconnect`
 {"metadata":{"emulator":{"name":"dataconnect"},"message":"E0708 04:52:31.200107    2600 watch.go:40] Failed to load config from \"/Users/vishseen/Developer/projects/nxt-vish-studio-v1/dataconnect\": could not find dataconnect.yaml in `/Users/vishseen/Developer/projects/nxt-vish-studio-v1/dataconnect`\n"}}
[debug] [2026-07-08T00:52:41.200Z] E0708 04:52:41.200662    2600 watch.go:40] Failed to load config from "/Users/vishseen/Developer/projects/nxt-vish-studio-v1/dataconnect": could not find dataconnect.yaml in `/Users/vishseen/Developer/projects/nxt-vish-studio-v1/dataconnect`
 {"metadata":{"emulator":{"name":"dataconnect"},"message":"E0708 04:52:41.200662    2600 watch.go:40] Failed to load config from \"/Users/vishseen/Developer/projects/nxt-vish-studio-v1/dataconnect\": could not find dataconnect.yaml in `/Users/vishseen/Developer/projects/nxt-vish-studio-v1/dataconnect`\n"}}
[debug] [2026-07-08T00:52:51.201Z] E0708 04:52:51.200130    2600 watch.go:40] Failed to load config from "/Users/vishseen/Developer/projects/nxt-vish-studio-v1/dataconnect": could not find dataconnect.yaml in `/Users/vishseen/Developer/projects/nxt-vish-studio-v1/dataconnect`
 {"metadata":{"emulator":{"name":"dataconnect"},"message":"E0708 04:52:51.200130    2600 watch.go:40] Failed to load config from \"/Users/vishseen/Developer/projects/nxt-vish-studio-v1/dataconnect\": could not find dataconnect.yaml in `/Users/vishseen/Developer/projects/nxt-vish-studio-v1/dataconnect`\n"}}
[debug] [2026-07-08T00:53:01.200Z] E0708 04:53:01.200713    2600 watch.go:116] watchAllDir unable to walk dir `/Users/vishseen/Developer/projects/nxt-vish-studio-v1/dataconnect`: lstat /Users/vishseen/Developer/projects/nxt-vish-studio-v1/dataconnect: no such file or directory
E0708 04:53:01.200757    2600 watch.go:40] Failed to load config from "/Users/vishseen/Developer/projects/nxt-vish-studio-v1/dataconnect": could not find dataconnect.yaml in `/Users/vishseen/Developer/projects/nxt-vish-studio-v1/dataconnect`
 {"metadata":{"emulator":{"name":"dataconnect"},"message":"E0708 04:53:01.200713    2600 watch.go:116] watchAllDir unable to walk dir `/Users/vishseen/Developer/projects/nxt-vish-studio-v1/dataconnect`: lstat /Users/vishseen/Developer/projects/nxt-vish-studio-v1/dataconnect: no such file or directory\nE0708 04:53:01.200757    2600 watch.go:40] Failed to load config from \"/Users/vishseen/Developer/projects/nxt-vish-studio-v1/dataconnect\": could not find dataconnect.yaml in `/Users/vishseen/Developer/projects/nxt-vish-studio-v1/dataconnect`\n"}}
[debug] [2026-07-08T00:53:11.200Z] E0708 04:53:11.200103    2600 watch.go:40] Failed to load config from "/Users/vishseen/Developer/projects/nxt-vish-studio-v1/dataconnect": could not find dataconnect.yaml in `/Users/vishseen/Developer/projects/nxt-vish-studio-v1/dataconnect`
 {"metadata":{"emulator":{"name":"dataconnect"},"message":"E0708 04:53:11.200103    2600 watch.go:40] Failed to load config from \"/Users/vishseen/Developer/projects/nxt-vish-studio-v1/dataconnect\": could not find dataconnect.yaml in `/Users/vishseen/Developer/projects/nxt-vish-studio-v1/dataconnect`\n"}}
[debug] [2026-07-08T00:53:21.200Z] E0708 04:53:21.200794    2600 watch.go:40] Failed to load config from "/Users/vishseen/Developer/projects/nxt-vish-studio-v1/dataconnect": could not find dataconnect.yaml in `/Users/vishseen/Developer/projects/nxt-vish-studio-v1/dataconnect`
 {"metadata":{"emulator":{"name":"dataconnect"},"message":"E0708 04:53:21.200794    2600 watch.go:40] Failed to load config from \"/Users/vishseen/Developer/projects/nxt-vish-studio-v1/dataconnect\": could not find dataconnect.yaml in `/Users/vishseen/Developer/projects/nxt-vish-studio-v1/dataconnect`\n"}}
[debug] [2026-07-08T00:53:31.200Z] E0708 04:53:31.200708    2600 watch.go:40] Failed to load config from "/Users/vishseen/Developer/projects/nxt-vish-studio-v1/dataconnect": could not find dataconnect.yaml in `/Users/vishseen/Developer/projects/nxt-vish-studio-v1/dataconnect`
 {"metadata":{"emulator":{"name":"dataconnect"},"message":"E0708 04:53:31.200708    2600 watch.go:40] Failed to load config from \"/Users/vishseen/Developer/projects/nxt-vish-studio-v1/dataconnect\": could not find dataconnect.yaml in `/Users/vishseen/Developer/projects/nxt-vish-studio-v1/dataconnect`\n"}}
[debug] [2026-07-08T00:53:41.200Z] E0708 04:53:41.200655    2600 watch.go:40] Failed to load config from "/Users/vishseen/Developer/projects/nxt-vish-studio-v1/dataconnect": could not find dataconnect.yaml in `/Users/vishseen/Developer/projects/nxt-vish-studio-v1/dataconnect`
 {"metadata":{"emulator":{"name":"dataconnect"},"message":"E0708 04:53:41.200655    2600 watch.go:40] Failed to load config from \"/Users/vishseen/Developer/projects/nxt-vish-studio-v1/dataconnect\": could not find dataconnect.yaml in `/Users/vishseen/Developer/projects/nxt-vish-studio-v1/dataconnect`\n"}}
[debug] [2026-07-08T00:53:51.201Z] E0708 04:53:51.200844    2600 watch.go:40] Failed to load config from "/Users/vishseen/Developer/projects/nxt-vish-studio-v1/dataconnect": could not find dataconnect.yaml in `/Users/vishseen/Developer/projects/nxt-vish-studio-v1/dataconnect`
 {"metadata":{"emulator":{"name":"dataconnect"},"message":"E0708 04:53:51.200844    2600 watch.go:40] Failed to load config from \"/Users/vishseen/Developer/projects/nxt-vish-studio-v1/dataconnect\": could not find dataconnect.yaml in `/Users/vishseen/Developer/projects/nxt-vish-studio-v1/dataconnect`\n"}}
[debug] [2026-07-08T00:54:01.201Z] E0708 04:54:01.201175    2600 watch.go:40] Failed to load config from "/Users/vishseen/Developer/projects/nxt-vish-studio-v1/dataconnect": could not find dataconnect.yaml in `/Users/vishseen/Developer/projects/nxt-vish-studio-v1/dataconnect`
E0708 04:54:01.201136    2600 watch.go:116] watchAllDir unable to walk dir `/Users/vishseen/Developer/projects/nxt-vish-studio-v1/dataconnect`: lstat /Users/vishseen/Developer/projects/nxt-vish-studio-v1/dataconnect: no such file or directory
 {"metadata":{"emulator":{"name":"dataconnect"},"message":"E0708 04:54:01.201175    2600 watch.go:40] Failed to load config from \"/Users/vishseen/Developer/projects/nxt-vish-studio-v1/dataconnect\": could not find dataconnect.yaml in `/Users/vishseen/Developer/projects/nxt-vish-studio-v1/dataconnect`\nE0708 04:54:01.201136    2600 watch.go:116] watchAllDir unable to walk dir `/Users/vishseen/Developer/projects/nxt-vish-studio-v1/dataconnect`: lstat /Users/vishseen/Developer/projects/nxt-vish-studio-v1/dataconnect: no such file or directory\n"}}
[debug] [2026-07-08T00:54:11.201Z] E0708 04:54:11.200855    2600 watch.go:40] Failed to load config from "/Users/vishseen/Developer/projects/nxt-vish-studio-v1/dataconnect": could not find dataconnect.yaml in `/Users/vishseen/Developer/projects/nxt-vish-studio-v1/dataconnect`
 {"metadata":{"emulator":{"name":"dataconnect"},"message":"E0708 04:54:11.200855    2600 watch.go:40] Failed to load config from \"/Users/vishseen/Developer/projects/nxt-vish-studio-v1/dataconnect\": could not find dataconnect.yaml in `/Users/vishseen/Developer/projects/nxt-vish-studio-v1/dataconnect`\n"}}
[debug] [2026-07-08T00:54:21.201Z] E0708 04:54:21.201233    2600 watch.go:40] Failed to load config from "/Users/vishseen/Developer/projects/nxt-vish-studio-v1/dataconnect": could not find dataconnect.yaml in `/Users/vishseen/Developer/projects/nxt-vish-studio-v1/dataconnect`
 {"metadata":{"emulator":{"name":"dataconnect"},"message":"E0708 04:54:21.201233    2600 watch.go:40] Failed to load config from \"/Users/vishseen/Developer/projects/nxt-vish-studio-v1/dataconnect\": could not find dataconnect.yaml in `/Users/vishseen/Developer/projects/nxt-vish-studio-v1/dataconnect`\n"}}
[debug] [2026-07-08T00:54:31.201Z] E0708 04:54:31.201329    2600 watch.go:40] Failed to load config from "/Users/vishseen/Developer/projects/nxt-vish-studio-v1/dataconnect": could not find dataconnect.yaml in `/Users/vishseen/Developer/projects/nxt-vish-studio-v1/dataconnect`
 {"metadata":{"emulator":{"name":"dataconnect"},"message":"E0708 04:54:31.201329    2600 watch.go:40] Failed to load config from \"/Users/vishseen/Developer/projects/nxt-vish-studio-v1/dataconnect\": could not find dataconnect.yaml in `/Users/vishseen/Developer/projects/nxt-vish-studio-v1/dataconnect`\n"}}
[debug] [2026-07-08T00:54:41.201Z] E0708 04:54:41.201384    2600 watch.go:40] Failed to load config from "/Users/vishseen/Developer/projects/nxt-vish-studio-v1/dataconnect": could not find dataconnect.yaml in `/Users/vishseen/Developer/projects/nxt-vish-studio-v1/dataconnect`
 {"metadata":{"emulator":{"name":"dataconnect"},"message":"E0708 04:54:41.201384    2600 watch.go:40] Failed to load config from \"/Users/vishseen/Developer/projects/nxt-vish-studio-v1/dataconnect\": could not find dataconnect.yaml in `/Users/vishseen/Developer/projects/nxt-vish-studio-v1/dataconnect`\n"}}
[debug] [2026-07-08T00:54:51.201Z] E0708 04:54:51.201455    2600 watch.go:40] Failed to load config from "/Users/vishseen/Developer/projects/nxt-vish-studio-v1/dataconnect": could not find dataconnect.yaml in `/Users/vishseen/Developer/projects/nxt-vish-studio-v1/dataconnect`
 {"metadata":{"emulator":{"name":"dataconnect"},"message":"E0708 04:54:51.201455    2600 watch.go:40] Failed to load config from \"/Users/vishseen/Developer/projects/nxt-vish-studio-v1/dataconnect\": could not find dataconnect.yaml in `/Users/vishseen/Developer/projects/nxt-vish-studio-v1/dataconnect`\n"}}
[debug] [2026-07-08T00:55:01.201Z] E0708 04:55:01.201538    2600 watch.go:116] watchAllDir unable to walk dir `/Users/vishseen/Developer/projects/nxt-vish-studio-v1/dataconnect`: lstat /Users/vishseen/Developer/projects/nxt-vish-studio-v1/dataconnect: no such file or directory
E0708 04:55:01.201633    2600 watch.go:40] Failed to load config from "/Users/vishseen/Developer/projects/nxt-vish-studio-v1/dataconnect": could not find dataconnect.yaml in `/Users/vishseen/Developer/projects/nxt-vish-studio-v1/dataconnect`
 {"metadata":{"emulator":{"name":"dataconnect"},"message":"E0708 04:55:01.201538    2600 watch.go:116] watchAllDir unable to walk dir `/Users/vishseen/Developer/projects/nxt-vish-studio-v1/dataconnect`: lstat /Users/vishseen/Developer/projects/nxt-vish-studio-v1/dataconnect: no such file or directory\nE0708 04:55:01.201633    2600 watch.go:40] Failed to load config from \"/Users/vishseen/Developer/projects/nxt-vish-studio-v1/dataconnect\": could not find dataconnect.yaml in `/Users/vishseen/Developer/projects/nxt-vish-studio-v1/dataconnect`\n"}}
[debug] [2026-07-08T00:55:11.201Z] E0708 04:55:11.201650    2600 watch.go:40] Failed to load config from "/Users/vishseen/Developer/projects/nxt-vish-studio-v1/dataconnect": could not find dataconnect.yaml in `/Users/vishseen/Developer/projects/nxt-vish-studio-v1/dataconnect`
 {"metadata":{"emulator":{"name":"dataconnect"},"message":"E0708 04:55:11.201650    2600 watch.go:40] Failed to load config from \"/Users/vishseen/Developer/projects/nxt-vish-studio-v1/dataconnect\": could not find dataconnect.yaml in `/Users/vishseen/Developer/projects/nxt-vish-studio-v1/dataconnect`\n"}}
[debug] [2026-07-08T00:55:21.202Z] E0708 04:55:21.201750    2600 watch.go:40] Failed to load config from "/Users/vishseen/Developer/projects/nxt-vish-studio-v1/dataconnect": could not find dataconnect.yaml in `/Users/vishseen/Developer/projects/nxt-vish-studio-v1/dataconnect`
 {"metadata":{"emulator":{"name":"dataconnect"},"message":"E0708 04:55:21.201750    2600 watch.go:40] Failed to load config from \"/Users/vishseen/Developer/projects/nxt-vish-studio-v1/dataconnect\": could not find dataconnect.yaml in `/Users/vishseen/Developer/projects/nxt-vish-studio-v1/dataconnect`\n"}}
[debug] [2026-07-08T00:55:31.201Z] E0708 04:55:31.201743    2600 watch.go:40] Failed to load config from "/Users/vishseen/Developer/projects/nxt-vish-studio-v1/dataconnect": could not find dataconnect.yaml in `/Users/vishseen/Developer/projects/nxt-vish-studio-v1/dataconnect`
 {"metadata":{"emulator":{"name":"dataconnect"},"message":"E0708 04:55:31.201743    2600 watch.go:40] Failed to load config from \"/Users/vishseen/Developer/projects/nxt-vish-studio-v1/dataconnect\": could not find dataconnect.yaml in `/Users/vishseen/Developer/projects/nxt-vish-studio-v1/dataconnect`\n"}}
[debug] [2026-07-08T00:55:41.212Z] E0708 04:55:41.211980    2600 watch.go:40] Failed to load config from "/Users/vishseen/Developer/projects/nxt-vish-studio-v1/dataconnect": could not find dataconnect.yaml in `/Users/vishseen/Developer/projects/nxt-vish-studio-v1/dataconnect`
 {"metadata":{"emulator":{"name":"dataconnect"},"message":"E0708 04:55:41.211980    2600 watch.go:40] Failed to load config from \"/Users/vishseen/Developer/projects/nxt-vish-studio-v1/dataconnect\": could not find dataconnect.yaml in `/Users/vishseen/Developer/projects/nxt-vish-studio-v1/dataconnect`\n"}}
[debug] [2026-07-08T00:55:51.216Z] E0708 04:55:51.216723    2600 watch.go:40] Failed to load config from "/Users/vishseen/Developer/projects/nxt-vish-studio-v1/dataconnect": could not find dataconnect.yaml in `/Users/vishseen/Developer/projects/nxt-vish-studio-v1/dataconnect`
 {"metadata":{"emulator":{"name":"dataconnect"},"message":"E0708 04:55:51.216723    2600 watch.go:40] Failed to load config from \"/Users/vishseen/Developer/projects/nxt-vish-studio-v1/dataconnect\": could not find dataconnect.yaml in `/Users/vishseen/Developer/projects/nxt-vish-studio-v1/dataconnect`\n"}}
[debug] [2026-07-08T00:56:01.221Z] E0708 04:56:01.220667    2600 watch.go:116] watchAllDir unable to walk dir `/Users/vishseen/Developer/projects/nxt-vish-studio-v1/dataconnect`: lstat /Users/vishseen/Developer/projects/nxt-vish-studio-v1/dataconnect: no such file or directory
E0708 04:56:01.220818    2600 watch.go:40] Failed to load config from "/Users/vishseen/Developer/projects/nxt-vish-studio-v1/dataconnect": could not find dataconnect.yaml in `/Users/vishseen/Developer/projects/nxt-vish-studio-v1/dataconnect`
 {"metadata":{"emulator":{"name":"dataconnect"},"message":"E0708 04:56:01.220667    2600 watch.go:116] watchAllDir unable to walk dir `/Users/vishseen/Developer/projects/nxt-vish-studio-v1/dataconnect`: lstat /Users/vishseen/Developer/projects/nxt-vish-studio-v1/dataconnect: no such file or directory\nE0708 04:56:01.220818    2600 watch.go:40] Failed to load config from \"/Users/vishseen/Developer/projects/nxt-vish-studio-v1/dataconnect\": could not find dataconnect.yaml in `/Users/vishseen/Developer/projects/nxt-vish-studio-v1/dataconnect`\n"}}
[debug] [2026-07-08T00:56:11.222Z] E0708 04:56:11.222343    2600 watch.go:40] Failed to load config from "/Users/vishseen/Developer/projects/nxt-vish-studio-v1/dataconnect": could not find dataconnect.yaml in `/Users/vishseen/Developer/projects/nxt-vish-studio-v1/dataconnect`
 {"metadata":{"emulator":{"name":"dataconnect"},"message":"E0708 04:56:11.222343    2600 watch.go:40] Failed to load config from \"/Users/vishseen/Developer/projects/nxt-vish-studio-v1/dataconnect\": could not find dataconnect.yaml in `/Users/vishseen/Developer/projects/nxt-vish-studio-v1/dataconnect`\n"}}
[debug] [2026-07-08T00:56:21.223Z] E0708 04:56:21.223075    2600 watch.go:40] Failed to load config from "/Users/vishseen/Developer/projects/nxt-vish-studio-v1/dataconnect": could not find dataconnect.yaml in `/Users/vishseen/Developer/projects/nxt-vish-studio-v1/dataconnect`
 {"metadata":{"emulator":{"name":"dataconnect"},"message":"E0708 04:56:21.223075    2600 watch.go:40] Failed to load config from \"/Users/vishseen/Developer/projects/nxt-vish-studio-v1/dataconnect\": could not find dataconnect.yaml in `/Users/vishseen/Developer/projects/nxt-vish-studio-v1/dataconnect`\n"}}
[debug] [2026-07-08T00:56:31.223Z] E0708 04:56:31.223435    2600 watch.go:40] Failed to load config from "/Users/vishseen/Developer/projects/nxt-vish-studio-v1/dataconnect": could not find dataconnect.yaml in `/Users/vishseen/Developer/projects/nxt-vish-studio-v1/dataconnect`
 {"metadata":{"emulator":{"name":"dataconnect"},"message":"E0708 04:56:31.223435    2600 watch.go:40] Failed to load config from \"/Users/vishseen/Developer/projects/nxt-vish-studio-v1/dataconnect\": could not find dataconnect.yaml in `/Users/vishseen/Developer/projects/nxt-vish-studio-v1/dataconnect`\n"}}
[debug] [2026-07-08T00:56:41.224Z] E0708 04:56:41.224082    2600 watch.go:40] Failed to load config from "/Users/vishseen/Developer/projects/nxt-vish-studio-v1/dataconnect": could not find dataconnect.yaml in `/Users/vishseen/Developer/projects/nxt-vish-studio-v1/dataconnect`
 {"metadata":{"emulator":{"name":"dataconnect"},"message":"E0708 04:56:41.224082    2600 watch.go:40] Failed to load config from \"/Users/vishseen/Developer/projects/nxt-vish-studio-v1/dataconnect\": could not find dataconnect.yaml in `/Users/vishseen/Developer/projects/nxt-vish-studio-v1/dataconnect`\n"}}
[debug] [2026-07-08T00:56:51.224Z] E0708 04:56:51.224263    2600 watch.go:40] Failed to load config from "/Users/vishseen/Developer/projects/nxt-vish-studio-v1/dataconnect": could not find dataconnect.yaml in `/Users/vishseen/Developer/projects/nxt-vish-studio-v1/dataconnect`
 {"metadata":{"emulator":{"name":"dataconnect"},"message":"E0708 04:56:51.224263    2600 watch.go:40] Failed to load config from \"/Users/vishseen/Developer/projects/nxt-vish-studio-v1/dataconnect\": could not find dataconnect.yaml in `/Users/vishseen/Developer/projects/nxt-vish-studio-v1/dataconnect`\n"}}
[debug] [2026-07-08T00:57:01.223Z] E0708 04:57:01.223667    2600 watch.go:40] Failed to load config from "/Users/vishseen/Developer/projects/nxt-vish-studio-v1/dataconnect": could not find dataconnect.yaml in `/Users/vishseen/Developer/projects/nxt-vish-studio-v1/dataconnect`
 {"metadata":{"emulator":{"name":"dataconnect"},"message":"E0708 04:57:01.223667    2600 watch.go:40] Failed to load config from \"/Users/vishseen/Developer/projects/nxt-vish-studio-v1/dataconnect\": could not find dataconnect.yaml in `/Users/vishseen/Developer/projects/nxt-vish-studio-v1/dataconnect`\n"}}
[debug] [2026-07-08T00:57:01.225Z] E0708 04:57:01.223640    2600 watch.go:116] watchAllDir unable to walk dir `/Users/vishseen/Developer/projects/nxt-vish-studio-v1/dataconnect`: lstat /Users/vishseen/Developer/projects/nxt-vish-studio-v1/dataconnect: no such file or directory
 {"metadata":{"emulator":{"name":"dataconnect"},"message":"E0708 04:57:01.223640    2600 watch.go:116] watchAllDir unable to walk dir `/Users/vishseen/Developer/projects/nxt-vish-studio-v1/dataconnect`: lstat /Users/vishseen/Developer/projects/nxt-vish-studio-v1/dataconnect: no such file or directory\n"}}
[debug] [2026-07-08T00:57:11.225Z] E0708 04:57:11.224714    2600 watch.go:40] Failed to load config from "/Users/vishseen/Developer/projects/nxt-vish-studio-v1/dataconnect": could not find dataconnect.yaml in `/Users/vishseen/Developer/projects/nxt-vish-studio-v1/dataconnect`
 {"metadata":{"emulator":{"name":"dataconnect"},"message":"E0708 04:57:11.224714    2600 watch.go:40] Failed to load config from \"/Users/vishseen/Developer/projects/nxt-vish-studio-v1/dataconnect\": could not find dataconnect.yaml in `/Users/vishseen/Developer/projects/nxt-vish-studio-v1/dataconnect`\n"}}
[debug] [2026-07-08T00:57:21.225Z] E0708 04:57:21.224703    2600 watch.go:40] Failed to load config from "/Users/vishseen/Developer/projects/nxt-vish-studio-v1/dataconnect": could not find dataconnect.yaml in `/Users/vishseen/Developer/projects/nxt-vish-studio-v1/dataconnect`
 {"metadata":{"emulator":{"name":"dataconnect"},"message":"E0708 04:57:21.224703    2600 watch.go:40] Failed to load config from \"/Users/vishseen/Developer/projects/nxt-vish-studio-v1/dataconnect\": could not find dataconnect.yaml in `/Users/vishseen/Developer/projects/nxt-vish-studio-v1/dataconnect`\n"}}
[debug] [2026-07-08T00:57:31.225Z] E0708 04:57:31.224777    2600 watch.go:40] Failed to load config from "/Users/vishseen/Developer/projects/nxt-vish-studio-v1/dataconnect": could not find dataconnect.yaml in `/Users/vishseen/Developer/projects/nxt-vish-studio-v1/dataconnect`
 {"metadata":{"emulator":{"name":"dataconnect"},"message":"E0708 04:57:31.224777    2600 watch.go:40] Failed to load config from \"/Users/vishseen/Developer/projects/nxt-vish-studio-v1/dataconnect\": could not find dataconnect.yaml in `/Users/vishseen/Developer/projects/nxt-vish-studio-v1/dataconnect`\n"}}
[debug] [2026-07-08T00:57:41.226Z] E0708 04:57:41.226031    2600 watch.go:40] Failed to load config from "/Users/vishseen/Developer/projects/nxt-vish-studio-v1/dataconnect": could not find dataconnect.yaml in `/Users/vishseen/Developer/projects/nxt-vish-studio-v1/dataconnect`
 {"metadata":{"emulator":{"name":"dataconnect"},"message":"E0708 04:57:41.226031    2600 watch.go:40] Failed to load config from \"/Users/vishseen/Developer/projects/nxt-vish-studio-v1/dataconnect\": could not find dataconnect.yaml in `/Users/vishseen/Developer/projects/nxt-vish-studio-v1/dataconnect`\n"}}
[debug] [2026-07-08T00:57:51.225Z] E0708 04:57:51.225119    2600 watch.go:40] Failed to load config from "/Users/vishseen/Developer/projects/nxt-vish-studio-v1/dataconnect": could not find dataconnect.yaml in `/Users/vishseen/Developer/projects/nxt-vish-studio-v1/dataconnect`
 {"metadata":{"emulator":{"name":"dataconnect"},"message":"E0708 04:57:51.225119    2600 watch.go:40] Failed to load config from \"/Users/vishseen/Developer/projects/nxt-vish-studio-v1/dataconnect\": could not find dataconnect.yaml in `/Users/vishseen/Developer/projects/nxt-vish-studio-v1/dataconnect`\n"}}
[debug] [2026-07-08T00:58:01.225Z] E0708 04:58:01.225029    2600 watch.go:116] watchAllDir unable to walk dir `/Users/vishseen/Developer/projects/nxt-vish-studio-v1/dataconnect`: lstat /Users/vishseen/Developer/projects/nxt-vish-studio-v1/dataconnect: no such file or directory
E0708 04:58:01.225084    2600 watch.go:40] Failed to load config from "/Users/vishseen/Developer/projects/nxt-vish-studio-v1/dataconnect": could not find dataconnect.yaml in `/Users/vishseen/Developer/projects/nxt-vish-studio-v1/dataconnect`
 {"metadata":{"emulator":{"name":"dataconnect"},"message":"E0708 04:58:01.225029    2600 watch.go:116] watchAllDir unable to walk dir `/Users/vishseen/Developer/projects/nxt-vish-studio-v1/dataconnect`: lstat /Users/vishseen/Developer/projects/nxt-vish-studio-v1/dataconnect: no such file or directory\nE0708 04:58:01.225084    2600 watch.go:40] Failed to load config from \"/Users/vishseen/Developer/projects/nxt-vish-studio-v1/dataconnect\": could not find dataconnect.yaml in `/Users/vishseen/Developer/projects/nxt-vish-studio-v1/dataconnect`\n"}}
[debug] [2026-07-08T00:58:11.225Z] E0708 04:58:11.224933    2600 watch.go:40] Failed to load config from "/Users/vishseen/Developer/projects/nxt-vish-studio-v1/dataconnect": could not find dataconnect.yaml in `/Users/vishseen/Developer/projects/nxt-vish-studio-v1/dataconnect`
 {"metadata":{"emulator":{"name":"dataconnect"},"message":"E0708 04:58:11.224933    2600 watch.go:40] Failed to load config from \"/Users/vishseen/Developer/projects/nxt-vish-studio-v1/dataconnect\": could not find dataconnect.yaml in `/Users/vishseen/Developer/projects/nxt-vish-studio-v1/dataconnect`\n"}}
[debug] [2026-07-08T00:58:21.225Z] E0708 04:58:21.225382    2600 watch.go:40] Failed to load config from "/Users/vishseen/Developer/projects/nxt-vish-studio-v1/dataconnect": could not find dataconnect.yaml in `/Users/vishseen/Developer/projects/nxt-vish-studio-v1/dataconnect`
 {"metadata":{"emulator":{"name":"dataconnect"},"message":"E0708 04:58:21.225382    2600 watch.go:40] Failed to load config from \"/Users/vishseen/Developer/projects/nxt-vish-studio-v1/dataconnect\": could not find dataconnect.yaml in `/Users/vishseen/Developer/projects/nxt-vish-studio-v1/dataconnect`\n"}}
[debug] [2026-07-08T00:58:31.227Z] E0708 04:58:31.226908    2600 watch.go:40] Failed to load config from "/Users/vishseen/Developer/projects/nxt-vish-studio-v1/dataconnect": could not find dataconnect.yaml in `/Users/vishseen/Developer/projects/nxt-vish-studio-v1/dataconnect`
 {"metadata":{"emulator":{"name":"dataconnect"},"message":"E0708 04:58:31.226908    2600 watch.go:40] Failed to load config from \"/Users/vishseen/Developer/projects/nxt-vish-studio-v1/dataconnect\": could not find dataconnect.yaml in `/Users/vishseen/Developer/projects/nxt-vish-studio-v1/dataconnect`\n"}}
[debug] [2026-07-08T00:58:41.225Z] E0708 04:58:41.225516    2600 watch.go:40] Failed to load config from "/Users/vishseen/Developer/projects/nxt-vish-studio-v1/dataconnect": could not find dataconnect.yaml in `/Users/vishseen/Developer/projects/nxt-vish-studio-v1/dataconnect`
 {"metadata":{"emulator":{"name":"dataconnect"},"message":"E0708 04:58:41.225516    2600 watch.go:40] Failed to load config from \"/Users/vishseen/Developer/projects/nxt-vish-studio-v1/dataconnect\": could not find dataconnect.yaml in `/Users/vishseen/Developer/projects/nxt-vish-studio-v1/dataconnect`\n"}}
[debug] [2026-07-08T00:58:51.226Z] E0708 04:58:51.225667    2600 watch.go:40] Failed to load config from "/Users/vishseen/Developer/projects/nxt-vish-studio-v1/dataconnect": could not find dataconnect.yaml in `/Users/vishseen/Developer/projects/nxt-vish-studio-v1/dataconnect`
 {"metadata":{"emulator":{"name":"dataconnect"},"message":"E0708 04:58:51.225667    2600 watch.go:40] Failed to load config from \"/Users/vishseen/Developer/projects/nxt-vish-studio-v1/dataconnect\": could not find dataconnect.yaml in `/Users/vishseen/Developer/projects/nxt-vish-studio-v1/dataconnect`\n"}}
[debug] [2026-07-08T00:59:01.226Z] E0708 04:59:01.225700    2600 watch.go:40] Failed to load config from "/Users/vishseen/Developer/projects/nxt-vish-studio-v1/dataconnect": could not find dataconnect.yaml in `/Users/vishseen/Developer/projects/nxt-vish-studio-v1/dataconnect`
E0708 04:59:01.225617    2600 watch.go:116] watchAllDir unable to walk dir `/Users/vishseen/Developer/projects/nxt-vish-studio-v1/dataconnect`: lstat /Users/vishseen/Developer/projects/nxt-vish-studio-v1/dataconnect: no such file or directory
 {"metadata":{"emulator":{"name":"dataconnect"},"message":"E0708 04:59:01.225700    2600 watch.go:40] Failed to load config from \"/Users/vishseen/Developer/projects/nxt-vish-studio-v1/dataconnect\": could not find dataconnect.yaml in `/Users/vishseen/Developer/projects/nxt-vish-studio-v1/dataconnect`\nE0708 04:59:01.225617    2600 watch.go:116] watchAllDir unable to walk dir `/Users/vishseen/Developer/projects/nxt-vish-studio-v1/dataconnect`: lstat /Users/vishseen/Developer/projects/nxt-vish-studio-v1/dataconnect: no such file or directory\n"}}
[debug] [2026-07-08T00:59:11.225Z] E0708 04:59:11.225398    2600 watch.go:40] Failed to load config from "/Users/vishseen/Developer/projects/nxt-vish-studio-v1/dataconnect": could not find dataconnect.yaml in `/Users/vishseen/Developer/projects/nxt-vish-studio-v1/dataconnect`
 {"metadata":{"emulator":{"name":"dataconnect"},"message":"E0708 04:59:11.225398    2600 watch.go:40] Failed to load config from \"/Users/vishseen/Developer/projects/nxt-vish-studio-v1/dataconnect\": could not find dataconnect.yaml in `/Users/vishseen/Developer/projects/nxt-vish-studio-v1/dataconnect`\n"}}
[debug] [2026-07-08T00:59:21.226Z] E0708 04:59:21.225953    2600 watch.go:40] Failed to load config from "/Users/vishseen/Developer/projects/nxt-vish-studio-v1/dataconnect": could not find dataconnect.yaml in `/Users/vishseen/Developer/projects/nxt-vish-studio-v1/dataconnect`
 {"metadata":{"emulator":{"name":"dataconnect"},"message":"E0708 04:59:21.225953    2600 watch.go:40] Failed to load config from \"/Users/vishseen/Developer/projects/nxt-vish-studio-v1/dataconnect\": could not find dataconnect.yaml in `/Users/vishseen/Developer/projects/nxt-vish-studio-v1/dataconnect`\n"}}
[debug] [2026-07-08T00:59:31.226Z] E0708 04:59:31.225935    2600 watch.go:40] Failed to load config from "/Users/vishseen/Developer/projects/nxt-vish-studio-v1/dataconnect": could not find dataconnect.yaml in `/Users/vishseen/Developer/projects/nxt-vish-studio-v1/dataconnect`
 {"metadata":{"emulator":{"name":"dataconnect"},"message":"E0708 04:59:31.225935    2600 watch.go:40] Failed to load config from \"/Users/vishseen/Developer/projects/nxt-vish-studio-v1/dataconnect\": could not find dataconnect.yaml in `/Users/vishseen/Developer/projects/nxt-vish-studio-v1/dataconnect`\n"}}
[debug] [2026-07-08T00:59:41.226Z] E0708 04:59:41.226110    2600 watch.go:40] Failed to load config from "/Users/vishseen/Developer/projects/nxt-vish-studio-v1/dataconnect": could not find dataconnect.yaml in `/Users/vishseen/Developer/projects/nxt-vish-studio-v1/dataconnect`
 {"metadata":{"emulator":{"name":"dataconnect"},"message":"E0708 04:59:41.226110    2600 watch.go:40] Failed to load config from \"/Users/vishseen/Developer/projects/nxt-vish-studio-v1/dataconnect\": could not find dataconnect.yaml in `/Users/vishseen/Developer/projects/nxt-vish-studio-v1/dataconnect`\n"}}
[debug] [2026-07-08T00:59:51.225Z] E0708 04:59:51.225280    2600 watch.go:40] Failed to load config from "/Users/vishseen/Developer/projects/nxt-vish-studio-v1/dataconnect": could not find dataconnect.yaml in `/Users/vishseen/Developer/projects/nxt-vish-studio-v1/dataconnect`
 {"metadata":{"emulator":{"name":"dataconnect"},"message":"E0708 04:59:51.225280    2600 watch.go:40] Failed to load config from \"/Users/vishseen/Developer/projects/nxt-vish-studio-v1/dataconnect\": could not find dataconnect.yaml in `/Users/vishseen/Developer/projects/nxt-vish-studio-v1/dataconnect`\n"}}
[debug] [2026-07-08T01:00:01.226Z] E0708 05:00:01.226237    2600 watch.go:116] watchAllDir unable to walk dir `/Users/vishseen/Developer/projects/nxt-vish-studio-v1/dataconnect`: lstat /Users/vishseen/Developer/projects/nxt-vish-studio-v1/dataconnect: no such file or directory
E0708 05:00:01.226303    2600 watch.go:40] Failed to load config from "/Users/vishseen/Developer/projects/nxt-vish-studio-v1/dataconnect": could not find dataconnect.yaml in `/Users/vishseen/Developer/projects/nxt-vish-studio-v1/dataconnect`
 {"metadata":{"emulator":{"name":"dataconnect"},"message":"E0708 05:00:01.226237    2600 watch.go:116] watchAllDir unable to walk dir `/Users/vishseen/Developer/projects/nxt-vish-studio-v1/dataconnect`: lstat /Users/vishseen/Developer/projects/nxt-vish-studio-v1/dataconnect: no such file or directory\nE0708 05:00:01.226303    2600 watch.go:40] Failed to load config from \"/Users/vishseen/Developer/projects/nxt-vish-studio-v1/dataconnect\": could not find dataconnect.yaml in `/Users/vishseen/Developer/projects/nxt-vish-studio-v1/dataconnect`\n"}}
[debug] [2026-07-08T01:00:11.226Z] E0708 05:00:11.226429    2600 watch.go:40] Failed to load config from "/Users/vishseen/Developer/projects/nxt-vish-studio-v1/dataconnect": could not find dataconnect.yaml in `/Users/vishseen/Developer/projects/nxt-vish-studio-v1/dataconnect`
 {"metadata":{"emulator":{"name":"dataconnect"},"message":"E0708 05:00:11.226429    2600 watch.go:40] Failed to load config from \"/Users/vishseen/Developer/projects/nxt-vish-studio-v1/dataconnect\": could not find dataconnect.yaml in `/Users/vishseen/Developer/projects/nxt-vish-studio-v1/dataconnect`\n"}}
[debug] [2026-07-08T01:00:21.226Z] E0708 05:00:21.226537    2600 watch.go:40] Failed to load config from "/Users/vishseen/Developer/projects/nxt-vish-studio-v1/dataconnect": could not find dataconnect.yaml in `/Users/vishseen/Developer/projects/nxt-vish-studio-v1/dataconnect`
 {"metadata":{"emulator":{"name":"dataconnect"},"message":"E0708 05:00:21.226537    2600 watch.go:40] Failed to load config from \"/Users/vishseen/Developer/projects/nxt-vish-studio-v1/dataconnect\": could not find dataconnect.yaml in `/Users/vishseen/Developer/projects/nxt-vish-studio-v1/dataconnect`\n"}}
[info] [Firebase Plugin] Stopping SQL Connect toolkit
[warn] ⚠  SQL Connect Emulator has exited upon receiving signal: SIGINT 
[debug] [2026-07-08T21:32:46.871Z] [Firebase Plugin] Activating Firebase extension.
[info] [Firebase Plugin] Unable to check firebase-tools installation: TypeError: fetch failed
[debug] [2026-07-08T21:32:57.120Z] [Firebase Plugin] requireAuthWrapper
[debug] [2026-07-08T21:32:57.121Z] > command requires scopes: ["email","openid","https://www.googleapis.com/auth/cloudplatformprojects.readonly","https://www.googleapis.com/auth/firebase","https://www.googleapis.com/auth/cloud-platform"]
[debug] [2026-07-08T21:32:57.122Z] > authorizing via signed-in user (vishstudio.ltd@gmail.com)
[debug] [2026-07-08T21:32:57.124Z] Checked if tokens are valid: true, expires at: 1783549946067
[debug] [2026-07-08T21:32:57.125Z] Checked if tokens are valid: true, expires at: 1783549946067
[debug] [2026-07-08T21:32:57.125Z] [Firebase Plugin] User found:  vishstudio.ltd@gmail.com
[info] [Firebase Plugin] (Core:Project) New user detected, fetching projects
[debug] [2026-07-08T21:32:57.125Z] Checked if tokens are valid: true, expires at: 1783549946067
[debug] [2026-07-08T21:32:57.126Z] >>> [apiv2][query] GET https://firebase.googleapis.com/v1beta1/projects pageSize=1000
[debug] [2026-07-08T21:32:57.140Z] [Firebase Plugin] VSCode notification server listening on port 40001
[info] [Firebase Plugin] Starting SQL Connect toolkit (version 3.4.11) on port 50001
[debug] [2026-07-08T21:32:57.547Z] 'fdc build' failed with error: Unable to build your SQL Connect schema and connectors (exit code 1): E0709 01:32:57.545916   21779 cmd.go:43] Error loading data connect config: could not find dataconnect.yaml in `/Users/vishseen/Developer/projects/nxt-vish-studio-v1/dataconnect`
 {"metadata":{"emulator":{"name":"dataconnect"},"message":"'fdc build' failed with error: Unable to build your SQL Connect schema and connectors (exit code 1): E0709 01:32:57.545916   21779 cmd.go:43] Error loading data connect config: could not find dataconnect.yaml in `/Users/vishseen/Developer/projects/nxt-vish-studio-v1/dataconnect`\n"}}
[debug] [2026-07-08T21:32:57.547Z] Ignoring unsupported arg: auto_download {"metadata":{"emulator":{"name":"dataconnect"},"message":"Ignoring unsupported arg: auto_download"}}
[debug] [2026-07-08T21:32:57.547Z] Ignoring unsupported arg: port {"metadata":{"emulator":{"name":"dataconnect"},"message":"Ignoring unsupported arg: port"}}
[debug] [2026-07-08T21:32:57.547Z] Starting SQL Connect Emulator with command {"binary":"/Users/vishseen/.cache/firebase/emulators/dataconnect-emulator-3.4.11","args":["--logtostderr","-v=2","dev","--listen=localhost:50001","--config_dir=/Users/vishseen/Developer/projects/nxt-vish-studio-v1/dataconnect","--enable_output_schema_extensions=true","--enable_output_generated_sdk=true"],"optionalArgs":["listen","config_dir","enable_output_schema_extensions","enable_output_generated_sdk"],"joinArgs":true,"shell":false,"port":9399} {"metadata":{"emulator":{"name":"dataconnect"},"message":"Starting SQL Connect Emulator with command {\"binary\":\"/Users/vishseen/.cache/firebase/emulators/dataconnect-emulator-3.4.11\",\"args\":[\"--logtostderr\",\"-v=2\",\"dev\",\"--listen=localhost:50001\",\"--config_dir=/Users/vishseen/Developer/projects/nxt-vish-studio-v1/dataconnect\",\"--enable_output_schema_extensions=true\",\"--enable_output_generated_sdk=true\"],\"optionalArgs\":[\"listen\",\"config_dir\",\"enable_output_schema_extensions\",\"enable_output_generated_sdk\"],\"joinArgs\":true,\"shell\":false,\"port\":9399}"}}
[info] i  dataconnect: SQL Connect Emulator logging to dataconnect-debug.log {"metadata":{"emulator":{"name":"dataconnect"},"message":"SQL Connect Emulator logging to dataconnect-debug.log"}}
[debug] [2026-07-08T21:32:57.658Z] E0709 01:32:57.563546   21780 dev.go:83] Failed to load initial config from "/Users/vishseen/Developer/projects/nxt-vish-studio-v1/dataconnect": could not find dataconnect.yaml in `/Users/vishseen/Developer/projects/nxt-vish-studio-v1/dataconnect`
E0709 01:32:57.565846   21780 watch.go:116] watchAllDir unable to walk dir `/Users/vishseen/Developer/projects/nxt-vish-studio-v1/dataconnect`: lstat /Users/vishseen/Developer/projects/nxt-vish-studio-v1/dataconnect: no such file or directory
I0709 01:32:57.568203   21780 dev.go:104] Listening on address (HTTP + gRPC): 127.0.0.1:50001
 {"metadata":{"emulator":{"name":"dataconnect"},"message":"E0709 01:32:57.563546   21780 dev.go:83] Failed to load initial config from \"/Users/vishseen/Developer/projects/nxt-vish-studio-v1/dataconnect\": could not find dataconnect.yaml in `/Users/vishseen/Developer/projects/nxt-vish-studio-v1/dataconnect`\nE0709 01:32:57.565846   21780 watch.go:116] watchAllDir unable to walk dir `/Users/vishseen/Developer/projects/nxt-vish-studio-v1/dataconnect`: lstat /Users/vishseen/Developer/projects/nxt-vish-studio-v1/dataconnect: no such file or directory\nI0709 01:32:57.568203   21780 dev.go:104] Listening on address (HTTP + gRPC): 127.0.0.1:50001\n"}}
[error] [Firebase Plugin] error:  {}
[debug] [2026-07-08T21:33:02.230Z] <<< [apiv2][status] GET https://firebase.googleapis.com/v1beta1/projects 200
[debug] [2026-07-08T21:33:02.231Z] <<< [apiv2][body] GET https://firebase.googleapis.com/v1beta1/projects [omitted]
[debug] [2026-07-08T21:33:07.568Z] E0709 01:33:07.568566   21780 watch.go:40] Failed to load config from "/Users/vishseen/Developer/projects/nxt-vish-studio-v1/dataconnect": could not find dataconnect.yaml in `/Users/vishseen/Developer/projects/nxt-vish-studio-v1/dataconnect`
 {"metadata":{"emulator":{"name":"dataconnect"},"message":"E0709 01:33:07.568566   21780 watch.go:40] Failed to load config from \"/Users/vishseen/Developer/projects/nxt-vish-studio-v1/dataconnect\": could not find dataconnect.yaml in `/Users/vishseen/Developer/projects/nxt-vish-studio-v1/dataconnect`\n"}}
[debug] [2026-07-08T21:33:17.568Z] E0709 01:33:17.567804   21780 watch.go:40] Failed to load config from "/Users/vishseen/Developer/projects/nxt-vish-studio-v1/dataconnect": could not find dataconnect.yaml in `/Users/vishseen/Developer/projects/nxt-vish-studio-v1/dataconnect`
 {"metadata":{"emulator":{"name":"dataconnect"},"message":"E0709 01:33:17.567804   21780 watch.go:40] Failed to load config from \"/Users/vishseen/Developer/projects/nxt-vish-studio-v1/dataconnect\": could not find dataconnect.yaml in `/Users/vishseen/Developer/projects/nxt-vish-studio-v1/dataconnect`\n"}}
[debug] [2026-07-08T21:33:27.569Z] E0709 01:33:27.568249   21780 watch.go:40] Failed to load config from "/Users/vishseen/Developer/projects/nxt-vish-studio-v1/dataconnect": could not find dataconnect.yaml in `/Users/vishseen/Developer/projects/nxt-vish-studio-v1/dataconnect`
 {"metadata":{"emulator":{"name":"dataconnect"},"message":"E0709 01:33:27.568249   21780 watch.go:40] Failed to load config from \"/Users/vishseen/Developer/projects/nxt-vish-studio-v1/dataconnect\": could not find dataconnect.yaml in `/Users/vishseen/Developer/projects/nxt-vish-studio-v1/dataconnect`\n"}}
[debug] [2026-07-08T21:33:37.567Z] E0709 01:33:37.567833   21780 watch.go:40] Failed to load config from "/Users/vishseen/Developer/projects/nxt-vish-studio-v1/dataconnect": could not find dataconnect.yaml in `/Users/vishseen/Developer/projects/nxt-vish-studio-v1/dataconnect`
 {"metadata":{"emulator":{"name":"dataconnect"},"message":"E0709 01:33:37.567833   21780 watch.go:40] Failed to load config from \"/Users/vishseen/Developer/projects/nxt-vish-studio-v1/dataconnect\": could not find dataconnect.yaml in `/Users/vishseen/Developer/projects/nxt-vish-studio-v1/dataconnect`\n"}}
[debug] [2026-07-08T21:33:47.568Z] E0709 01:33:47.567985   21780 watch.go:40] Failed to load config from "/Users/vishseen/Developer/projects/nxt-vish-studio-v1/dataconnect": could not find dataconnect.yaml in `/Users/vishseen/Developer/projects/nxt-vish-studio-v1/dataconnect`
 {"metadata":{"emulator":{"name":"dataconnect"},"message":"E0709 01:33:47.567985   21780 watch.go:40] Failed to load config from \"/Users/vishseen/Developer/projects/nxt-vish-studio-v1/dataconnect\": could not find dataconnect.yaml in `/Users/vishseen/Developer/projects/nxt-vish-studio-v1/dataconnect`\n"}}
[debug] [2026-07-08T21:33:57.568Z] E0709 01:33:57.567838   21780 watch.go:40] Failed to load config from "/Users/vishseen/Developer/projects/nxt-vish-studio-v1/dataconnect": could not find dataconnect.yaml in `/Users/vishseen/Developer/projects/nxt-vish-studio-v1/dataconnect`
 {"metadata":{"emulator":{"name":"dataconnect"},"message":"E0709 01:33:57.567838   21780 watch.go:40] Failed to load config from \"/Users/vishseen/Developer/projects/nxt-vish-studio-v1/dataconnect\": could not find dataconnect.yaml in `/Users/vishseen/Developer/projects/nxt-vish-studio-v1/dataconnect`\n"}}
[debug] [2026-07-08T21:33:57.568Z] E0709 01:33:57.567873   21780 watch.go:116] watchAllDir unable to walk dir `/Users/vishseen/Developer/projects/nxt-vish-studio-v1/dataconnect`: lstat /Users/vishseen/Developer/projects/nxt-vish-studio-v1/dataconnect: no such file or directory
 {"metadata":{"emulator":{"name":"dataconnect"},"message":"E0709 01:33:57.567873   21780 watch.go:116] watchAllDir unable to walk dir `/Users/vishseen/Developer/projects/nxt-vish-studio-v1/dataconnect`: lstat /Users/vishseen/Developer/projects/nxt-vish-studio-v1/dataconnect: no such file or directory\n"}}
[debug] [2026-07-08T21:34:07.568Z] E0709 01:34:07.568009   21780 watch.go:40] Failed to load config from "/Users/vishseen/Developer/projects/nxt-vish-studio-v1/dataconnect": could not find dataconnect.yaml in `/Users/vishseen/Developer/projects/nxt-vish-studio-v1/dataconnect`
 {"metadata":{"emulator":{"name":"dataconnect"},"message":"E0709 01:34:07.568009   21780 watch.go:40] Failed to load config from \"/Users/vishseen/Developer/projects/nxt-vish-studio-v1/dataconnect\": could not find dataconnect.yaml in `/Users/vishseen/Developer/projects/nxt-vish-studio-v1/dataconnect`\n"}}
[debug] [2026-07-08T21:34:17.568Z] E0709 01:34:17.567952   21780 watch.go:40] Failed to load config from "/Users/vishseen/Developer/projects/nxt-vish-studio-v1/dataconnect": could not find dataconnect.yaml in `/Users/vishseen/Developer/projects/nxt-vish-studio-v1/dataconnect`
 {"metadata":{"emulator":{"name":"dataconnect"},"message":"E0709 01:34:17.567952   21780 watch.go:40] Failed to load config from \"/Users/vishseen/Developer/projects/nxt-vish-studio-v1/dataconnect\": could not find dataconnect.yaml in `/Users/vishseen/Developer/projects/nxt-vish-studio-v1/dataconnect`\n"}}
[debug] [2026-07-08T21:34:27.568Z] E0709 01:34:27.567977   21780 watch.go:40] Failed to load config from "/Users/vishseen/Developer/projects/nxt-vish-studio-v1/dataconnect": could not find dataconnect.yaml in `/Users/vishseen/Developer/projects/nxt-vish-studio-v1/dataconnect`
 {"metadata":{"emulator":{"name":"dataconnect"},"message":"E0709 01:34:27.567977   21780 watch.go:40] Failed to load config from \"/Users/vishseen/Developer/projects/nxt-vish-studio-v1/dataconnect\": could not find dataconnect.yaml in `/Users/vishseen/Developer/projects/nxt-vish-studio-v1/dataconnect`\n"}}
[debug] [2026-07-08T21:34:37.567Z] E0709 01:34:37.567701   21780 watch.go:40] Failed to load config from "/Users/vishseen/Developer/projects/nxt-vish-studio-v1/dataconnect": could not find dataconnect.yaml in `/Users/vishseen/Developer/projects/nxt-vish-studio-v1/dataconnect`
 {"metadata":{"emulator":{"name":"dataconnect"},"message":"E0709 01:34:37.567701   21780 watch.go:40] Failed to load config from \"/Users/vishseen/Developer/projects/nxt-vish-studio-v1/dataconnect\": could not find dataconnect.yaml in `/Users/vishseen/Developer/projects/nxt-vish-studio-v1/dataconnect`\n"}}
[debug] [2026-07-08T21:34:47.568Z] E0709 01:34:47.568005   21780 watch.go:40] Failed to load config from "/Users/vishseen/Developer/projects/nxt-vish-studio-v1/dataconnect": could not find dataconnect.yaml in `/Users/vishseen/Developer/projects/nxt-vish-studio-v1/dataconnect`
 {"metadata":{"emulator":{"name":"dataconnect"},"message":"E0709 01:34:47.568005   21780 watch.go:40] Failed to load config from \"/Users/vishseen/Developer/projects/nxt-vish-studio-v1/dataconnect\": could not find dataconnect.yaml in `/Users/vishseen/Developer/projects/nxt-vish-studio-v1/dataconnect`\n"}}
[debug] [2026-07-08T21:34:57.568Z] E0709 01:34:57.567971   21780 watch.go:40] Failed to load config from "/Users/vishseen/Developer/projects/nxt-vish-studio-v1/dataconnect": could not find dataconnect.yaml in `/Users/vishseen/Developer/projects/nxt-vish-studio-v1/dataconnect`
 {"metadata":{"emulator":{"name":"dataconnect"},"message":"E0709 01:34:57.567971   21780 watch.go:40] Failed to load config from \"/Users/vishseen/Developer/projects/nxt-vish-studio-v1/dataconnect\": could not find dataconnect.yaml in `/Users/vishseen/Developer/projects/nxt-vish-studio-v1/dataconnect`\n"}}
[debug] [2026-07-08T21:34:57.569Z] E0709 01:34:57.567948   21780 watch.go:116] watchAllDir unable to walk dir `/Users/vishseen/Developer/projects/nxt-vish-studio-v1/dataconnect`: lstat /Users/vishseen/Developer/projects/nxt-vish-studio-v1/dataconnect: no such file or directory
 {"metadata":{"emulator":{"name":"dataconnect"},"message":"E0709 01:34:57.567948   21780 watch.go:116] watchAllDir unable to walk dir `/Users/vishseen/Developer/projects/nxt-vish-studio-v1/dataconnect`: lstat /Users/vishseen/Developer/projects/nxt-vish-studio-v1/dataconnect: no such file or directory\n"}}
[debug] [2026-07-08T21:35:07.568Z] E0709 01:35:07.568022   21780 watch.go:40] Failed to load config from "/Users/vishseen/Developer/projects/nxt-vish-studio-v1/dataconnect": could not find dataconnect.yaml in `/Users/vishseen/Developer/projects/nxt-vish-studio-v1/dataconnect`
 {"metadata":{"emulator":{"name":"dataconnect"},"message":"E0709 01:35:07.568022   21780 watch.go:40] Failed to load config from \"/Users/vishseen/Developer/projects/nxt-vish-studio-v1/dataconnect\": could not find dataconnect.yaml in `/Users/vishseen/Developer/projects/nxt-vish-studio-v1/dataconnect`\n"}}
[debug] [2026-07-08T21:35:17.572Z] E0709 01:35:17.569896   21780 watch.go:40] Failed to load config from "/Users/vishseen/Developer/projects/nxt-vish-studio-v1/dataconnect": could not find dataconnect.yaml in `/Users/vishseen/Developer/projects/nxt-vish-studio-v1/dataconnect`
 {"metadata":{"emulator":{"name":"dataconnect"},"message":"E0709 01:35:17.569896   21780 watch.go:40] Failed to load config from \"/Users/vishseen/Developer/projects/nxt-vish-studio-v1/dataconnect\": could not find dataconnect.yaml in `/Users/vishseen/Developer/projects/nxt-vish-studio-v1/dataconnect`\n"}}
[debug] [2026-07-08T21:35:27.568Z] E0709 01:35:27.568214   21780 watch.go:40] Failed to load config from "/Users/vishseen/Developer/projects/nxt-vish-studio-v1/dataconnect": could not find dataconnect.yaml in `/Users/vishseen/Developer/projects/nxt-vish-studio-v1/dataconnect`
 {"metadata":{"emulator":{"name":"dataconnect"},"message":"E0709 01:35:27.568214   21780 watch.go:40] Failed to load config from \"/Users/vishseen/Developer/projects/nxt-vish-studio-v1/dataconnect\": could not find dataconnect.yaml in `/Users/vishseen/Developer/projects/nxt-vish-studio-v1/dataconnect`\n"}}
[debug] [2026-07-08T21:35:37.568Z] E0709 01:35:37.568055   21780 watch.go:40] Failed to load config from "/Users/vishseen/Developer/projects/nxt-vish-studio-v1/dataconnect": could not find dataconnect.yaml in `/Users/vishseen/Developer/projects/nxt-vish-studio-v1/dataconnect`
 {"metadata":{"emulator":{"name":"dataconnect"},"message":"E0709 01:35:37.568055   21780 watch.go:40] Failed to load config from \"/Users/vishseen/Developer/projects/nxt-vish-studio-v1/dataconnect\": could not find dataconnect.yaml in `/Users/vishseen/Developer/projects/nxt-vish-studio-v1/dataconnect`\n"}}
[debug] [2026-07-08T21:35:47.568Z] E0709 01:35:47.568079   21780 watch.go:40] Failed to load config from "/Users/vishseen/Developer/projects/nxt-vish-studio-v1/dataconnect": could not find dataconnect.yaml in `/Users/vishseen/Developer/projects/nxt-vish-studio-v1/dataconnect`
 {"metadata":{"emulator":{"name":"dataconnect"},"message":"E0709 01:35:47.568079   21780 watch.go:40] Failed to load config from \"/Users/vishseen/Developer/projects/nxt-vish-studio-v1/dataconnect\": could not find dataconnect.yaml in `/Users/vishseen/Developer/projects/nxt-vish-studio-v1/dataconnect`\n"}}
[debug] [2026-07-08T21:35:57.567Z] E0709 01:35:57.567364   21780 watch.go:40] Failed to load config from "/Users/vishseen/Developer/projects/nxt-vish-studio-v1/dataconnect": could not find dataconnect.yaml in `/Users/vishseen/Developer/projects/nxt-vish-studio-v1/dataconnect`
E0709 01:35:57.567266   21780 watch.go:116] watchAllDir unable to walk dir `/Users/vishseen/Developer/projects/nxt-vish-studio-v1/dataconnect`: lstat /Users/vishseen/Developer/projects/nxt-vish-studio-v1/dataconnect: no such file or directory
 {"metadata":{"emulator":{"name":"dataconnect"},"message":"E0709 01:35:57.567364   21780 watch.go:40] Failed to load config from \"/Users/vishseen/Developer/projects/nxt-vish-studio-v1/dataconnect\": could not find dataconnect.yaml in `/Users/vishseen/Developer/projects/nxt-vish-studio-v1/dataconnect`\nE0709 01:35:57.567266   21780 watch.go:116] watchAllDir unable to walk dir `/Users/vishseen/Developer/projects/nxt-vish-studio-v1/dataconnect`: lstat /Users/vishseen/Developer/projects/nxt-vish-studio-v1/dataconnect: no such file or directory\n"}}
[debug] [2026-07-08T21:36:07.568Z] E0709 01:36:07.568273   21780 watch.go:40] Failed to load config from "/Users/vishseen/Developer/projects/nxt-vish-studio-v1/dataconnect": could not find dataconnect.yaml in `/Users/vishseen/Developer/projects/nxt-vish-studio-v1/dataconnect`
 {"metadata":{"emulator":{"name":"dataconnect"},"message":"E0709 01:36:07.568273   21780 watch.go:40] Failed to load config from \"/Users/vishseen/Developer/projects/nxt-vish-studio-v1/dataconnect\": could not find dataconnect.yaml in `/Users/vishseen/Developer/projects/nxt-vish-studio-v1/dataconnect`\n"}}
[debug] [2026-07-08T21:36:17.568Z] E0709 01:36:17.568172   21780 watch.go:40] Failed to load config from "/Users/vishseen/Developer/projects/nxt-vish-studio-v1/dataconnect": could not find dataconnect.yaml in `/Users/vishseen/Developer/projects/nxt-vish-studio-v1/dataconnect`
 {"metadata":{"emulator":{"name":"dataconnect"},"message":"E0709 01:36:17.568172   21780 watch.go:40] Failed to load config from \"/Users/vishseen/Developer/projects/nxt-vish-studio-v1/dataconnect\": could not find dataconnect.yaml in `/Users/vishseen/Developer/projects/nxt-vish-studio-v1/dataconnect`\n"}}
[debug] [2026-07-08T21:36:27.568Z] E0709 01:36:27.568210   21780 watch.go:40] Failed to load config from "/Users/vishseen/Developer/projects/nxt-vish-studio-v1/dataconnect": could not find dataconnect.yaml in `/Users/vishseen/Developer/projects/nxt-vish-studio-v1/dataconnect`
 {"metadata":{"emulator":{"name":"dataconnect"},"message":"E0709 01:36:27.568210   21780 watch.go:40] Failed to load config from \"/Users/vishseen/Developer/projects/nxt-vish-studio-v1/dataconnect\": could not find dataconnect.yaml in `/Users/vishseen/Developer/projects/nxt-vish-studio-v1/dataconnect`\n"}}
[debug] [2026-07-08T21:36:37.568Z] E0709 01:36:37.568187   21780 watch.go:40] Failed to load config from "/Users/vishseen/Developer/projects/nxt-vish-studio-v1/dataconnect": could not find dataconnect.yaml in `/Users/vishseen/Developer/projects/nxt-vish-studio-v1/dataconnect`
 {"metadata":{"emulator":{"name":"dataconnect"},"message":"E0709 01:36:37.568187   21780 watch.go:40] Failed to load config from \"/Users/vishseen/Developer/projects/nxt-vish-studio-v1/dataconnect\": could not find dataconnect.yaml in `/Users/vishseen/Developer/projects/nxt-vish-studio-v1/dataconnect`\n"}}
[debug] [2026-07-08T21:36:47.568Z] E0709 01:36:47.568144   21780 watch.go:40] Failed to load config from "/Users/vishseen/Developer/projects/nxt-vish-studio-v1/dataconnect": could not find dataconnect.yaml in `/Users/vishseen/Developer/projects/nxt-vish-studio-v1/dataconnect`
 {"metadata":{"emulator":{"name":"dataconnect"},"message":"E0709 01:36:47.568144   21780 watch.go:40] Failed to load config from \"/Users/vishseen/Developer/projects/nxt-vish-studio-v1/dataconnect\": could not find dataconnect.yaml in `/Users/vishseen/Developer/projects/nxt-vish-studio-v1/dataconnect`\n"}}
[debug] [2026-07-08T21:36:57.569Z] E0709 01:36:57.568700   21780 watch.go:116] watchAllDir unable to walk dir `/Users/vishseen/Developer/projects/nxt-vish-studio-v1/dataconnect`: lstat /Users/vishseen/Developer/projects/nxt-vish-studio-v1/dataconnect: no such file or directory
E0709 01:36:57.568844   21780 watch.go:40] Failed to load config from "/Users/vishseen/Developer/projects/nxt-vish-studio-v1/dataconnect": could not find dataconnect.yaml in `/Users/vishseen/Developer/projects/nxt-vish-studio-v1/dataconnect`
 {"metadata":{"emulator":{"name":"dataconnect"},"message":"E0709 01:36:57.568700   21780 watch.go:116] watchAllDir unable to walk dir `/Users/vishseen/Developer/projects/nxt-vish-studio-v1/dataconnect`: lstat /Users/vishseen/Developer/projects/nxt-vish-studio-v1/dataconnect: no such file or directory\nE0709 01:36:57.568844   21780 watch.go:40] Failed to load config from \"/Users/vishseen/Developer/projects/nxt-vish-studio-v1/dataconnect\": could not find dataconnect.yaml in `/Users/vishseen/Developer/projects/nxt-vish-studio-v1/dataconnect`\n"}}
[debug] [2026-07-08T21:37:07.568Z] E0709 01:37:07.568332   21780 watch.go:40] Failed to load config from "/Users/vishseen/Developer/projects/nxt-vish-studio-v1/dataconnect": could not find dataconnect.yaml in `/Users/vishseen/Developer/projects/nxt-vish-studio-v1/dataconnect`
 {"metadata":{"emulator":{"name":"dataconnect"},"message":"E0709 01:37:07.568332   21780 watch.go:40] Failed to load config from \"/Users/vishseen/Developer/projects/nxt-vish-studio-v1/dataconnect\": could not find dataconnect.yaml in `/Users/vishseen/Developer/projects/nxt-vish-studio-v1/dataconnect`\n"}}
[debug] [2026-07-08T21:37:17.571Z] E0709 01:37:17.570939   21780 watch.go:40] Failed to load config from "/Users/vishseen/Developer/projects/nxt-vish-studio-v1/dataconnect": could not find dataconnect.yaml in `/Users/vishseen/Developer/projects/nxt-vish-studio-v1/dataconnect`
 {"metadata":{"emulator":{"name":"dataconnect"},"message":"E0709 01:37:17.570939   21780 watch.go:40] Failed to load config from \"/Users/vishseen/Developer/projects/nxt-vish-studio-v1/dataconnect\": could not find dataconnect.yaml in `/Users/vishseen/Developer/projects/nxt-vish-studio-v1/dataconnect`\n"}}
[debug] [2026-07-08T21:37:27.568Z] E0709 01:37:27.568380   21780 watch.go:40] Failed to load config from "/Users/vishseen/Developer/projects/nxt-vish-studio-v1/dataconnect": could not find dataconnect.yaml in `/Users/vishseen/Developer/projects/nxt-vish-studio-v1/dataconnect`
 {"metadata":{"emulator":{"name":"dataconnect"},"message":"E0709 01:37:27.568380   21780 watch.go:40] Failed to load config from \"/Users/vishseen/Developer/projects/nxt-vish-studio-v1/dataconnect\": could not find dataconnect.yaml in `/Users/vishseen/Developer/projects/nxt-vish-studio-v1/dataconnect`\n"}}
[debug] [2026-07-08T21:37:37.568Z] E0709 01:37:37.568271   21780 watch.go:40] Failed to load config from "/Users/vishseen/Developer/projects/nxt-vish-studio-v1/dataconnect": could not find dataconnect.yaml in `/Users/vishseen/Developer/projects/nxt-vish-studio-v1/dataconnect`
 {"metadata":{"emulator":{"name":"dataconnect"},"message":"E0709 01:37:37.568271   21780 watch.go:40] Failed to load config from \"/Users/vishseen/Developer/projects/nxt-vish-studio-v1/dataconnect\": could not find dataconnect.yaml in `/Users/vishseen/Developer/projects/nxt-vish-studio-v1/dataconnect`\n"}}
[debug] [2026-07-08T21:37:47.568Z] E0709 01:37:47.568518   21780 watch.go:40] Failed to load config from "/Users/vishseen/Developer/projects/nxt-vish-studio-v1/dataconnect": could not find dataconnect.yaml in `/Users/vishseen/Developer/projects/nxt-vish-studio-v1/dataconnect`
 {"metadata":{"emulator":{"name":"dataconnect"},"message":"E0709 01:37:47.568518   21780 watch.go:40] Failed to load config from \"/Users/vishseen/Developer/projects/nxt-vish-studio-v1/dataconnect\": could not find dataconnect.yaml in `/Users/vishseen/Developer/projects/nxt-vish-studio-v1/dataconnect`\n"}}
[debug] [2026-07-08T21:37:57.568Z] E0709 01:37:57.568490   21780 watch.go:40] Failed to load config from "/Users/vishseen/Developer/projects/nxt-vish-studio-v1/dataconnect": could not find dataconnect.yaml in `/Users/vishseen/Developer/projects/nxt-vish-studio-v1/dataconnect`
 {"metadata":{"emulator":{"name":"dataconnect"},"message":"E0709 01:37:57.568490   21780 watch.go:40] Failed to load config from \"/Users/vishseen/Developer/projects/nxt-vish-studio-v1/dataconnect\": could not find dataconnect.yaml in `/Users/vishseen/Developer/projects/nxt-vish-studio-v1/dataconnect`\n"}}
[debug] [2026-07-08T21:37:57.570Z] E0709 01:37:57.568513   21780 watch.go:116] watchAllDir unable to walk dir `/Users/vishseen/Developer/projects/nxt-vish-studio-v1/dataconnect`: lstat /Users/vishseen/Developer/projects/nxt-vish-studio-v1/dataconnect: no such file or directory
 {"metadata":{"emulator":{"name":"dataconnect"},"message":"E0709 01:37:57.568513   21780 watch.go:116] watchAllDir unable to walk dir `/Users/vishseen/Developer/projects/nxt-vish-studio-v1/dataconnect`: lstat /Users/vishseen/Developer/projects/nxt-vish-studio-v1/dataconnect: no such file or directory\n"}}
[debug] [2026-07-08T21:38:07.568Z] E0709 01:38:07.568285   21780 watch.go:40] Failed to load config from "/Users/vishseen/Developer/projects/nxt-vish-studio-v1/dataconnect": could not find dataconnect.yaml in `/Users/vishseen/Developer/projects/nxt-vish-studio-v1/dataconnect`
 {"metadata":{"emulator":{"name":"dataconnect"},"message":"E0709 01:38:07.568285   21780 watch.go:40] Failed to load config from \"/Users/vishseen/Developer/projects/nxt-vish-studio-v1/dataconnect\": could not find dataconnect.yaml in `/Users/vishseen/Developer/projects/nxt-vish-studio-v1/dataconnect`\n"}}
[debug] [2026-07-08T21:38:17.568Z] E0709 01:38:17.568554   21780 watch.go:40] Failed to load config from "/Users/vishseen/Developer/projects/nxt-vish-studio-v1/dataconnect": could not find dataconnect.yaml in `/Users/vishseen/Developer/projects/nxt-vish-studio-v1/dataconnect`
 {"metadata":{"emulator":{"name":"dataconnect"},"message":"E0709 01:38:17.568554   21780 watch.go:40] Failed to load config from \"/Users/vishseen/Developer/projects/nxt-vish-studio-v1/dataconnect\": could not find dataconnect.yaml in `/Users/vishseen/Developer/projects/nxt-vish-studio-v1/dataconnect`\n"}}
[debug] [2026-07-08T21:38:27.568Z] E0709 01:38:27.568551   21780 watch.go:40] Failed to load config from "/Users/vishseen/Developer/projects/nxt-vish-studio-v1/dataconnect": could not find dataconnect.yaml in `/Users/vishseen/Developer/projects/nxt-vish-studio-v1/dataconnect`
 {"metadata":{"emulator":{"name":"dataconnect"},"message":"E0709 01:38:27.568551   21780 watch.go:40] Failed to load config from \"/Users/vishseen/Developer/projects/nxt-vish-studio-v1/dataconnect\": could not find dataconnect.yaml in `/Users/vishseen/Developer/projects/nxt-vish-studio-v1/dataconnect`\n"}}
[debug] [2026-07-08T21:38:37.569Z] E0709 01:38:37.568620   21780 watch.go:40] Failed to load config from "/Users/vishseen/Developer/projects/nxt-vish-studio-v1/dataconnect": could not find dataconnect.yaml in `/Users/vishseen/Developer/projects/nxt-vish-studio-v1/dataconnect`
 {"metadata":{"emulator":{"name":"dataconnect"},"message":"E0709 01:38:37.568620   21780 watch.go:40] Failed to load config from \"/Users/vishseen/Developer/projects/nxt-vish-studio-v1/dataconnect\": could not find dataconnect.yaml in `/Users/vishseen/Developer/projects/nxt-vish-studio-v1/dataconnect`\n"}}
[debug] [2026-07-08T21:38:47.568Z] E0709 01:38:47.568046   21780 watch.go:40] Failed to load config from "/Users/vishseen/Developer/projects/nxt-vish-studio-v1/dataconnect": could not find dataconnect.yaml in `/Users/vishseen/Developer/projects/nxt-vish-studio-v1/dataconnect`
 {"metadata":{"emulator":{"name":"dataconnect"},"message":"E0709 01:38:47.568046   21780 watch.go:40] Failed to load config from \"/Users/vishseen/Developer/projects/nxt-vish-studio-v1/dataconnect\": could not find dataconnect.yaml in `/Users/vishseen/Developer/projects/nxt-vish-studio-v1/dataconnect`\n"}}
[debug] [2026-07-08T21:38:57.569Z] E0709 01:38:57.568541   21780 watch.go:116] watchAllDir unable to walk dir `/Users/vishseen/Developer/projects/nxt-vish-studio-v1/dataconnect`: lstat /Users/vishseen/Developer/projects/nxt-vish-studio-v1/dataconnect: no such file or directory
E0709 01:38:57.568730   21780 watch.go:40] Failed to load config from "/Users/vishseen/Developer/projects/nxt-vish-studio-v1/dataconnect": could not find dataconnect.yaml in `/Users/vishseen/Developer/projects/nxt-vish-studio-v1/dataconnect`
 {"metadata":{"emulator":{"name":"dataconnect"},"message":"E0709 01:38:57.568541   21780 watch.go:116] watchAllDir unable to walk dir `/Users/vishseen/Developer/projects/nxt-vish-studio-v1/dataconnect`: lstat /Users/vishseen/Developer/projects/nxt-vish-studio-v1/dataconnect: no such file or directory\nE0709 01:38:57.568730   21780 watch.go:40] Failed to load config from \"/Users/vishseen/Developer/projects/nxt-vish-studio-v1/dataconnect\": could not find dataconnect.yaml in `/Users/vishseen/Developer/projects/nxt-vish-studio-v1/dataconnect`\n"}}
[debug] [2026-07-08T21:39:07.568Z] E0709 01:39:07.568739   21780 watch.go:40] Failed to load config from "/Users/vishseen/Developer/projects/nxt-vish-studio-v1/dataconnect": could not find dataconnect.yaml in `/Users/vishseen/Developer/projects/nxt-vish-studio-v1/dataconnect`
 {"metadata":{"emulator":{"name":"dataconnect"},"message":"E0709 01:39:07.568739   21780 watch.go:40] Failed to load config from \"/Users/vishseen/Developer/projects/nxt-vish-studio-v1/dataconnect\": could not find dataconnect.yaml in `/Users/vishseen/Developer/projects/nxt-vish-studio-v1/dataconnect`\n"}}
[debug] [2026-07-08T21:39:17.569Z] E0709 01:39:17.569072   21780 watch.go:40] Failed to load config from "/Users/vishseen/Developer/projects/nxt-vish-studio-v1/dataconnect": could not find dataconnect.yaml in `/Users/vishseen/Developer/projects/nxt-vish-studio-v1/dataconnect`
 {"metadata":{"emulator":{"name":"dataconnect"},"message":"E0709 01:39:17.569072   21780 watch.go:40] Failed to load config from \"/Users/vishseen/Developer/projects/nxt-vish-studio-v1/dataconnect\": could not find dataconnect.yaml in `/Users/vishseen/Developer/projects/nxt-vish-studio-v1/dataconnect`\n"}}
[debug] [2026-07-08T21:39:27.568Z] E0709 01:39:27.568023   21780 watch.go:40] Failed to load config from "/Users/vishseen/Developer/projects/nxt-vish-studio-v1/dataconnect": could not find dataconnect.yaml in `/Users/vishseen/Developer/projects/nxt-vish-studio-v1/dataconnect`
 {"metadata":{"emulator":{"name":"dataconnect"},"message":"E0709 01:39:27.568023   21780 watch.go:40] Failed to load config from \"/Users/vishseen/Developer/projects/nxt-vish-studio-v1/dataconnect\": could not find dataconnect.yaml in `/Users/vishseen/Developer/projects/nxt-vish-studio-v1/dataconnect`\n"}}
[debug] [2026-07-08T21:39:37.568Z] E0709 01:39:37.568728   21780 watch.go:40] Failed to load config from "/Users/vishseen/Developer/projects/nxt-vish-studio-v1/dataconnect": could not find dataconnect.yaml in `/Users/vishseen/Developer/projects/nxt-vish-studio-v1/dataconnect`
 {"metadata":{"emulator":{"name":"dataconnect"},"message":"E0709 01:39:37.568728   21780 watch.go:40] Failed to load config from \"/Users/vishseen/Developer/projects/nxt-vish-studio-v1/dataconnect\": could not find dataconnect.yaml in `/Users/vishseen/Developer/projects/nxt-vish-studio-v1/dataconnect`\n"}}
[debug] [2026-07-08T21:39:47.568Z] E0709 01:39:47.568679   21780 watch.go:40] Failed to load config from "/Users/vishseen/Developer/projects/nxt-vish-studio-v1/dataconnect": could not find dataconnect.yaml in `/Users/vishseen/Developer/projects/nxt-vish-studio-v1/dataconnect`
 {"metadata":{"emulator":{"name":"dataconnect"},"message":"E0709 01:39:47.568679   21780 watch.go:40] Failed to load config from \"/Users/vishseen/Developer/projects/nxt-vish-studio-v1/dataconnect\": could not find dataconnect.yaml in `/Users/vishseen/Developer/projects/nxt-vish-studio-v1/dataconnect`\n"}}
[debug] [2026-07-08T21:39:57.568Z] E0709 01:39:57.568720   21780 watch.go:116] watchAllDir unable to walk dir `/Users/vishseen/Developer/projects/nxt-vish-studio-v1/dataconnect`: lstat /Users/vishseen/Developer/projects/nxt-vish-studio-v1/dataconnect: no such file or directory
 {"metadata":{"emulator":{"name":"dataconnect"},"message":"E0709 01:39:57.568720   21780 watch.go:116] watchAllDir unable to walk dir `/Users/vishseen/Developer/projects/nxt-vish-studio-v1/dataconnect`: lstat /Users/vishseen/Developer/projects/nxt-vish-studio-v1/dataconnect: no such file or directory\n"}}
[debug] [2026-07-08T21:39:57.569Z] E0709 01:39:57.568845   21780 watch.go:40] Failed to load config from "/Users/vishseen/Developer/projects/nxt-vish-studio-v1/dataconnect": could not find dataconnect.yaml in `/Users/vishseen/Developer/projects/nxt-vish-studio-v1/dataconnect`
 {"metadata":{"emulator":{"name":"dataconnect"},"message":"E0709 01:39:57.568845   21780 watch.go:40] Failed to load config from \"/Users/vishseen/Developer/projects/nxt-vish-studio-v1/dataconnect\": could not find dataconnect.yaml in `/Users/vishseen/Developer/projects/nxt-vish-studio-v1/dataconnect`\n"}}
[debug] [2026-07-08T21:40:07.569Z] E0709 01:40:07.568776   21780 watch.go:40] Failed to load config from "/Users/vishseen/Developer/projects/nxt-vish-studio-v1/dataconnect": could not find dataconnect.yaml in `/Users/vishseen/Developer/projects/nxt-vish-studio-v1/dataconnect`
 {"metadata":{"emulator":{"name":"dataconnect"},"message":"E0709 01:40:07.568776   21780 watch.go:40] Failed to load config from \"/Users/vishseen/Developer/projects/nxt-vish-studio-v1/dataconnect\": could not find dataconnect.yaml in `/Users/vishseen/Developer/projects/nxt-vish-studio-v1/dataconnect`\n"}}
[debug] [2026-07-08T21:40:17.568Z] E0709 01:40:17.568671   21780 watch.go:40] Failed to load config from "/Users/vishseen/Developer/projects/nxt-vish-studio-v1/dataconnect": could not find dataconnect.yaml in `/Users/vishseen/Developer/projects/nxt-vish-studio-v1/dataconnect`
 {"metadata":{"emulator":{"name":"dataconnect"},"message":"E0709 01:40:17.568671   21780 watch.go:40] Failed to load config from \"/Users/vishseen/Developer/projects/nxt-vish-studio-v1/dataconnect\": could not find dataconnect.yaml in `/Users/vishseen/Developer/projects/nxt-vish-studio-v1/dataconnect`\n"}}
[debug] [2026-07-08T21:40:27.570Z] E0709 01:40:27.570540   21780 watch.go:40] Failed to load config from "/Users/vishseen/Developer/projects/nxt-vish-studio-v1/dataconnect": could not find dataconnect.yaml in `/Users/vishseen/Developer/projects/nxt-vish-studio-v1/dataconnect`
 {"metadata":{"emulator":{"name":"dataconnect"},"message":"E0709 01:40:27.570540   21780 watch.go:40] Failed to load config from \"/Users/vishseen/Developer/projects/nxt-vish-studio-v1/dataconnect\": could not find dataconnect.yaml in `/Users/vishseen/Developer/projects/nxt-vish-studio-v1/dataconnect`\n"}}
[debug] [2026-07-08T21:40:37.568Z] E0709 01:40:37.568728   21780 watch.go:40] Failed to load config from "/Users/vishseen/Developer/projects/nxt-vish-studio-v1/dataconnect": could not find dataconnect.yaml in `/Users/vishseen/Developer/projects/nxt-vish-studio-v1/dataconnect`
 {"metadata":{"emulator":{"name":"dataconnect"},"message":"E0709 01:40:37.568728   21780 watch.go:40] Failed to load config from \"/Users/vishseen/Developer/projects/nxt-vish-studio-v1/dataconnect\": could not find dataconnect.yaml in `/Users/vishseen/Developer/projects/nxt-vish-studio-v1/dataconnect`\n"}}
[debug] [2026-07-08T21:40:47.569Z] E0709 01:40:47.569163   21780 watch.go:40] Failed to load config from "/Users/vishseen/Developer/projects/nxt-vish-studio-v1/dataconnect": could not find dataconnect.yaml in `/Users/vishseen/Developer/projects/nxt-vish-studio-v1/dataconnect`
 {"metadata":{"emulator":{"name":"dataconnect"},"message":"E0709 01:40:47.569163   21780 watch.go:40] Failed to load config from \"/Users/vishseen/Developer/projects/nxt-vish-studio-v1/dataconnect\": could not find dataconnect.yaml in `/Users/vishseen/Developer/projects/nxt-vish-studio-v1/dataconnect`\n"}}
[debug] [2026-07-08T21:40:57.569Z] E0709 01:40:57.568947   21780 watch.go:116] watchAllDir unable to walk dir `/Users/vishseen/Developer/projects/nxt-vish-studio-v1/dataconnect`: lstat /Users/vishseen/Developer/projects/nxt-vish-studio-v1/dataconnect: no such file or directory
E0709 01:40:57.569084   21780 watch.go:40] Failed to load config from "/Users/vishseen/Developer/projects/nxt-vish-studio-v1/dataconnect": could not find dataconnect.yaml in `/Users/vishseen/Developer/projects/nxt-vish-studio-v1/dataconnect`
 {"metadata":{"emulator":{"name":"dataconnect"},"message":"E0709 01:40:57.568947   21780 watch.go:116] watchAllDir unable to walk dir `/Users/vishseen/Developer/projects/nxt-vish-studio-v1/dataconnect`: lstat /Users/vishseen/Developer/projects/nxt-vish-studio-v1/dataconnect: no such file or directory\nE0709 01:40:57.569084   21780 watch.go:40] Failed to load config from \"/Users/vishseen/Developer/projects/nxt-vish-studio-v1/dataconnect\": could not find dataconnect.yaml in `/Users/vishseen/Developer/projects/nxt-vish-studio-v1/dataconnect`\n"}}
[debug] [2026-07-08T21:41:07.569Z] E0709 01:41:07.569166   21780 watch.go:40] Failed to load config from "/Users/vishseen/Developer/projects/nxt-vish-studio-v1/dataconnect": could not find dataconnect.yaml in `/Users/vishseen/Developer/projects/nxt-vish-studio-v1/dataconnect`
 {"metadata":{"emulator":{"name":"dataconnect"},"message":"E0709 01:41:07.569166   21780 watch.go:40] Failed to load config from \"/Users/vishseen/Developer/projects/nxt-vish-studio-v1/dataconnect\": could not find dataconnect.yaml in `/Users/vishseen/Developer/projects/nxt-vish-studio-v1/dataconnect`\n"}}
[debug] [2026-07-08T21:41:17.569Z] E0709 01:41:17.568796   21780 watch.go:40] Failed to load config from "/Users/vishseen/Developer/projects/nxt-vish-studio-v1/dataconnect": could not find dataconnect.yaml in `/Users/vishseen/Developer/projects/nxt-vish-studio-v1/dataconnect`
 {"metadata":{"emulator":{"name":"dataconnect"},"message":"E0709 01:41:17.568796   21780 watch.go:40] Failed to load config from \"/Users/vishseen/Developer/projects/nxt-vish-studio-v1/dataconnect\": could not find dataconnect.yaml in `/Users/vishseen/Developer/projects/nxt-vish-studio-v1/dataconnect`\n"}}
[debug] [2026-07-08T21:41:27.569Z] E0709 01:41:27.569033   21780 watch.go:40] Failed to load config from "/Users/vishseen/Developer/projects/nxt-vish-studio-v1/dataconnect": could not find dataconnect.yaml in `/Users/vishseen/Developer/projects/nxt-vish-studio-v1/dataconnect`
 {"metadata":{"emulator":{"name":"dataconnect"},"message":"E0709 01:41:27.569033   21780 watch.go:40] Failed to load config from \"/Users/vishseen/Developer/projects/nxt-vish-studio-v1/dataconnect\": could not find dataconnect.yaml in `/Users/vishseen/Developer/projects/nxt-vish-studio-v1/dataconnect`\n"}}
[debug] [2026-07-08T21:41:37.569Z] E0709 01:41:37.569085   21780 watch.go:40] Failed to load config from "/Users/vishseen/Developer/projects/nxt-vish-studio-v1/dataconnect": could not find dataconnect.yaml in `/Users/vishseen/Developer/projects/nxt-vish-studio-v1/dataconnect`
 {"metadata":{"emulator":{"name":"dataconnect"},"message":"E0709 01:41:37.569085   21780 watch.go:40] Failed to load config from \"/Users/vishseen/Developer/projects/nxt-vish-studio-v1/dataconnect\": could not find dataconnect.yaml in `/Users/vishseen/Developer/projects/nxt-vish-studio-v1/dataconnect`\n"}}
[debug] [2026-07-08T21:41:47.569Z] E0709 01:41:47.568929   21780 watch.go:40] Failed to load config from "/Users/vishseen/Developer/projects/nxt-vish-studio-v1/dataconnect": could not find dataconnect.yaml in `/Users/vishseen/Developer/projects/nxt-vish-studio-v1/dataconnect`
 {"metadata":{"emulator":{"name":"dataconnect"},"message":"E0709 01:41:47.568929   21780 watch.go:40] Failed to load config from \"/Users/vishseen/Developer/projects/nxt-vish-studio-v1/dataconnect\": could not find dataconnect.yaml in `/Users/vishseen/Developer/projects/nxt-vish-studio-v1/dataconnect`\n"}}
[debug] [2026-07-08T21:41:57.569Z] E0709 01:41:57.568889   21780 watch.go:40] Failed to load config from "/Users/vishseen/Developer/projects/nxt-vish-studio-v1/dataconnect": could not find dataconnect.yaml in `/Users/vishseen/Developer/projects/nxt-vish-studio-v1/dataconnect`
 {"metadata":{"emulator":{"name":"dataconnect"},"message":"E0709 01:41:57.568889   21780 watch.go:40] Failed to load config from \"/Users/vishseen/Developer/projects/nxt-vish-studio-v1/dataconnect\": could not find dataconnect.yaml in `/Users/vishseen/Developer/projects/nxt-vish-studio-v1/dataconnect`\n"}}
[debug] [2026-07-08T21:41:57.572Z] E0709 01:41:57.568792   21780 watch.go:116] watchAllDir unable to walk dir `/Users/vishseen/Developer/projects/nxt-vish-studio-v1/dataconnect`: lstat /Users/vishseen/Developer/projects/nxt-vish-studio-v1/dataconnect: no such file or directory
 {"metadata":{"emulator":{"name":"dataconnect"},"message":"E0709 01:41:57.568792   21780 watch.go:116] watchAllDir unable to walk dir `/Users/vishseen/Developer/projects/nxt-vish-studio-v1/dataconnect`: lstat /Users/vishseen/Developer/projects/nxt-vish-studio-v1/dataconnect: no such file or directory\n"}}
[debug] [2026-07-08T21:42:07.569Z] E0709 01:42:07.569208   21780 watch.go:40] Failed to load config from "/Users/vishseen/Developer/projects/nxt-vish-studio-v1/dataconnect": could not find dataconnect.yaml in `/Users/vishseen/Developer/projects/nxt-vish-studio-v1/dataconnect`
 {"metadata":{"emulator":{"name":"dataconnect"},"message":"E0709 01:42:07.569208   21780 watch.go:40] Failed to load config from \"/Users/vishseen/Developer/projects/nxt-vish-studio-v1/dataconnect\": could not find dataconnect.yaml in `/Users/vishseen/Developer/projects/nxt-vish-studio-v1/dataconnect`\n"}}
[debug] [2026-07-08T21:42:17.569Z] E0709 01:42:17.569053   21780 watch.go:40] Failed to load config from "/Users/vishseen/Developer/projects/nxt-vish-studio-v1/dataconnect": could not find dataconnect.yaml in `/Users/vishseen/Developer/projects/nxt-vish-studio-v1/dataconnect`
 {"metadata":{"emulator":{"name":"dataconnect"},"message":"E0709 01:42:17.569053   21780 watch.go:40] Failed to load config from \"/Users/vishseen/Developer/projects/nxt-vish-studio-v1/dataconnect\": could not find dataconnect.yaml in `/Users/vishseen/Developer/projects/nxt-vish-studio-v1/dataconnect`\n"}}
[debug] [2026-07-08T21:42:27.569Z] E0709 01:42:27.569041   21780 watch.go:40] Failed to load config from "/Users/vishseen/Developer/projects/nxt-vish-studio-v1/dataconnect": could not find dataconnect.yaml in `/Users/vishseen/Developer/projects/nxt-vish-studio-v1/dataconnect`
 {"metadata":{"emulator":{"name":"dataconnect"},"message":"E0709 01:42:27.569041   21780 watch.go:40] Failed to load config from \"/Users/vishseen/Developer/projects/nxt-vish-studio-v1/dataconnect\": could not find dataconnect.yaml in `/Users/vishseen/Developer/projects/nxt-vish-studio-v1/dataconnect`\n"}}
[debug] [2026-07-08T21:42:37.569Z] E0709 01:42:37.569258   21780 watch.go:40] Failed to load config from "/Users/vishseen/Developer/projects/nxt-vish-studio-v1/dataconnect": could not find dataconnect.yaml in `/Users/vishseen/Developer/projects/nxt-vish-studio-v1/dataconnect`
 {"metadata":{"emulator":{"name":"dataconnect"},"message":"E0709 01:42:37.569258   21780 watch.go:40] Failed to load config from \"/Users/vishseen/Developer/projects/nxt-vish-studio-v1/dataconnect\": could not find dataconnect.yaml in `/Users/vishseen/Developer/projects/nxt-vish-studio-v1/dataconnect`\n"}}
[debug] [2026-07-08T21:42:47.569Z] E0709 01:42:47.569131   21780 watch.go:40] Failed to load config from "/Users/vishseen/Developer/projects/nxt-vish-studio-v1/dataconnect": could not find dataconnect.yaml in `/Users/vishseen/Developer/projects/nxt-vish-studio-v1/dataconnect`
 {"metadata":{"emulator":{"name":"dataconnect"},"message":"E0709 01:42:47.569131   21780 watch.go:40] Failed to load config from \"/Users/vishseen/Developer/projects/nxt-vish-studio-v1/dataconnect\": could not find dataconnect.yaml in `/Users/vishseen/Developer/projects/nxt-vish-studio-v1/dataconnect`\n"}}
[debug] [2026-07-08T21:42:57.569Z] E0709 01:42:57.569079   21780 watch.go:40] Failed to load config from "/Users/vishseen/Developer/projects/nxt-vish-studio-v1/dataconnect": could not find dataconnect.yaml in `/Users/vishseen/Developer/projects/nxt-vish-studio-v1/dataconnect`
 {"metadata":{"emulator":{"name":"dataconnect"},"message":"E0709 01:42:57.569079   21780 watch.go:40] Failed to load config from \"/Users/vishseen/Developer/projects/nxt-vish-studio-v1/dataconnect\": could not find dataconnect.yaml in `/Users/vishseen/Developer/projects/nxt-vish-studio-v1/dataconnect`\n"}}
[debug] [2026-07-08T21:42:57.569Z] E0709 01:42:57.569083   21780 watch.go:116] watchAllDir unable to walk dir `/Users/vishseen/Developer/projects/nxt-vish-studio-v1/dataconnect`: lstat /Users/vishseen/Developer/projects/nxt-vish-studio-v1/dataconnect: no such file or directory
 {"metadata":{"emulator":{"name":"dataconnect"},"message":"E0709 01:42:57.569083   21780 watch.go:116] watchAllDir unable to walk dir `/Users/vishseen/Developer/projects/nxt-vish-studio-v1/dataconnect`: lstat /Users/vishseen/Developer/projects/nxt-vish-studio-v1/dataconnect: no such file or directory\n"}}
[debug] [2026-07-08T21:43:07.569Z] E0709 01:43:07.569307   21780 watch.go:40] Failed to load config from "/Users/vishseen/Developer/projects/nxt-vish-studio-v1/dataconnect": could not find dataconnect.yaml in `/Users/vishseen/Developer/projects/nxt-vish-studio-v1/dataconnect`
 {"metadata":{"emulator":{"name":"dataconnect"},"message":"E0709 01:43:07.569307   21780 watch.go:40] Failed to load config from \"/Users/vishseen/Developer/projects/nxt-vish-studio-v1/dataconnect\": could not find dataconnect.yaml in `/Users/vishseen/Developer/projects/nxt-vish-studio-v1/dataconnect`\n"}}
[debug] [2026-07-08T21:43:17.569Z] E0709 01:43:17.569218   21780 watch.go:40] Failed to load config from "/Users/vishseen/Developer/projects/nxt-vish-studio-v1/dataconnect": could not find dataconnect.yaml in `/Users/vishseen/Developer/projects/nxt-vish-studio-v1/dataconnect`
 {"metadata":{"emulator":{"name":"dataconnect"},"message":"E0709 01:43:17.569218   21780 watch.go:40] Failed to load config from \"/Users/vishseen/Developer/projects/nxt-vish-studio-v1/dataconnect\": could not find dataconnect.yaml in `/Users/vishseen/Developer/projects/nxt-vish-studio-v1/dataconnect`\n"}}
[debug] [2026-07-08T21:43:27.569Z] E0709 01:43:27.568872   21780 watch.go:40] Failed to load config from "/Users/vishseen/Developer/projects/nxt-vish-studio-v1/dataconnect": could not find dataconnect.yaml in `/Users/vishseen/Developer/projects/nxt-vish-studio-v1/dataconnect`
 {"metadata":{"emulator":{"name":"dataconnect"},"message":"E0709 01:43:27.568872   21780 watch.go:40] Failed to load config from \"/Users/vishseen/Developer/projects/nxt-vish-studio-v1/dataconnect\": could not find dataconnect.yaml in `/Users/vishseen/Developer/projects/nxt-vish-studio-v1/dataconnect`\n"}}
[debug] [2026-07-08T21:43:37.570Z] E0709 01:43:37.570088   21780 watch.go:40] Failed to load config from "/Users/vishseen/Developer/projects/nxt-vish-studio-v1/dataconnect": could not find dataconnect.yaml in `/Users/vishseen/Developer/projects/nxt-vish-studio-v1/dataconnect`
 {"metadata":{"emulator":{"name":"dataconnect"},"message":"E0709 01:43:37.570088   21780 watch.go:40] Failed to load config from \"/Users/vishseen/Developer/projects/nxt-vish-studio-v1/dataconnect\": could not find dataconnect.yaml in `/Users/vishseen/Developer/projects/nxt-vish-studio-v1/dataconnect`\n"}}
[debug] [2026-07-08T21:43:47.570Z] E0709 01:43:47.569665   21780 watch.go:40] Failed to load config from "/Users/vishseen/Developer/projects/nxt-vish-studio-v1/dataconnect": could not find dataconnect.yaml in `/Users/vishseen/Developer/projects/nxt-vish-studio-v1/dataconnect`
 {"metadata":{"emulator":{"name":"dataconnect"},"message":"E0709 01:43:47.569665   21780 watch.go:40] Failed to load config from \"/Users/vishseen/Developer/projects/nxt-vish-studio-v1/dataconnect\": could not find dataconnect.yaml in `/Users/vishseen/Developer/projects/nxt-vish-studio-v1/dataconnect`\n"}}
[debug] [2026-07-08T21:43:57.570Z] E0709 01:43:57.569237   21780 watch.go:116] watchAllDir unable to walk dir `/Users/vishseen/Developer/projects/nxt-vish-studio-v1/dataconnect`: lstat /Users/vishseen/Developer/projects/nxt-vish-studio-v1/dataconnect: no such file or directory
 {"metadata":{"emulator":{"name":"dataconnect"},"message":"E0709 01:43:57.569237   21780 watch.go:116] watchAllDir unable to walk dir `/Users/vishseen/Developer/projects/nxt-vish-studio-v1/dataconnect`: lstat /Users/vishseen/Developer/projects/nxt-vish-studio-v1/dataconnect: no such file or directory\n"}}
[debug] [2026-07-08T21:43:57.572Z] E0709 01:43:57.569985   21780 watch.go:40] Failed to load config from "/Users/vishseen/Developer/projects/nxt-vish-studio-v1/dataconnect": could not find dataconnect.yaml in `/Users/vishseen/Developer/projects/nxt-vish-studio-v1/dataconnect`
 {"metadata":{"emulator":{"name":"dataconnect"},"message":"E0709 01:43:57.569985   21780 watch.go:40] Failed to load config from \"/Users/vishseen/Developer/projects/nxt-vish-studio-v1/dataconnect\": could not find dataconnect.yaml in `/Users/vishseen/Developer/projects/nxt-vish-studio-v1/dataconnect`\n"}}
[debug] [2026-07-08T21:44:07.570Z] E0709 01:44:07.569731   21780 watch.go:40] Failed to load config from "/Users/vishseen/Developer/projects/nxt-vish-studio-v1/dataconnect": could not find dataconnect.yaml in `/Users/vishseen/Developer/projects/nxt-vish-studio-v1/dataconnect`
 {"metadata":{"emulator":{"name":"dataconnect"},"message":"E0709 01:44:07.569731   21780 watch.go:40] Failed to load config from \"/Users/vishseen/Developer/projects/nxt-vish-studio-v1/dataconnect\": could not find dataconnect.yaml in `/Users/vishseen/Developer/projects/nxt-vish-studio-v1/dataconnect`\n"}}
[debug] [2026-07-08T21:44:17.569Z] E0709 01:44:17.569253   21780 watch.go:40] Failed to load config from "/Users/vishseen/Developer/projects/nxt-vish-studio-v1/dataconnect": could not find dataconnect.yaml in `/Users/vishseen/Developer/projects/nxt-vish-studio-v1/dataconnect`
 {"metadata":{"emulator":{"name":"dataconnect"},"message":"E0709 01:44:17.569253   21780 watch.go:40] Failed to load config from \"/Users/vishseen/Developer/projects/nxt-vish-studio-v1/dataconnect\": could not find dataconnect.yaml in `/Users/vishseen/Developer/projects/nxt-vish-studio-v1/dataconnect`\n"}}
[debug] [2026-07-08T21:44:27.569Z] E0709 01:44:27.569461   21780 watch.go:40] Failed to load config from "/Users/vishseen/Developer/projects/nxt-vish-studio-v1/dataconnect": could not find dataconnect.yaml in `/Users/vishseen/Developer/projects/nxt-vish-studio-v1/dataconnect`
 {"metadata":{"emulator":{"name":"dataconnect"},"message":"E0709 01:44:27.569461   21780 watch.go:40] Failed to load config from \"/Users/vishseen/Developer/projects/nxt-vish-studio-v1/dataconnect\": could not find dataconnect.yaml in `/Users/vishseen/Developer/projects/nxt-vish-studio-v1/dataconnect`\n"}}
[debug] [2026-07-08T21:44:37.569Z] E0709 01:44:37.569474   21780 watch.go:40] Failed to load config from "/Users/vishseen/Developer/projects/nxt-vish-studio-v1/dataconnect": could not find dataconnect.yaml in `/Users/vishseen/Developer/projects/nxt-vish-studio-v1/dataconnect`
 {"metadata":{"emulator":{"name":"dataconnect"},"message":"E0709 01:44:37.569474   21780 watch.go:40] Failed to load config from \"/Users/vishseen/Developer/projects/nxt-vish-studio-v1/dataconnect\": could not find dataconnect.yaml in `/Users/vishseen/Developer/projects/nxt-vish-studio-v1/dataconnect`\n"}}
[debug] [2026-07-08T21:44:47.569Z] E0709 01:44:47.569475   21780 watch.go:40] Failed to load config from "/Users/vishseen/Developer/projects/nxt-vish-studio-v1/dataconnect": could not find dataconnect.yaml in `/Users/vishseen/Developer/projects/nxt-vish-studio-v1/dataconnect`
 {"metadata":{"emulator":{"name":"dataconnect"},"message":"E0709 01:44:47.569475   21780 watch.go:40] Failed to load config from \"/Users/vishseen/Developer/projects/nxt-vish-studio-v1/dataconnect\": could not find dataconnect.yaml in `/Users/vishseen/Developer/projects/nxt-vish-studio-v1/dataconnect`\n"}}
[debug] [2026-07-08T21:44:57.570Z] E0709 01:44:57.569609   21780 watch.go:116] watchAllDir unable to walk dir `/Users/vishseen/Developer/projects/nxt-vish-studio-v1/dataconnect`: lstat /Users/vishseen/Developer/projects/nxt-vish-studio-v1/dataconnect: no such file or directory
E0709 01:44:57.569638   21780 watch.go:40] Failed to load config from "/Users/vishseen/Developer/projects/nxt-vish-studio-v1/dataconnect": could not find dataconnect.yaml in `/Users/vishseen/Developer/projects/nxt-vish-studio-v1/dataconnect`
 {"metadata":{"emulator":{"name":"dataconnect"},"message":"E0709 01:44:57.569609   21780 watch.go:116] watchAllDir unable to walk dir `/Users/vishseen/Developer/projects/nxt-vish-studio-v1/dataconnect`: lstat /Users/vishseen/Developer/projects/nxt-vish-studio-v1/dataconnect: no such file or directory\nE0709 01:44:57.569638   21780 watch.go:40] Failed to load config from \"/Users/vishseen/Developer/projects/nxt-vish-studio-v1/dataconnect\": could not find dataconnect.yaml in `/Users/vishseen/Developer/projects/nxt-vish-studio-v1/dataconnect`\n"}}
[debug] [2026-07-08T21:45:07.569Z] E0709 01:45:07.569447   21780 watch.go:40] Failed to load config from "/Users/vishseen/Developer/projects/nxt-vish-studio-v1/dataconnect": could not find dataconnect.yaml in `/Users/vishseen/Developer/projects/nxt-vish-studio-v1/dataconnect`
 {"metadata":{"emulator":{"name":"dataconnect"},"message":"E0709 01:45:07.569447   21780 watch.go:40] Failed to load config from \"/Users/vishseen/Developer/projects/nxt-vish-studio-v1/dataconnect\": could not find dataconnect.yaml in `/Users/vishseen/Developer/projects/nxt-vish-studio-v1/dataconnect`\n"}}
[debug] [2026-07-08T21:45:17.569Z] E0709 01:45:17.569511   21780 watch.go:40] Failed to load config from "/Users/vishseen/Developer/projects/nxt-vish-studio-v1/dataconnect": could not find dataconnect.yaml in `/Users/vishseen/Developer/projects/nxt-vish-studio-v1/dataconnect`
 {"metadata":{"emulator":{"name":"dataconnect"},"message":"E0709 01:45:17.569511   21780 watch.go:40] Failed to load config from \"/Users/vishseen/Developer/projects/nxt-vish-studio-v1/dataconnect\": could not find dataconnect.yaml in `/Users/vishseen/Developer/projects/nxt-vish-studio-v1/dataconnect`\n"}}
[debug] [2026-07-08T21:45:27.570Z] E0709 01:45:27.569785   21780 watch.go:40] Failed to load config from "/Users/vishseen/Developer/projects/nxt-vish-studio-v1/dataconnect": could not find dataconnect.yaml in `/Users/vishseen/Developer/projects/nxt-vish-studio-v1/dataconnect`
 {"metadata":{"emulator":{"name":"dataconnect"},"message":"E0709 01:45:27.569785   21780 watch.go:40] Failed to load config from \"/Users/vishseen/Developer/projects/nxt-vish-studio-v1/dataconnect\": could not find dataconnect.yaml in `/Users/vishseen/Developer/projects/nxt-vish-studio-v1/dataconnect`\n"}}
[debug] [2026-07-08T21:45:37.570Z] E0709 01:45:37.569885   21780 watch.go:40] Failed to load config from "/Users/vishseen/Developer/projects/nxt-vish-studio-v1/dataconnect": could not find dataconnect.yaml in `/Users/vishseen/Developer/projects/nxt-vish-studio-v1/dataconnect`
 {"metadata":{"emulator":{"name":"dataconnect"},"message":"E0709 01:45:37.569885   21780 watch.go:40] Failed to load config from \"/Users/vishseen/Developer/projects/nxt-vish-studio-v1/dataconnect\": could not find dataconnect.yaml in `/Users/vishseen/Developer/projects/nxt-vish-studio-v1/dataconnect`\n"}}
[debug] [2026-07-08T21:45:47.569Z] E0709 01:45:47.568761   21780 watch.go:40] Failed to load config from "/Users/vishseen/Developer/projects/nxt-vish-studio-v1/dataconnect": could not find dataconnect.yaml in `/Users/vishseen/Developer/projects/nxt-vish-studio-v1/dataconnect`
 {"metadata":{"emulator":{"name":"dataconnect"},"message":"E0709 01:45:47.568761   21780 watch.go:40] Failed to load config from \"/Users/vishseen/Developer/projects/nxt-vish-studio-v1/dataconnect\": could not find dataconnect.yaml in `/Users/vishseen/Developer/projects/nxt-vish-studio-v1/dataconnect`\n"}}
[debug] [2026-07-08T21:45:57.569Z] E0709 01:45:57.569631   21780 watch.go:116] watchAllDir unable to walk dir `/Users/vishseen/Developer/projects/nxt-vish-studio-v1/dataconnect`: lstat /Users/vishseen/Developer/projects/nxt-vish-studio-v1/dataconnect: no such file or directory
E0709 01:45:57.569709   21780 watch.go:40] Failed to load config from "/Users/vishseen/Developer/projects/nxt-vish-studio-v1/dataconnect": could not find dataconnect.yaml in `/Users/vishseen/Developer/projects/nxt-vish-studio-v1/dataconnect`
 {"metadata":{"emulator":{"name":"dataconnect"},"message":"E0709 01:45:57.569631   21780 watch.go:116] watchAllDir unable to walk dir `/Users/vishseen/Developer/projects/nxt-vish-studio-v1/dataconnect`: lstat /Users/vishseen/Developer/projects/nxt-vish-studio-v1/dataconnect: no such file or directory\nE0709 01:45:57.569709   21780 watch.go:40] Failed to load config from \"/Users/vishseen/Developer/projects/nxt-vish-studio-v1/dataconnect\": could not find dataconnect.yaml in `/Users/vishseen/Developer/projects/nxt-vish-studio-v1/dataconnect`\n"}}
[debug] [2026-07-08T21:46:07.573Z] E0709 01:46:07.573021   21780 watch.go:40] Failed to load config from "/Users/vishseen/Developer/projects/nxt-vish-studio-v1/dataconnect": could not find dataconnect.yaml in `/Users/vishseen/Developer/projects/nxt-vish-studio-v1/dataconnect`
 {"metadata":{"emulator":{"name":"dataconnect"},"message":"E0709 01:46:07.573021   21780 watch.go:40] Failed to load config from \"/Users/vishseen/Developer/projects/nxt-vish-studio-v1/dataconnect\": could not find dataconnect.yaml in `/Users/vishseen/Developer/projects/nxt-vish-studio-v1/dataconnect`\n"}}
[debug] [2026-07-08T21:46:17.569Z] E0709 01:46:17.569240   21780 watch.go:40] Failed to load config from "/Users/vishseen/Developer/projects/nxt-vish-studio-v1/dataconnect": could not find dataconnect.yaml in `/Users/vishseen/Developer/projects/nxt-vish-studio-v1/dataconnect`
 {"metadata":{"emulator":{"name":"dataconnect"},"message":"E0709 01:46:17.569240   21780 watch.go:40] Failed to load config from \"/Users/vishseen/Developer/projects/nxt-vish-studio-v1/dataconnect\": could not find dataconnect.yaml in `/Users/vishseen/Developer/projects/nxt-vish-studio-v1/dataconnect`\n"}}
[debug] [2026-07-08T21:46:27.569Z] E0709 01:46:27.569578   21780 watch.go:40] Failed to load config from "/Users/vishseen/Developer/projects/nxt-vish-studio-v1/dataconnect": could not find dataconnect.yaml in `/Users/vishseen/Developer/projects/nxt-vish-studio-v1/dataconnect`
 {"metadata":{"emulator":{"name":"dataconnect"},"message":"E0709 01:46:27.569578   21780 watch.go:40] Failed to load config from \"/Users/vishseen/Developer/projects/nxt-vish-studio-v1/dataconnect\": could not find dataconnect.yaml in `/Users/vishseen/Developer/projects/nxt-vish-studio-v1/dataconnect`\n"}}
[debug] [2026-07-08T21:46:37.570Z] E0709 01:46:37.569948   21780 watch.go:40] Failed to load config from "/Users/vishseen/Developer/projects/nxt-vish-studio-v1/dataconnect": could not find dataconnect.yaml in `/Users/vishseen/Developer/projects/nxt-vish-studio-v1/dataconnect`
 {"metadata":{"emulator":{"name":"dataconnect"},"message":"E0709 01:46:37.569948   21780 watch.go:40] Failed to load config from \"/Users/vishseen/Developer/projects/nxt-vish-studio-v1/dataconnect\": could not find dataconnect.yaml in `/Users/vishseen/Developer/projects/nxt-vish-studio-v1/dataconnect`\n"}}
[debug] [2026-07-08T21:46:47.570Z] E0709 01:46:47.569746   21780 watch.go:40] Failed to load config from "/Users/vishseen/Developer/projects/nxt-vish-studio-v1/dataconnect": could not find dataconnect.yaml in `/Users/vishseen/Developer/projects/nxt-vish-studio-v1/dataconnect`
 {"metadata":{"emulator":{"name":"dataconnect"},"message":"E0709 01:46:47.569746   21780 watch.go:40] Failed to load config from \"/Users/vishseen/Developer/projects/nxt-vish-studio-v1/dataconnect\": could not find dataconnect.yaml in `/Users/vishseen/Developer/projects/nxt-vish-studio-v1/dataconnect`\n"}}
[debug] [2026-07-08T21:46:57.570Z] E0709 01:46:57.569789   21780 watch.go:40] Failed to load config from "/Users/vishseen/Developer/projects/nxt-vish-studio-v1/dataconnect": could not find dataconnect.yaml in `/Users/vishseen/Developer/projects/nxt-vish-studio-v1/dataconnect`
E0709 01:46:57.569770   21780 watch.go:116] watchAllDir unable to walk dir `/Users/vishseen/Developer/projects/nxt-vish-studio-v1/dataconnect`: lstat /Users/vishseen/Developer/projects/nxt-vish-studio-v1/dataconnect: no such file or directory
 {"metadata":{"emulator":{"name":"dataconnect"},"message":"E0709 01:46:57.569789   21780 watch.go:40] Failed to load config from \"/Users/vishseen/Developer/projects/nxt-vish-studio-v1/dataconnect\": could not find dataconnect.yaml in `/Users/vishseen/Developer/projects/nxt-vish-studio-v1/dataconnect`\nE0709 01:46:57.569770   21780 watch.go:116] watchAllDir unable to walk dir `/Users/vishseen/Developer/projects/nxt-vish-studio-v1/dataconnect`: lstat /Users/vishseen/Developer/projects/nxt-vish-studio-v1/dataconnect: no such file or directory\n"}}
[debug] [2026-07-08T21:47:07.570Z] E0709 01:47:07.569915   21780 watch.go:40] Failed to load config from "/Users/vishseen/Developer/projects/nxt-vish-studio-v1/dataconnect": could not find dataconnect.yaml in `/Users/vishseen/Developer/projects/nxt-vish-studio-v1/dataconnect`
 {"metadata":{"emulator":{"name":"dataconnect"},"message":"E0709 01:47:07.569915   21780 watch.go:40] Failed to load config from \"/Users/vishseen/Developer/projects/nxt-vish-studio-v1/dataconnect\": could not find dataconnect.yaml in `/Users/vishseen/Developer/projects/nxt-vish-studio-v1/dataconnect`\n"}}
[debug] [2026-07-08T21:47:17.569Z] E0709 01:47:17.569766   21780 watch.go:40] Failed to load config from "/Users/vishseen/Developer/projects/nxt-vish-studio-v1/dataconnect": could not find dataconnect.yaml in `/Users/vishseen/Developer/projects/nxt-vish-studio-v1/dataconnect`
 {"metadata":{"emulator":{"name":"dataconnect"},"message":"E0709 01:47:17.569766   21780 watch.go:40] Failed to load config from \"/Users/vishseen/Developer/projects/nxt-vish-studio-v1/dataconnect\": could not find dataconnect.yaml in `/Users/vishseen/Developer/projects/nxt-vish-studio-v1/dataconnect`\n"}}
[debug] [2026-07-08T21:47:27.579Z] E0709 01:47:27.579677   21780 watch.go:40] Failed to load config from "/Users/vishseen/Developer/projects/nxt-vish-studio-v1/dataconnect": could not find dataconnect.yaml in `/Users/vishseen/Developer/projects/nxt-vish-studio-v1/dataconnect`
 {"metadata":{"emulator":{"name":"dataconnect"},"message":"E0709 01:47:27.579677   21780 watch.go:40] Failed to load config from \"/Users/vishseen/Developer/projects/nxt-vish-studio-v1/dataconnect\": could not find dataconnect.yaml in `/Users/vishseen/Developer/projects/nxt-vish-studio-v1/dataconnect`\n"}}
[debug] [2026-07-08T21:47:37.588Z] E0709 01:47:37.588115   21780 watch.go:40] Failed to load config from "/Users/vishseen/Developer/projects/nxt-vish-studio-v1/dataconnect": could not find dataconnect.yaml in `/Users/vishseen/Developer/projects/nxt-vish-studio-v1/dataconnect`
 {"metadata":{"emulator":{"name":"dataconnect"},"message":"E0709 01:47:37.588115   21780 watch.go:40] Failed to load config from \"/Users/vishseen/Developer/projects/nxt-vish-studio-v1/dataconnect\": could not find dataconnect.yaml in `/Users/vishseen/Developer/projects/nxt-vish-studio-v1/dataconnect`\n"}}
[debug] [2026-07-08T21:47:47.592Z] E0709 01:47:47.592510   21780 watch.go:40] Failed to load config from "/Users/vishseen/Developer/projects/nxt-vish-studio-v1/dataconnect": could not find dataconnect.yaml in `/Users/vishseen/Developer/projects/nxt-vish-studio-v1/dataconnect`
 {"metadata":{"emulator":{"name":"dataconnect"},"message":"E0709 01:47:47.592510   21780 watch.go:40] Failed to load config from \"/Users/vishseen/Developer/projects/nxt-vish-studio-v1/dataconnect\": could not find dataconnect.yaml in `/Users/vishseen/Developer/projects/nxt-vish-studio-v1/dataconnect`\n"}}
[debug] [2026-07-08T21:47:57.596Z] E0709 01:47:57.594780   21780 watch.go:40] Failed to load config from "/Users/vishseen/Developer/projects/nxt-vish-studio-v1/dataconnect": could not find dataconnect.yaml in `/Users/vishseen/Developer/projects/nxt-vish-studio-v1/dataconnect`
E0709 01:47:57.594739   21780 watch.go:116] watchAllDir unable to walk dir `/Users/vishseen/Developer/projects/nxt-vish-studio-v1/dataconnect`: lstat /Users/vishseen/Developer/projects/nxt-vish-studio-v1/dataconnect: no such file or directory
 {"metadata":{"emulator":{"name":"dataconnect"},"message":"E0709 01:47:57.594780   21780 watch.go:40] Failed to load config from \"/Users/vishseen/Developer/projects/nxt-vish-studio-v1/dataconnect\": could not find dataconnect.yaml in `/Users/vishseen/Developer/projects/nxt-vish-studio-v1/dataconnect`\nE0709 01:47:57.594739   21780 watch.go:116] watchAllDir unable to walk dir `/Users/vishseen/Developer/projects/nxt-vish-studio-v1/dataconnect`: lstat /Users/vishseen/Developer/projects/nxt-vish-studio-v1/dataconnect: no such file or directory\n"}}
[debug] [2026-07-08T21:48:07.596Z] E0709 01:48:07.596165   21780 watch.go:40] Failed to load config from "/Users/vishseen/Developer/projects/nxt-vish-studio-v1/dataconnect": could not find dataconnect.yaml in `/Users/vishseen/Developer/projects/nxt-vish-studio-v1/dataconnect`
 {"metadata":{"emulator":{"name":"dataconnect"},"message":"E0709 01:48:07.596165   21780 watch.go:40] Failed to load config from \"/Users/vishseen/Developer/projects/nxt-vish-studio-v1/dataconnect\": could not find dataconnect.yaml in `/Users/vishseen/Developer/projects/nxt-vish-studio-v1/dataconnect`\n"}}
[debug] [2026-07-08T21:48:17.597Z] E0709 01:48:17.596783   21780 watch.go:40] Failed to load config from "/Users/vishseen/Developer/projects/nxt-vish-studio-v1/dataconnect": could not find dataconnect.yaml in `/Users/vishseen/Developer/projects/nxt-vish-studio-v1/dataconnect`
 {"metadata":{"emulator":{"name":"dataconnect"},"message":"E0709 01:48:17.596783   21780 watch.go:40] Failed to load config from \"/Users/vishseen/Developer/projects/nxt-vish-studio-v1/dataconnect\": could not find dataconnect.yaml in `/Users/vishseen/Developer/projects/nxt-vish-studio-v1/dataconnect`\n"}}
[debug] [2026-07-08T21:48:27.597Z] E0709 01:48:27.597150   21780 watch.go:40] Failed to load config from "/Users/vishseen/Developer/projects/nxt-vish-studio-v1/dataconnect": could not find dataconnect.yaml in `/Users/vishseen/Developer/projects/nxt-vish-studio-v1/dataconnect`
 {"metadata":{"emulator":{"name":"dataconnect"},"message":"E0709 01:48:27.597150   21780 watch.go:40] Failed to load config from \"/Users/vishseen/Developer/projects/nxt-vish-studio-v1/dataconnect\": could not find dataconnect.yaml in `/Users/vishseen/Developer/projects/nxt-vish-studio-v1/dataconnect`\n"}}
[debug] [2026-07-08T21:48:37.597Z] E0709 01:48:37.597466   21780 watch.go:40] Failed to load config from "/Users/vishseen/Developer/projects/nxt-vish-studio-v1/dataconnect": could not find dataconnect.yaml in `/Users/vishseen/Developer/projects/nxt-vish-studio-v1/dataconnect`
 {"metadata":{"emulator":{"name":"dataconnect"},"message":"E0709 01:48:37.597466   21780 watch.go:40] Failed to load config from \"/Users/vishseen/Developer/projects/nxt-vish-studio-v1/dataconnect\": could not find dataconnect.yaml in `/Users/vishseen/Developer/projects/nxt-vish-studio-v1/dataconnect`\n"}}
[debug] [2026-07-08T21:48:47.597Z] E0709 01:48:47.597517   21780 watch.go:40] Failed to load config from "/Users/vishseen/Developer/projects/nxt-vish-studio-v1/dataconnect": could not find dataconnect.yaml in `/Users/vishseen/Developer/projects/nxt-vish-studio-v1/dataconnect`
 {"metadata":{"emulator":{"name":"dataconnect"},"message":"E0709 01:48:47.597517   21780 watch.go:40] Failed to load config from \"/Users/vishseen/Developer/projects/nxt-vish-studio-v1/dataconnect\": could not find dataconnect.yaml in `/Users/vishseen/Developer/projects/nxt-vish-studio-v1/dataconnect`\n"}}
[debug] [2026-07-08T21:48:57.597Z] E0709 01:48:57.597632   21780 watch.go:40] Failed to load config from "/Users/vishseen/Developer/projects/nxt-vish-studio-v1/dataconnect": could not find dataconnect.yaml in `/Users/vishseen/Developer/projects/nxt-vish-studio-v1/dataconnect`
 {"metadata":{"emulator":{"name":"dataconnect"},"message":"E0709 01:48:57.597632   21780 watch.go:40] Failed to load config from \"/Users/vishseen/Developer/projects/nxt-vish-studio-v1/dataconnect\": could not find dataconnect.yaml in `/Users/vishseen/Developer/projects/nxt-vish-studio-v1/dataconnect`\n"}}
[debug] [2026-07-08T21:48:57.599Z] E0709 01:48:57.597559   21780 watch.go:116] watchAllDir unable to walk dir `/Users/vishseen/Developer/projects/nxt-vish-studio-v1/dataconnect`: lstat /Users/vishseen/Developer/projects/nxt-vish-studio-v1/dataconnect: no such file or directory
 {"metadata":{"emulator":{"name":"dataconnect"},"message":"E0709 01:48:57.597559   21780 watch.go:116] watchAllDir unable to walk dir `/Users/vishseen/Developer/projects/nxt-vish-studio-v1/dataconnect`: lstat /Users/vishseen/Developer/projects/nxt-vish-studio-v1/dataconnect: no such file or directory\n"}}
[debug] [2026-07-08T21:49:07.598Z] E0709 01:49:07.597754   21780 watch.go:40] Failed to load config from "/Users/vishseen/Developer/projects/nxt-vish-studio-v1/dataconnect": could not find dataconnect.yaml in `/Users/vishseen/Developer/projects/nxt-vish-studio-v1/dataconnect`
 {"metadata":{"emulator":{"name":"dataconnect"},"message":"E0709 01:49:07.597754   21780 watch.go:40] Failed to load config from \"/Users/vishseen/Developer/projects/nxt-vish-studio-v1/dataconnect\": could not find dataconnect.yaml in `/Users/vishseen/Developer/projects/nxt-vish-studio-v1/dataconnect`\n"}}
[debug] [2026-07-08T21:49:17.598Z] E0709 01:49:17.597775   21780 watch.go:40] Failed to load config from "/Users/vishseen/Developer/projects/nxt-vish-studio-v1/dataconnect": could not find dataconnect.yaml in `/Users/vishseen/Developer/projects/nxt-vish-studio-v1/dataconnect`
 {"metadata":{"emulator":{"name":"dataconnect"},"message":"E0709 01:49:17.597775   21780 watch.go:40] Failed to load config from \"/Users/vishseen/Developer/projects/nxt-vish-studio-v1/dataconnect\": could not find dataconnect.yaml in `/Users/vishseen/Developer/projects/nxt-vish-studio-v1/dataconnect`\n"}}
[debug] [2026-07-08T21:49:27.598Z] E0709 01:49:27.597778   21780 watch.go:40] Failed to load config from "/Users/vishseen/Developer/projects/nxt-vish-studio-v1/dataconnect": could not find dataconnect.yaml in `/Users/vishseen/Developer/projects/nxt-vish-studio-v1/dataconnect`
 {"metadata":{"emulator":{"name":"dataconnect"},"message":"E0709 01:49:27.597778   21780 watch.go:40] Failed to load config from \"/Users/vishseen/Developer/projects/nxt-vish-studio-v1/dataconnect\": could not find dataconnect.yaml in `/Users/vishseen/Developer/projects/nxt-vish-studio-v1/dataconnect`\n"}}
[debug] [2026-07-08T21:49:37.598Z] E0709 01:49:37.597952   21780 watch.go:40] Failed to load config from "/Users/vishseen/Developer/projects/nxt-vish-studio-v1/dataconnect": could not find dataconnect.yaml in `/Users/vishseen/Developer/projects/nxt-vish-studio-v1/dataconnect`
 {"metadata":{"emulator":{"name":"dataconnect"},"message":"E0709 01:49:37.597952   21780 watch.go:40] Failed to load config from \"/Users/vishseen/Developer/projects/nxt-vish-studio-v1/dataconnect\": could not find dataconnect.yaml in `/Users/vishseen/Developer/projects/nxt-vish-studio-v1/dataconnect`\n"}}
[debug] [2026-07-08T21:49:47.598Z] E0709 01:49:47.597902   21780 watch.go:40] Failed to load config from "/Users/vishseen/Developer/projects/nxt-vish-studio-v1/dataconnect": could not find dataconnect.yaml in `/Users/vishseen/Developer/projects/nxt-vish-studio-v1/dataconnect`
 {"metadata":{"emulator":{"name":"dataconnect"},"message":"E0709 01:49:47.597902   21780 watch.go:40] Failed to load config from \"/Users/vishseen/Developer/projects/nxt-vish-studio-v1/dataconnect\": could not find dataconnect.yaml in `/Users/vishseen/Developer/projects/nxt-vish-studio-v1/dataconnect`\n"}}
[debug] [2026-07-08T21:49:57.597Z] E0709 01:49:57.597258   21780 watch.go:116] watchAllDir unable to walk dir `/Users/vishseen/Developer/projects/nxt-vish-studio-v1/dataconnect`: lstat /Users/vishseen/Developer/projects/nxt-vish-studio-v1/dataconnect: no such file or directory
E0709 01:49:57.597294   21780 watch.go:40] Failed to load config from "/Users/vishseen/Developer/projects/nxt-vish-studio-v1/dataconnect": could not find dataconnect.yaml in `/Users/vishseen/Developer/projects/nxt-vish-studio-v1/dataconnect`
 {"metadata":{"emulator":{"name":"dataconnect"},"message":"E0709 01:49:57.597258   21780 watch.go:116] watchAllDir unable to walk dir `/Users/vishseen/Developer/projects/nxt-vish-studio-v1/dataconnect`: lstat /Users/vishseen/Developer/projects/nxt-vish-studio-v1/dataconnect: no such file or directory\nE0709 01:49:57.597294   21780 watch.go:40] Failed to load config from \"/Users/vishseen/Developer/projects/nxt-vish-studio-v1/dataconnect\": could not find dataconnect.yaml in `/Users/vishseen/Developer/projects/nxt-vish-studio-v1/dataconnect`\n"}}
[debug] [2026-07-08T21:50:07.598Z] E0709 01:50:07.597971   21780 watch.go:40] Failed to load config from "/Users/vishseen/Developer/projects/nxt-vish-studio-v1/dataconnect": could not find dataconnect.yaml in `/Users/vishseen/Developer/projects/nxt-vish-studio-v1/dataconnect`
 {"metadata":{"emulator":{"name":"dataconnect"},"message":"E0709 01:50:07.597971   21780 watch.go:40] Failed to load config from \"/Users/vishseen/Developer/projects/nxt-vish-studio-v1/dataconnect\": could not find dataconnect.yaml in `/Users/vishseen/Developer/projects/nxt-vish-studio-v1/dataconnect`\n"}}
[debug] [2026-07-08T21:50:17.598Z] E0709 01:50:17.598054   21780 watch.go:40] Failed to load config from "/Users/vishseen/Developer/projects/nxt-vish-studio-v1/dataconnect": could not find dataconnect.yaml in `/Users/vishseen/Developer/projects/nxt-vish-studio-v1/dataconnect`
 {"metadata":{"emulator":{"name":"dataconnect"},"message":"E0709 01:50:17.598054   21780 watch.go:40] Failed to load config from \"/Users/vishseen/Developer/projects/nxt-vish-studio-v1/dataconnect\": could not find dataconnect.yaml in `/Users/vishseen/Developer/projects/nxt-vish-studio-v1/dataconnect`\n"}}
[debug] [2026-07-08T21:50:27.597Z] E0709 01:50:27.597479   21780 watch.go:40] Failed to load config from "/Users/vishseen/Developer/projects/nxt-vish-studio-v1/dataconnect": could not find dataconnect.yaml in `/Users/vishseen/Developer/projects/nxt-vish-studio-v1/dataconnect`
 {"metadata":{"emulator":{"name":"dataconnect"},"message":"E0709 01:50:27.597479   21780 watch.go:40] Failed to load config from \"/Users/vishseen/Developer/projects/nxt-vish-studio-v1/dataconnect\": could not find dataconnect.yaml in `/Users/vishseen/Developer/projects/nxt-vish-studio-v1/dataconnect`\n"}}
[debug] [2026-07-08T21:50:37.598Z] E0709 01:50:37.598133   21780 watch.go:40] Failed to load config from "/Users/vishseen/Developer/projects/nxt-vish-studio-v1/dataconnect": could not find dataconnect.yaml in `/Users/vishseen/Developer/projects/nxt-vish-studio-v1/dataconnect`
 {"metadata":{"emulator":{"name":"dataconnect"},"message":"E0709 01:50:37.598133   21780 watch.go:40] Failed to load config from \"/Users/vishseen/Developer/projects/nxt-vish-studio-v1/dataconnect\": could not find dataconnect.yaml in `/Users/vishseen/Developer/projects/nxt-vish-studio-v1/dataconnect`\n"}}
[debug] [2026-07-08T21:50:47.598Z] E0709 01:50:47.598209   21780 watch.go:40] Failed to load config from "/Users/vishseen/Developer/projects/nxt-vish-studio-v1/dataconnect": could not find dataconnect.yaml in `/Users/vishseen/Developer/projects/nxt-vish-studio-v1/dataconnect`
 {"metadata":{"emulator":{"name":"dataconnect"},"message":"E0709 01:50:47.598209   21780 watch.go:40] Failed to load config from \"/Users/vishseen/Developer/projects/nxt-vish-studio-v1/dataconnect\": could not find dataconnect.yaml in `/Users/vishseen/Developer/projects/nxt-vish-studio-v1/dataconnect`\n"}}
[debug] [2026-07-08T21:50:57.597Z] E0709 01:50:57.597216   21780 watch.go:40] Failed to load config from "/Users/vishseen/Developer/projects/nxt-vish-studio-v1/dataconnect": could not find dataconnect.yaml in `/Users/vishseen/Developer/projects/nxt-vish-studio-v1/dataconnect`
E0709 01:50:57.597199   21780 watch.go:116] watchAllDir unable to walk dir `/Users/vishseen/Developer/projects/nxt-vish-studio-v1/dataconnect`: lstat /Users/vishseen/Developer/projects/nxt-vish-studio-v1/dataconnect: no such file or directory
 {"metadata":{"emulator":{"name":"dataconnect"},"message":"E0709 01:50:57.597216   21780 watch.go:40] Failed to load config from \"/Users/vishseen/Developer/projects/nxt-vish-studio-v1/dataconnect\": could not find dataconnect.yaml in `/Users/vishseen/Developer/projects/nxt-vish-studio-v1/dataconnect`\nE0709 01:50:57.597199   21780 watch.go:116] watchAllDir unable to walk dir `/Users/vishseen/Developer/projects/nxt-vish-studio-v1/dataconnect`: lstat /Users/vishseen/Developer/projects/nxt-vish-studio-v1/dataconnect: no such file or directory\n"}}
[debug] [2026-07-08T21:51:07.598Z] E0709 01:51:07.598141   21780 watch.go:40] Failed to load config from "/Users/vishseen/Developer/projects/nxt-vish-studio-v1/dataconnect": could not find dataconnect.yaml in `/Users/vishseen/Developer/projects/nxt-vish-studio-v1/dataconnect`
 {"metadata":{"emulator":{"name":"dataconnect"},"message":"E0709 01:51:07.598141   21780 watch.go:40] Failed to load config from \"/Users/vishseen/Developer/projects/nxt-vish-studio-v1/dataconnect\": could not find dataconnect.yaml in `/Users/vishseen/Developer/projects/nxt-vish-studio-v1/dataconnect`\n"}}
[debug] [2026-07-08T21:51:17.598Z] E0709 01:51:17.598291   21780 watch.go:40] Failed to load config from "/Users/vishseen/Developer/projects/nxt-vish-studio-v1/dataconnect": could not find dataconnect.yaml in `/Users/vishseen/Developer/projects/nxt-vish-studio-v1/dataconnect`
 {"metadata":{"emulator":{"name":"dataconnect"},"message":"E0709 01:51:17.598291   21780 watch.go:40] Failed to load config from \"/Users/vishseen/Developer/projects/nxt-vish-studio-v1/dataconnect\": could not find dataconnect.yaml in `/Users/vishseen/Developer/projects/nxt-vish-studio-v1/dataconnect`\n"}}
[debug] [2026-07-08T21:51:27.598Z] E0709 01:51:27.598323   21780 watch.go:40] Failed to load config from "/Users/vishseen/Developer/projects/nxt-vish-studio-v1/dataconnect": could not find dataconnect.yaml in `/Users/vishseen/Developer/projects/nxt-vish-studio-v1/dataconnect`
 {"metadata":{"emulator":{"name":"dataconnect"},"message":"E0709 01:51:27.598323   21780 watch.go:40] Failed to load config from \"/Users/vishseen/Developer/projects/nxt-vish-studio-v1/dataconnect\": could not find dataconnect.yaml in `/Users/vishseen/Developer/projects/nxt-vish-studio-v1/dataconnect`\n"}}
[debug] [2026-07-08T21:51:37.598Z] E0709 01:51:37.598407   21780 watch.go:40] Failed to load config from "/Users/vishseen/Developer/projects/nxt-vish-studio-v1/dataconnect": could not find dataconnect.yaml in `/Users/vishseen/Developer/projects/nxt-vish-studio-v1/dataconnect`
 {"metadata":{"emulator":{"name":"dataconnect"},"message":"E0709 01:51:37.598407   21780 watch.go:40] Failed to load config from \"/Users/vishseen/Developer/projects/nxt-vish-studio-v1/dataconnect\": could not find dataconnect.yaml in `/Users/vishseen/Developer/projects/nxt-vish-studio-v1/dataconnect`\n"}}
[debug] [2026-07-08T21:51:47.599Z] E0709 01:51:47.599443   21780 watch.go:40] Failed to load config from "/Users/vishseen/Developer/projects/nxt-vish-studio-v1/dataconnect": could not find dataconnect.yaml in `/Users/vishseen/Developer/projects/nxt-vish-studio-v1/dataconnect`
 {"metadata":{"emulator":{"name":"dataconnect"},"message":"E0709 01:51:47.599443   21780 watch.go:40] Failed to load config from \"/Users/vishseen/Developer/projects/nxt-vish-studio-v1/dataconnect\": could not find dataconnect.yaml in `/Users/vishseen/Developer/projects/nxt-vish-studio-v1/dataconnect`\n"}}
[debug] [2026-07-08T21:51:57.600Z] E0709 01:51:57.598557   21780 watch.go:116] watchAllDir unable to walk dir `/Users/vishseen/Developer/projects/nxt-vish-studio-v1/dataconnect`: lstat /Users/vishseen/Developer/projects/nxt-vish-studio-v1/dataconnect: no such file or directory
 {"metadata":{"emulator":{"name":"dataconnect"},"message":"E0709 01:51:57.598557   21780 watch.go:116] watchAllDir unable to walk dir `/Users/vishseen/Developer/projects/nxt-vish-studio-v1/dataconnect`: lstat /Users/vishseen/Developer/projects/nxt-vish-studio-v1/dataconnect: no such file or directory\n"}}
[debug] [2026-07-08T21:51:57.601Z] E0709 01:51:57.600288   21780 watch.go:40] Failed to load config from "/Users/vishseen/Developer/projects/nxt-vish-studio-v1/dataconnect": could not find dataconnect.yaml in `/Users/vishseen/Developer/projects/nxt-vish-studio-v1/dataconnect`
 {"metadata":{"emulator":{"name":"dataconnect"},"message":"E0709 01:51:57.600288   21780 watch.go:40] Failed to load config from \"/Users/vishseen/Developer/projects/nxt-vish-studio-v1/dataconnect\": could not find dataconnect.yaml in `/Users/vishseen/Developer/projects/nxt-vish-studio-v1/dataconnect`\n"}}
[debug] [2026-07-08T21:52:07.598Z] E0709 01:52:07.598598   21780 watch.go:40] Failed to load config from "/Users/vishseen/Developer/projects/nxt-vish-studio-v1/dataconnect": could not find dataconnect.yaml in `/Users/vishseen/Developer/projects/nxt-vish-studio-v1/dataconnect`
 {"metadata":{"emulator":{"name":"dataconnect"},"message":"E0709 01:52:07.598598   21780 watch.go:40] Failed to load config from \"/Users/vishseen/Developer/projects/nxt-vish-studio-v1/dataconnect\": could not find dataconnect.yaml in `/Users/vishseen/Developer/projects/nxt-vish-studio-v1/dataconnect`\n"}}
[debug] [2026-07-08T21:52:17.598Z] E0709 01:52:17.598558   21780 watch.go:40] Failed to load config from "/Users/vishseen/Developer/projects/nxt-vish-studio-v1/dataconnect": could not find dataconnect.yaml in `/Users/vishseen/Developer/projects/nxt-vish-studio-v1/dataconnect`
 {"metadata":{"emulator":{"name":"dataconnect"},"message":"E0709 01:52:17.598558   21780 watch.go:40] Failed to load config from \"/Users/vishseen/Developer/projects/nxt-vish-studio-v1/dataconnect\": could not find dataconnect.yaml in `/Users/vishseen/Developer/projects/nxt-vish-studio-v1/dataconnect`\n"}}
[debug] [2026-07-08T21:52:27.598Z] E0709 01:52:27.598005   21780 watch.go:40] Failed to load config from "/Users/vishseen/Developer/projects/nxt-vish-studio-v1/dataconnect": could not find dataconnect.yaml in `/Users/vishseen/Developer/projects/nxt-vish-studio-v1/dataconnect`
 {"metadata":{"emulator":{"name":"dataconnect"},"message":"E0709 01:52:27.598005   21780 watch.go:40] Failed to load config from \"/Users/vishseen/Developer/projects/nxt-vish-studio-v1/dataconnect\": could not find dataconnect.yaml in `/Users/vishseen/Developer/projects/nxt-vish-studio-v1/dataconnect`\n"}}
[debug] [2026-07-08T21:52:37.598Z] E0709 01:52:37.598724   21780 watch.go:40] Failed to load config from "/Users/vishseen/Developer/projects/nxt-vish-studio-v1/dataconnect": could not find dataconnect.yaml in `/Users/vishseen/Developer/projects/nxt-vish-studio-v1/dataconnect`
 {"metadata":{"emulator":{"name":"dataconnect"},"message":"E0709 01:52:37.598724   21780 watch.go:40] Failed to load config from \"/Users/vishseen/Developer/projects/nxt-vish-studio-v1/dataconnect\": could not find dataconnect.yaml in `/Users/vishseen/Developer/projects/nxt-vish-studio-v1/dataconnect`\n"}}
[debug] [2026-07-08T21:52:47.599Z] E0709 01:52:47.598787   21780 watch.go:40] Failed to load config from "/Users/vishseen/Developer/projects/nxt-vish-studio-v1/dataconnect": could not find dataconnect.yaml in `/Users/vishseen/Developer/projects/nxt-vish-studio-v1/dataconnect`
 {"metadata":{"emulator":{"name":"dataconnect"},"message":"E0709 01:52:47.598787   21780 watch.go:40] Failed to load config from \"/Users/vishseen/Developer/projects/nxt-vish-studio-v1/dataconnect\": could not find dataconnect.yaml in `/Users/vishseen/Developer/projects/nxt-vish-studio-v1/dataconnect`\n"}}
[debug] [2026-07-08T21:52:57.598Z] E0709 01:52:57.598697   21780 watch.go:116] watchAllDir unable to walk dir `/Users/vishseen/Developer/projects/nxt-vish-studio-v1/dataconnect`: lstat /Users/vishseen/Developer/projects/nxt-vish-studio-v1/dataconnect: no such file or directory
E0709 01:52:57.598717   21780 watch.go:40] Failed to load config from "/Users/vishseen/Developer/projects/nxt-vish-studio-v1/dataconnect": could not find dataconnect.yaml in `/Users/vishseen/Developer/projects/nxt-vish-studio-v1/dataconnect`
 {"metadata":{"emulator":{"name":"dataconnect"},"message":"E0709 01:52:57.598697   21780 watch.go:116] watchAllDir unable to walk dir `/Users/vishseen/Developer/projects/nxt-vish-studio-v1/dataconnect`: lstat /Users/vishseen/Developer/projects/nxt-vish-studio-v1/dataconnect: no such file or directory\nE0709 01:52:57.598717   21780 watch.go:40] Failed to load config from \"/Users/vishseen/Developer/projects/nxt-vish-studio-v1/dataconnect\": could not find dataconnect.yaml in `/Users/vishseen/Developer/projects/nxt-vish-studio-v1/dataconnect`\n"}}
[debug] [2026-07-08T21:53:07.598Z] E0709 01:53:07.598779   21780 watch.go:40] Failed to load config from "/Users/vishseen/Developer/projects/nxt-vish-studio-v1/dataconnect": could not find dataconnect.yaml in `/Users/vishseen/Developer/projects/nxt-vish-studio-v1/dataconnect`
 {"metadata":{"emulator":{"name":"dataconnect"},"message":"E0709 01:53:07.598779   21780 watch.go:40] Failed to load config from \"/Users/vishseen/Developer/projects/nxt-vish-studio-v1/dataconnect\": could not find dataconnect.yaml in `/Users/vishseen/Developer/projects/nxt-vish-studio-v1/dataconnect`\n"}}
[debug] [2026-07-08T21:53:17.599Z] E0709 01:53:17.598879   21780 watch.go:40] Failed to load config from "/Users/vishseen/Developer/projects/nxt-vish-studio-v1/dataconnect": could not find dataconnect.yaml in `/Users/vishseen/Developer/projects/nxt-vish-studio-v1/dataconnect`
 {"metadata":{"emulator":{"name":"dataconnect"},"message":"E0709 01:53:17.598879   21780 watch.go:40] Failed to load config from \"/Users/vishseen/Developer/projects/nxt-vish-studio-v1/dataconnect\": could not find dataconnect.yaml in `/Users/vishseen/Developer/projects/nxt-vish-studio-v1/dataconnect`\n"}}
[debug] [2026-07-08T21:53:27.599Z] E0709 01:53:27.598864   21780 watch.go:40] Failed to load config from "/Users/vishseen/Developer/projects/nxt-vish-studio-v1/dataconnect": could not find dataconnect.yaml in `/Users/vishseen/Developer/projects/nxt-vish-studio-v1/dataconnect`
 {"metadata":{"emulator":{"name":"dataconnect"},"message":"E0709 01:53:27.598864   21780 watch.go:40] Failed to load config from \"/Users/vishseen/Developer/projects/nxt-vish-studio-v1/dataconnect\": could not find dataconnect.yaml in `/Users/vishseen/Developer/projects/nxt-vish-studio-v1/dataconnect`\n"}}
[debug] [2026-07-08T21:53:37.599Z] E0709 01:53:37.599023   21780 watch.go:40] Failed to load config from "/Users/vishseen/Developer/projects/nxt-vish-studio-v1/dataconnect": could not find dataconnect.yaml in `/Users/vishseen/Developer/projects/nxt-vish-studio-v1/dataconnect`
 {"metadata":{"emulator":{"name":"dataconnect"},"message":"E0709 01:53:37.599023   21780 watch.go:40] Failed to load config from \"/Users/vishseen/Developer/projects/nxt-vish-studio-v1/dataconnect\": could not find dataconnect.yaml in `/Users/vishseen/Developer/projects/nxt-vish-studio-v1/dataconnect`\n"}}
[debug] [2026-07-08T21:53:47.599Z] E0709 01:53:47.599273   21780 watch.go:40] Failed to load config from "/Users/vishseen/Developer/projects/nxt-vish-studio-v1/dataconnect": could not find dataconnect.yaml in `/Users/vishseen/Developer/projects/nxt-vish-studio-v1/dataconnect`
 {"metadata":{"emulator":{"name":"dataconnect"},"message":"E0709 01:53:47.599273   21780 watch.go:40] Failed to load config from \"/Users/vishseen/Developer/projects/nxt-vish-studio-v1/dataconnect\": could not find dataconnect.yaml in `/Users/vishseen/Developer/projects/nxt-vish-studio-v1/dataconnect`\n"}}
[debug] [2026-07-08T21:53:57.598Z] E0709 01:53:57.598180   21780 watch.go:40] Failed to load config from "/Users/vishseen/Developer/projects/nxt-vish-studio-v1/dataconnect": could not find dataconnect.yaml in `/Users/vishseen/Developer/projects/nxt-vish-studio-v1/dataconnect`
E0709 01:53:57.598217   21780 watch.go:116] watchAllDir unable to walk dir `/Users/vishseen/Developer/projects/nxt-vish-studio-v1/dataconnect`: lstat /Users/vishseen/Developer/projects/nxt-vish-studio-v1/dataconnect: no such file or directory
 {"metadata":{"emulator":{"name":"dataconnect"},"message":"E0709 01:53:57.598180   21780 watch.go:40] Failed to load config from \"/Users/vishseen/Developer/projects/nxt-vish-studio-v1/dataconnect\": could not find dataconnect.yaml in `/Users/vishseen/Developer/projects/nxt-vish-studio-v1/dataconnect`\nE0709 01:53:57.598217   21780 watch.go:116] watchAllDir unable to walk dir `/Users/vishseen/Developer/projects/nxt-vish-studio-v1/dataconnect`: lstat /Users/vishseen/Developer/projects/nxt-vish-studio-v1/dataconnect: no such file or directory\n"}}
[debug] [2026-07-08T21:54:07.600Z] E0709 01:54:07.599766   21780 watch.go:40] Failed to load config from "/Users/vishseen/Developer/projects/nxt-vish-studio-v1/dataconnect": could not find dataconnect.yaml in `/Users/vishseen/Developer/projects/nxt-vish-studio-v1/dataconnect`
 {"metadata":{"emulator":{"name":"dataconnect"},"message":"E0709 01:54:07.599766   21780 watch.go:40] Failed to load config from \"/Users/vishseen/Developer/projects/nxt-vish-studio-v1/dataconnect\": could not find dataconnect.yaml in `/Users/vishseen/Developer/projects/nxt-vish-studio-v1/dataconnect`\n"}}
[debug] [2026-07-08T21:54:17.599Z] E0709 01:54:17.599218   21780 watch.go:40] Failed to load config from "/Users/vishseen/Developer/projects/nxt-vish-studio-v1/dataconnect": could not find dataconnect.yaml in `/Users/vishseen/Developer/projects/nxt-vish-studio-v1/dataconnect`
 {"metadata":{"emulator":{"name":"dataconnect"},"message":"E0709 01:54:17.599218   21780 watch.go:40] Failed to load config from \"/Users/vishseen/Developer/projects/nxt-vish-studio-v1/dataconnect\": could not find dataconnect.yaml in `/Users/vishseen/Developer/projects/nxt-vish-studio-v1/dataconnect`\n"}}
[debug] [2026-07-08T21:54:27.599Z] E0709 01:54:27.599256   21780 watch.go:40] Failed to load config from "/Users/vishseen/Developer/projects/nxt-vish-studio-v1/dataconnect": could not find dataconnect.yaml in `/Users/vishseen/Developer/projects/nxt-vish-studio-v1/dataconnect`
 {"metadata":{"emulator":{"name":"dataconnect"},"message":"E0709 01:54:27.599256   21780 watch.go:40] Failed to load config from \"/Users/vishseen/Developer/projects/nxt-vish-studio-v1/dataconnect\": could not find dataconnect.yaml in `/Users/vishseen/Developer/projects/nxt-vish-studio-v1/dataconnect`\n"}}
[debug] [2026-07-08T21:54:37.599Z] E0709 01:54:37.598605   21780 watch.go:40] Failed to load config from "/Users/vishseen/Developer/projects/nxt-vish-studio-v1/dataconnect": could not find dataconnect.yaml in `/Users/vishseen/Developer/projects/nxt-vish-studio-v1/dataconnect`
 {"metadata":{"emulator":{"name":"dataconnect"},"message":"E0709 01:54:37.598605   21780 watch.go:40] Failed to load config from \"/Users/vishseen/Developer/projects/nxt-vish-studio-v1/dataconnect\": could not find dataconnect.yaml in `/Users/vishseen/Developer/projects/nxt-vish-studio-v1/dataconnect`\n"}}
[debug] [2026-07-08T21:54:47.599Z] E0709 01:54:47.599160   21780 watch.go:40] Failed to load config from "/Users/vishseen/Developer/projects/nxt-vish-studio-v1/dataconnect": could not find dataconnect.yaml in `/Users/vishseen/Developer/projects/nxt-vish-studio-v1/dataconnect`
 {"metadata":{"emulator":{"name":"dataconnect"},"message":"E0709 01:54:47.599160   21780 watch.go:40] Failed to load config from \"/Users/vishseen/Developer/projects/nxt-vish-studio-v1/dataconnect\": could not find dataconnect.yaml in `/Users/vishseen/Developer/projects/nxt-vish-studio-v1/dataconnect`\n"}}
[debug] [2026-07-08T21:54:57.599Z] E0709 01:54:57.599056   21780 watch.go:40] Failed to load config from "/Users/vishseen/Developer/projects/nxt-vish-studio-v1/dataconnect": could not find dataconnect.yaml in `/Users/vishseen/Developer/projects/nxt-vish-studio-v1/dataconnect`
E0709 01:54:57.599020   21780 watch.go:116] watchAllDir unable to walk dir `/Users/vishseen/Developer/projects/nxt-vish-studio-v1/dataconnect`: lstat /Users/vishseen/Developer/projects/nxt-vish-studio-v1/dataconnect: no such file or directory
 {"metadata":{"emulator":{"name":"dataconnect"},"message":"E0709 01:54:57.599056   21780 watch.go:40] Failed to load config from \"/Users/vishseen/Developer/projects/nxt-vish-studio-v1/dataconnect\": could not find dataconnect.yaml in `/Users/vishseen/Developer/projects/nxt-vish-studio-v1/dataconnect`\nE0709 01:54:57.599020   21780 watch.go:116] watchAllDir unable to walk dir `/Users/vishseen/Developer/projects/nxt-vish-studio-v1/dataconnect`: lstat /Users/vishseen/Developer/projects/nxt-vish-studio-v1/dataconnect: no such file or directory\n"}}
[debug] [2026-07-08T21:55:07.599Z] E0709 01:55:07.599373   21780 watch.go:40] Failed to load config from "/Users/vishseen/Developer/projects/nxt-vish-studio-v1/dataconnect": could not find dataconnect.yaml in `/Users/vishseen/Developer/projects/nxt-vish-studio-v1/dataconnect`
 {"metadata":{"emulator":{"name":"dataconnect"},"message":"E0709 01:55:07.599373   21780 watch.go:40] Failed to load config from \"/Users/vishseen/Developer/projects/nxt-vish-studio-v1/dataconnect\": could not find dataconnect.yaml in `/Users/vishseen/Developer/projects/nxt-vish-studio-v1/dataconnect`\n"}}
[debug] [2026-07-08T21:55:17.600Z] E0709 01:55:17.599445   21780 watch.go:40] Failed to load config from "/Users/vishseen/Developer/projects/nxt-vish-studio-v1/dataconnect": could not find dataconnect.yaml in `/Users/vishseen/Developer/projects/nxt-vish-studio-v1/dataconnect`
 {"metadata":{"emulator":{"name":"dataconnect"},"message":"E0709 01:55:17.599445   21780 watch.go:40] Failed to load config from \"/Users/vishseen/Developer/projects/nxt-vish-studio-v1/dataconnect\": could not find dataconnect.yaml in `/Users/vishseen/Developer/projects/nxt-vish-studio-v1/dataconnect`\n"}}
[debug] [2026-07-08T21:55:27.599Z] E0709 01:55:27.599409   21780 watch.go:40] Failed to load config from "/Users/vishseen/Developer/projects/nxt-vish-studio-v1/dataconnect": could not find dataconnect.yaml in `/Users/vishseen/Developer/projects/nxt-vish-studio-v1/dataconnect`
 {"metadata":{"emulator":{"name":"dataconnect"},"message":"E0709 01:55:27.599409   21780 watch.go:40] Failed to load config from \"/Users/vishseen/Developer/projects/nxt-vish-studio-v1/dataconnect\": could not find dataconnect.yaml in `/Users/vishseen/Developer/projects/nxt-vish-studio-v1/dataconnect`\n"}}
[debug] [2026-07-08T21:55:37.600Z] E0709 01:55:37.599512   21780 watch.go:40] Failed to load config from "/Users/vishseen/Developer/projects/nxt-vish-studio-v1/dataconnect": could not find dataconnect.yaml in `/Users/vishseen/Developer/projects/nxt-vish-studio-v1/dataconnect`
 {"metadata":{"emulator":{"name":"dataconnect"},"message":"E0709 01:55:37.599512   21780 watch.go:40] Failed to load config from \"/Users/vishseen/Developer/projects/nxt-vish-studio-v1/dataconnect\": could not find dataconnect.yaml in `/Users/vishseen/Developer/projects/nxt-vish-studio-v1/dataconnect`\n"}}
[debug] [2026-07-08T21:55:47.599Z] E0709 01:55:47.599606   21780 watch.go:40] Failed to load config from "/Users/vishseen/Developer/projects/nxt-vish-studio-v1/dataconnect": could not find dataconnect.yaml in `/Users/vishseen/Developer/projects/nxt-vish-studio-v1/dataconnect`
 {"metadata":{"emulator":{"name":"dataconnect"},"message":"E0709 01:55:47.599606   21780 watch.go:40] Failed to load config from \"/Users/vishseen/Developer/projects/nxt-vish-studio-v1/dataconnect\": could not find dataconnect.yaml in `/Users/vishseen/Developer/projects/nxt-vish-studio-v1/dataconnect`\n"}}
[debug] [2026-07-08T21:55:57.599Z] E0709 01:55:57.599239   21780 watch.go:116] watchAllDir unable to walk dir `/Users/vishseen/Developer/projects/nxt-vish-studio-v1/dataconnect`: lstat /Users/vishseen/Developer/projects/nxt-vish-studio-v1/dataconnect: no such file or directory
E0709 01:55:57.599292   21780 watch.go:40] Failed to load config from "/Users/vishseen/Developer/projects/nxt-vish-studio-v1/dataconnect": could not find dataconnect.yaml in `/Users/vishseen/Developer/projects/nxt-vish-studio-v1/dataconnect`
 {"metadata":{"emulator":{"name":"dataconnect"},"message":"E0709 01:55:57.599239   21780 watch.go:116] watchAllDir unable to walk dir `/Users/vishseen/Developer/projects/nxt-vish-studio-v1/dataconnect`: lstat /Users/vishseen/Developer/projects/nxt-vish-studio-v1/dataconnect: no such file or directory\nE0709 01:55:57.599292   21780 watch.go:40] Failed to load config from \"/Users/vishseen/Developer/projects/nxt-vish-studio-v1/dataconnect\": could not find dataconnect.yaml in `/Users/vishseen/Developer/projects/nxt-vish-studio-v1/dataconnect`\n"}}
[debug] [2026-07-08T21:56:07.599Z] E0709 01:56:07.599639   21780 watch.go:40] Failed to load config from "/Users/vishseen/Developer/projects/nxt-vish-studio-v1/dataconnect": could not find dataconnect.yaml in `/Users/vishseen/Developer/projects/nxt-vish-studio-v1/dataconnect`
 {"metadata":{"emulator":{"name":"dataconnect"},"message":"E0709 01:56:07.599639   21780 watch.go:40] Failed to load config from \"/Users/vishseen/Developer/projects/nxt-vish-studio-v1/dataconnect\": could not find dataconnect.yaml in `/Users/vishseen/Developer/projects/nxt-vish-studio-v1/dataconnect`\n"}}
[debug] [2026-07-08T21:56:17.600Z] E0709 01:56:17.600514   21780 watch.go:40] Failed to load config from "/Users/vishseen/Developer/projects/nxt-vish-studio-v1/dataconnect": could not find dataconnect.yaml in `/Users/vishseen/Developer/projects/nxt-vish-studio-v1/dataconnect`
 {"metadata":{"emulator":{"name":"dataconnect"},"message":"E0709 01:56:17.600514   21780 watch.go:40] Failed to load config from \"/Users/vishseen/Developer/projects/nxt-vish-studio-v1/dataconnect\": could not find dataconnect.yaml in `/Users/vishseen/Developer/projects/nxt-vish-studio-v1/dataconnect`\n"}}
[debug] [2026-07-08T21:56:27.599Z] E0709 01:56:27.599650   21780 watch.go:40] Failed to load config from "/Users/vishseen/Developer/projects/nxt-vish-studio-v1/dataconnect": could not find dataconnect.yaml in `/Users/vishseen/Developer/projects/nxt-vish-studio-v1/dataconnect`
 {"metadata":{"emulator":{"name":"dataconnect"},"message":"E0709 01:56:27.599650   21780 watch.go:40] Failed to load config from \"/Users/vishseen/Developer/projects/nxt-vish-studio-v1/dataconnect\": could not find dataconnect.yaml in `/Users/vishseen/Developer/projects/nxt-vish-studio-v1/dataconnect`\n"}}
